#
# Compatibility version : 4.3
# File ID : FJ3892
# Representation ID : BP29071
# Build-up logic : FMA 3.0 is_a
# Concept ID : FMA52941
# English name : Right anterior superior alveolar nerve
# Bounds(mm): (-30.364900,-175.301500,1466.583100)-(-4.494600,-152.999900,1499.252700)
# Volume(cm3): 0.016000
#
v -30.3214 -153.576 1498.94
v -30.2472 -153.658 1498.82
v -30.1798 -153.724 1498.94
v -30.26 -153.621 1499.04
v -30.2617 -153.571 1499.09
v -30.1478 -153.677 1499.07
v -30.1696 -153.565 1499.16
v -30.2884 -153.46 1498.72
v -30.2833 -153.295 1498.73
v -30.1832 -153.389 1498.61
v -30.1416 -153.222 1498.65
v -30.3512 -153.437 1498.83
v -30.36 -153.435 1498.93
v -30.337 -153.42 1499.03
v -30.3348 -153.384 1498.78
v -30.351 -153.334 1498.93
v -30.3266 -153.321 1499.02
v -30.3345 -153.288 1498.87
v -30.3191 -153.523 1499.03
v -30.3012 -153.226 1498.96
v -30.2652 -153.468 1499.13
v -30.2685 -153.324 1499.12
v -30.2592 -153.224 1499.07
v -30.2684 -153.187 1498.82
v -30.2194 -153.369 1499.18
v -30.1711 -153.165 1499.11
v -30.1734 -153.267 1499.18
v -30.128 -153.46 1499.22
v -30.1235 -153.361 1499.23
v -30.071 -153.167 1499.17
v -30.1719 -153.098 1499.01
v -30.1709 -153.09 1498.82
v -30.1761 -153.079 1498.91
v -30.0753 -153.098 1499.11
v -30.0707 -153.06 1498.76
v -30.0739 -153.027 1498.86
v -30.0772 -153.031 1498.96
v -29.6787 -154.03 1498.85
v -29.9105 -153.991 1498.6
v -30.0036 -153.637 1499.15
v -29.7756 -153.172 1499.14
v -29.7037 -153.244 1499.11
v -29.6934 -153.183 1499.06
v -29.6732 -153.526 1499.11
v -30.0298 -153.513 1499.22
v -30.0213 -153.368 1499.25
v -30.0284 -153.264 1499.23
v -29.8993 -153.534 1499.2
v -29.929 -153.266 1499.23
v -29.9286 -153.169 1499.19
v -29.8732 -153.363 1499.23
v -29.8709 -153.217 1499.2
v -29.7645 -153.284 1499.17
v -29.9043 -153.098 1498.69
v -30.0255 -153.046 1499.05
v -29.977 -153.005 1498.96
v -29.9307 -153.075 1499.11
v -29.9275 -153.007 1498.85
v -29.9257 -153.018 1499.01
v -29.8756 -153.01 1498.95
v -29.8301 -153.121 1499.13
v -29.8083 -153.073 1498.75
v -29.8302 -153.06 1499.05
v -29.8244 -153.025 1498.86
v -29.7744 -153.093 1499.06
v -29.7775 -153.048 1498.96
v -29.7017 -153.11 1498.95
v -29.6847 -153.123 1498.83
v -29.6126 -154.133 1498.19
v -29.5744 -154.269 1498.57
v -29.4916 -154.025 1498.85
v -29.6243 -153.827 1498.2
v -29.3709 -153.835 1498.1
v -29.3777 -153.928 1498.86
v -29.3874 -153.669 1498.91
v -29.4953 -153.43 1498.44
v -29.4864 -153.343 1498.58
v -29.5204 -153.309 1498.9
v -29.4054 -153.486 1498.88
v -29.1203 -154.782 1497.98
v -29.0141 -154.782 1498.13
v -29.1013 -154.71 1497.72
v -28.9595 -154.63 1498.31
v -29.2419 -154.439 1498.5
v -29.1682 -154.303 1498.6
v -28.9766 -154.298 1498.52
v -29.1078 -153.968 1498.68
v -29.0967 -153.742 1498.6
v -29.032 -153.899 1498.6
v -29.089 -153.697 1498.48
v -28.4739 -155.249 1497.67
v -28.6314 -154.867 1498.05
v -28.7988 -154.744 1497.37
v -28.6567 -154.679 1497.31
v -28.776 -154.614 1498.27
v -28.6229 -154.571 1498.2
v -28.8098 -154.23 1497.7
v -28.7413 -154.114 1497.87
v -28.8251 -154.306 1498.42
v -28.8111 -153.974 1498.12
v -28.5808 -154.38 1498.17
v -28.6487 -154.195 1498.18
v -28.5581 -154.23 1497.96
v -28.2211 -155.718 1496.71
v -28.3853 -155.294 1496.85
v -28.2995 -155.665 1496.99
v -28.387 -155.498 1497.32
v -28.2063 -155.598 1497.26
v -28.1283 -155.443 1497.43
v -28.1308 -154.986 1496.88
v -28.2889 -154.98 1497.81
v -28.2371 -154.877 1497.8
v -28.1194 -154.859 1497.66
v -28.2204 -154.606 1497.42
v -28.1521 -154.707 1497.64
v -27.589 -156.34 1495.71
v -27.7142 -156.142 1496.6
v -27.963 -155.821 1496.27
v -27.8873 -155.815 1497.01
v -27.7227 -155.831 1496.94
v -27.9355 -155.351 1496.48
v -27.6641 -155.319 1497.08
v -27.9786 -155.406 1497.38
v -27.8437 -155.271 1497.32
v -28.0341 -154.899 1497
v -27.7957 -155.044 1497.01
v -27.8321 -155.01 1497.17
v -27.6512 -155.241 1497.01
v -27.4806 -156.579 1495.88
v -27.3614 -156.658 1495.86
v -27.2539 -156.596 1496.01
v -27.2894 -156.184 1495.43
v -27.5646 -156.489 1495.79
v -27.3901 -156.331 1496.35
v -27.3561 -156.181 1496.47
v -27.3381 -155.696 1496.01
v -27.5358 -155.828 1496.83
v -27.3741 -155.755 1496.69
v -27.3167 -155.582 1496.44
v -26.9514 -157.188 1494.7
v -26.9123 -157.274 1494.83
v -26.9003 -156.787 1494.67
v -27.13 -156.848 1495.65
v -26.9817 -156.533 1495.95
v -26.8986 -156.286 1495.97
v -27.2093 -156.14 1496.39
v -27.2333 -155.739 1495.99
v -27.1592 -155.83 1496.34
v -26.6331 -157.488 1494.71
v -26.7486 -157.209 1494.28
v -26.7724 -157.166 1495.21
v -26.7851 -156.943 1495.47
v -26.4524 -156.785 1495.24
v -26.465 -156.604 1495.18
v -26.6792 -156.756 1495.54
v -26.7896 -156.386 1495.05
v -26.5566 -156.557 1494.84
v -26.6789 -156.422 1495.61
v -25.9964 -158.252 1492.79
v -26.1303 -157.935 1493.1
v -26.4337 -157.808 1494.16
v -26.0685 -158.002 1493.95
v -26.1378 -157.703 1493.26
v -26.3343 -157.736 1494.36
v -26.4147 -157.494 1494.71
v -26.2619 -157.513 1494.61
v -26.1274 -157.314 1493.67
v -26.176 -156.934 1494.43
v -26.3311 -157.211 1494.92
v -26.2165 -157.212 1494.79
v -26.3076 -156.765 1494.82
v -26.246 -156.939 1494.87
v -25.8739 -158.573 1492.73
v -25.9744 -158.243 1493.57
v -25.6368 -158.315 1493.37
v -25.9728 -157.976 1493.95
v -25.8592 -157.935 1493.92
v -25.8465 -157.777 1494.03
v -25.6278 -157.725 1493.71
v -25.7553 -157.721 1493.94
v -25.8946 -157.421 1493.52
v -25.871 -157.35 1494.14
v -26.0007 -157.315 1494.43
v -25.3246 -159.286 1491.63
v -25.3492 -159.252 1491.51
v -25.3792 -159.177 1491.91
v -25.5294 -158.882 1492.5
v -25.3009 -159.072 1492.21
v -25.4978 -158.686 1492.84
v -25.5279 -158.503 1491.97
v -25.4535 -158.038 1492.51
v -25.316 -158.11 1492.43
v -25.6435 -157.989 1492.62
v -25.3338 -157.998 1492.73
v -25.5677 -157.696 1493.49
v -24.873 -159.85 1490.3
v -24.8772 -159.89 1490.43
v -25.1011 -159.28 1490.85
v -25.0241 -159.26 1491.87
v -25.0279 -158.907 1491.11
v -25.1751 -158.934 1492.37
v -25.0753 -158.889 1492.33
v -24.9347 -158.713 1491.38
v -25.1176 -158.302 1492.61
v -25.0395 -158.365 1492.34
v -25.2219 -158.56 1492.76
v -25.0983 -158.436 1492.61
v -24.656 -159.997 1490.59
v -24.5031 -160.003 1490.57
v -24.628 -159.598 1491.19
v -24.7237 -159.565 1490.11
v -24.4933 -159.269 1491.26
v -24.7104 -159.187 1491.66
v -24.7398 -158.844 1491.2
v -24.667 -158.938 1491.65
v -24.162 -160.692 1488.45
v -24.2803 -160.677 1488.81
v -24.301 -160.682 1489.01
v -24.4755 -160.429 1489.6
v -24.0661 -160.585 1489.51
v -24.0976 -160.421 1489.77
v -24.3704 -159.756 1489.58
v -24.2856 -159.664 1489.69
v -24.1019 -159.901 1490.29
v -23.9917 -160.96 1488.8
v -23.7628 -160.727 1487.82
v -23.8837 -160.741 1487.94
v -23.7806 -160.866 1488.94
v -23.7234 -160.696 1489.17
v -23.7801 -160.444 1488.25
v -23.7659 -160.163 1488.83
v -23.8636 -160.47 1489.57
v -23.7858 -160.389 1489.61
v -23.8142 -159.943 1489.4
v -23.8479 -159.982 1489.78
v -23.8583 -159.898 1489.63
v -23.4988 -160.233 1489.15
v -23.7718 -160.153 1489.7
v -23.5884 -161.65 1487.34
v -23.4405 -161.758 1487.25
v -23.3603 -161.717 1487.37
v -23.2706 -161.677 1487.42
v -23.557 -161.383 1488.02
v -23.2686 -161.253 1487.97
v -23.3282 -161.146 1488.16
v -23.2754 -161.158 1488.07
v -23.2754 -161.113 1488.17
v -23.2754 -161.106 1488.11
v -23.3767 -160.995 1488.57
v -23.3704 -160.628 1488.1
v -23.3754 -160.547 1488.28
v -23.584 -160.918 1488.71
v -23.3866 -160.437 1488.44
v -22.9344 -162.343 1485.1
v -22.943 -162.516 1485.11
v -22.9359 -162.577 1485.29
v -23.242 -161.555 1487.58
v -23.0783 -161.554 1487.41
v -22.9424 -161.243 1486.94
v -22.8436 -161.321 1487.36
v -22.9754 -161.086 1487.55
v -23.2254 -161.216 1487.94
v -23.1782 -161.167 1487.92
v -23.1509 -161.222 1487.82
v -23.1232 -161.277 1487.72
v -23.1254 -161.225 1487.76
v -23.1254 -161.19 1487.82
v -23.1254 -161.212 1487.87
v -23.0805 -161.18 1487.67
v -23.096 -161.03 1487.66
v -23.0754 -161.241 1487.77
v -23.0754 -161.209 1487.72
v -23.0702 -161.18 1487.67
v -23.0754 -161.179 1487.68
v -23.0754 -161.13 1487.66
v -23.0693 -161.13 1487.67
v -23.0754 -161.071 1487.61
v -23.0657 -161.08 1487.66
v -22.9401 -161.347 1487.6
v -23.0254 -161.202 1487.62
v -23.0254 -160.98 1487.65
v -22.9141 -161.321 1487.49
v -23.2254 -161.139 1488.02
v -23.2254 -161.147 1488.07
v -23.2254 -161.153 1488.12
v -23.1754 -161.18 1487.97
v -23.1387 -161.217 1488.01
v -23.1202 -160.976 1487.63
v -23.1254 -160.924 1487.78
v -22.7001 -162.805 1485.07
v -22.7704 -162.599 1485.55
v -22.7267 -162.545 1485.66
v -22.4749 -162.354 1485.69
v -22.7663 -162.128 1485.08
v -22.5099 -162.128 1484.98
v -22.8217 -162.187 1486.32
v -22.7969 -161.726 1486.8
v -22.168 -163.651 1482.89
v -22.1187 -163.688 1483.07
v -22.1895 -163.558 1482.85
v -22.1234 -163.544 1483.51
v -22.1227 -163.444 1483.73
v -22.1254 -162.583 1484.77
v -22.2495 -162.328 1485.1
v -22.1696 -162.639 1484.87
v -22.1107 -161.847 1487
v -22.2903 -161.185 1487.24
v -21.9415 -163.681 1482.18
v -21.8384 -163.424 1482.38
v -21.7209 -163.136 1483.3
v -21.8137 -163.332 1483.59
v -22.0456 -163.251 1484.02
v -21.8375 -163.062 1483.13
v -21.8847 -162.921 1483.97
v -21.9918 -162.742 1483.87
v -21.9607 -161.725 1487
v -21.2742 -164.918 1479.95
v -21.2026 -164.895 1479.68
v -21.2551 -164.545 1480.13
v -21.492 -164.498 1481.36
v -21.5037 -164.389 1481.63
v -21.4999 -164.183 1482.03
v -21.4854 -163.949 1482.37
v -21.3515 -163.94 1482.13
v -21.5895 -163.471 1482.99
v -21.3003 -162.641 1485.29
v -21.3515 -162.533 1485.25
v -21.294 -162.487 1485.14
v -21.5529 -161.871 1485.88
v -21.4185 -161.963 1486.2
v -20.8965 -165.221 1479.69
v -21.1476 -165.11 1479.8
v -20.9535 -164.727 1480.56
v -20.8908 -164.599 1480.53
v -21.0881 -164.417 1480.21
v -20.9596 -164.414 1480.29
v -20.9998 -164.323 1480.91
v -21.1111 -164.114 1481.09
v -21.2784 -162.647 1485.48
v -20.9472 -162.441 1485.53
v -20.5777 -165.35 1478.17
v -20.744 -165.201 1479.61
v -20.6332 -162.546 1484.91
v -20.7125 -162.488 1484.86
v -20.3013 -166.266 1477.18
v -20.3695 -166.171 1476.8
v -20.3562 -165.959 1476.96
v -20.3738 -165.476 1477.86
v -20.2404 -165.597 1477.64
v -20.4033 -165.846 1478.16
v -20.3839 -165.608 1478.5
v -20.2692 -165.638 1478.21
v -19.9359 -166.91 1475.28
v -19.9034 -166.939 1475.45
v -19.8754 -166.428 1475.68
v -19.7399 -166.546 1476.11
v -19.9081 -166.43 1476.59
v -20.052 -165.903 1477.38
v -19.9596 -163.704 1483.27
v -19.96 -163.734 1483.41
v -19.6922 -163.339 1483.42
v -19.3154 -167.831 1473.17
v -19.4615 -167.548 1473.98
v -19.3679 -167.348 1474.36
v -19.6211 -167.237 1474.1
v -19.4536 -166.9 1474.62
v -19.6198 -167.131 1475.03
v -19.4769 -166.895 1475.1
v -19.5856 -166.638 1475.38
v -19.3419 -164.093 1482.28
v -19.0135 -168.177 1472.36
v -19.1424 -167.495 1473.7
v -19.1814 -167.344 1473.87
v -19.086 -164.471 1482.07
v -19.3515 -163.905 1482.39
v -19.02 -164.473 1481.82
v -19.2522 -164.302 1482.5
v -19.4371 -163.707 1482.66
v -19.193 -163.837 1482.44
v -19.3114 -163.711 1483.03
v -18.5831 -168.957 1470.06
v -18.5341 -168.945 1469.82
v -18.5754 -168.636 1470.34
v -18.7741 -168.598 1471.22
v -18.7012 -168.605 1471.22
v -18.6596 -168.214 1471.52
v -18.7494 -168.44 1471.61
v -18.7348 -168.237 1471.91
v -18.6271 -168.336 1471.5
v -18.7702 -168.102 1471.65
v -18.6992 -164.653 1481.91
v -18.6021 -164.652 1481.95
v -18.5254 -164.713 1481.75
v -18.4754 -164.721 1481.8
v -18.9406 -164.387 1482.4
v -18.4887 -164.398 1481.68
v -18.7969 -164.137 1481.98
v -18.5967 -164.252 1481.87
v -18.9405 -164.213 1482.53
v -18.8745 -164.18 1482.41
v -18.788 -164.198 1482.26
v -18.7135 -164.161 1482.11
v -18.7207 -164.192 1482.16
v -18.6939 -164.285 1482.19
v -18.0649 -169.59 1467.98
v -18.2602 -169.284 1469.37
v -18.3874 -168.872 1470.31
v -18.2342 -164.709 1480.95
v -18.3754 -164.753 1481.58
v -18.3516 -164.555 1481.54
v -18.3254 -164.734 1481.6
v -18.3254 -164.554 1481.56
v -18.2754 -164.657 1481.52
v -18.2941 -164.528 1481.99
v -18.361 -164.433 1481.65
v -17.7802 -170.177 1466.78
v -17.7704 -170.183 1466.67
v -17.7405 -170.144 1466.61
v -17.7704 -170.079 1466.7
v -17.7245 -170.229 1466.67
v -17.7406 -170.189 1466.84
v -17.7242 -170.191 1466.61
v -17.7223 -170.143 1466.6
v -17.7242 -170.094 1466.61
v -17.7297 -170.047 1466.68
v -17.6754 -170.205 1466.62
v -17.6741 -170.237 1466.67
v -17.69 -170.212 1466.78
v -17.6754 -170.146 1466.59
v -17.6773 -170.097 1466.59
v -17.8667 -170.007 1467.34
v -17.6798 -170.034 1466.67
v -17.8726 -170.018 1467.07
v -17.6953 -169.938 1466.93
v -17.9705 -169.808 1467.5
v -17.9542 -169.913 1467.51
v -17.8281 -169.844 1467.2
v -18.0483 -169.745 1467.8
v -17.9984 -169.602 1468.42
v -18.0061 -169.486 1468.11
v -17.966 -169.435 1468.29
v -17.9526 -165.359 1480.15
v -17.8861 -165.516 1480.12
v -17.6359 -165.593 1480.25
v -17.9254 -165.271 1480.14
v -17.8564 -165.175 1480.18
v -17.7449 -165.099 1480.39
v -17.7013 -165.142 1480.43
v -17.7527 -164.977 1481.24
v -17.6802 -164.941 1481.18
v -17.8102 -164.901 1481.67
v -17.7019 -165.082 1481.41
v -17.7678 -164.808 1481.68
v -17.8353 -164.621 1481.64
v -17.8308 -164.676 1481.69
v -17.6275 -170.216 1466.66
v -17.6382 -170.194 1466.77
v -17.6256 -170.146 1466.6
v -17.6287 -170.094 1466.6
v -17.5795 -170.143 1466.67
v -17.5829 -170.094 1466.67
v -17.6361 -170.04 1466.98
v -17.6285 -170.04 1466.67
v -17.6719 -169.926 1467.12
v -17.4267 -165.955 1479.58
v -17.4763 -165.182 1481.16
v -17.4035 -164.969 1481.04
v -17.3496 -165.198 1481.31
v -17.5187 -164.809 1481.19
v -17.5183 -164.755 1481.31
v -17.1448 -166.226 1478.95
v -17.1643 -166.151 1478.91
v -17.1282 -166.057 1478.86
v -17.0518 -165.871 1479.01
v -17.0277 -165.831 1479.1
v -17.2765 -165.758 1479.82
v -17.0688 -165.836 1479.5
v -17.1217 -165.016 1481.25
v -17.0051 -165.01 1481.07
v -16.4948 -166.87 1477.86
v -16.5984 -166.271 1478.69
v -16.7428 -166.083 1478.8
v -16.511 -165.371 1480.49
v -16.4754 -165.614 1480.44
v -16.72 -165.362 1480.58
v -16.7917 -165.4 1481.02
v -16.8247 -165.309 1481.08
v -16.4712 -165.3 1480.58
v -16.7399 -165.278 1481.03
v -16.1395 -167.226 1477.48
v -16.0716 -167.166 1477.61
v -16.293 -167.004 1477.46
v -16.4104 -166.686 1477.75
v -16.2007 -166.666 1477.78
v -16.3853 -166.724 1478.27
v -16.3233 -166.652 1478.24
v -16.2901 -166.617 1477.81
v -16.2213 -165.792 1480.5
v -16.0903 -165.873 1480.27
v -16.1112 -165.642 1480.61
v -16.3661 -165.356 1480.72
v -16.2219 -165.503 1480.68
v -15.6993 -167.712 1476.47
v -15.8791 -167.142 1476.97
v -15.8974 -167.255 1477.41
v -15.9139 -166.965 1477.42
v -15.9674 -167.105 1477.59
v -15.882 -165.58 1480.3
v -15.3677 -167.976 1475.84
v -15.2393 -167.992 1476.22
v -15.6239 -167.326 1476.72
v -15.5863 -167.366 1476.91
v -15.4254 -166.105 1479.67
v -15.4136 -166.034 1479.67
v -15.6021 -166.01 1480.19
v -15.4764 -165.933 1480.15
v -15.4544 -165.83 1480.07
v -15.0443 -168.495 1475.35
v -15.0968 -168.373 1475.67
v -15.1709 -168.288 1475.48
v -15.0465 -168.175 1475.4
v -14.9707 -168.165 1475.4
v -14.924 -168.15 1475.47
v -14.8869 -168.173 1475.57
v -15.1768 -167.946 1476.18
v -15.187 -167.803 1476.08
v -14.9267 -166.482 1479.49
v -14.9035 -166.433 1479.61
v -15.1673 -166.022 1479.59
v -14.5071 -169.147 1474.22
v -14.5754 -169.065 1474.56
v -14.4724 -168.865 1474.8
v -14.6348 -168.558 1475.15
v -14.6085 -168.53 1474.95
v -14.5321 -168.636 1474.9
v -14.5611 -166.664 1479.08
v -14.4338 -166.566 1478.91
v -14.6274 -166.568 1479.07
v -14.8052 -166.365 1479.63
v -14.711 -166.276 1479.55
v -14.8118 -166.159 1479.55
v -14.249 -169.307 1473.76
v -14.1029 -169.593 1473.81
v -14.0668 -169.309 1473.98
v -14.071 -169.274 1473.86
v -14.2548 -169.037 1474.15
v -14.0825 -166.815 1479.01
v -14.3468 -166.504 1478.91
v -14.3204 -166.535 1479.26
v -13.8766 -170.056 1473.06
v -13.9021 -170.023 1472.99
v -13.8327 -170.024 1472.82
v -13.754 -169.831 1472.97
v -13.9125 -169.735 1473.56
v -14.0109 -169.523 1473.41
v -13.8628 -169.684 1473.54
v -14.0377 -166.587 1478.83
v -13.8724 -166.849 1478.88
v -13.7894 -166.803 1478.81
v -13.7034 -166.791 1478.68
v -13.4011 -170.59 1471.94
v -13.5511 -170.58 1472.27
v -13.5112 -170.616 1472.08
v -13.3351 -170.657 1472.23
v -13.4754 -170.58 1472.02
v -13.4544 -170.301 1472.33
v -13.5547 -170.5 1472.48
v -13.5695 -170.189 1472.46
v -13.4671 -170.329 1472.63
v -13.4605 -170.235 1472.62
v -13.5373 -170.11 1472.64
v -13.6408 -169.922 1472.97
v -13.544 -167.178 1478.18
v -13.5131 -167.096 1478.14
v -13.2945 -167.394 1478.09
v -13.2897 -167.143 1477.99
v -13.3968 -167.065 1478.48
v -13.1494 -171.281 1471.26
v -13.0165 -171.422 1470.88
v -12.9629 -171.165 1471.17
v -12.8789 -171.283 1471.1
v -13.1947 -171.156 1471.53
v -13.0409 -171.315 1471.35
v -12.9272 -171.301 1471.27
v -13.1443 -170.91 1471.48
v -13.2027 -170.669 1471.89
v -13.158 -170.746 1471.87
v -13.1717 -167.43 1478.12
v -13.0764 -167.186 1478.17
v -13.0269 -167.207 1477.87
v -12.9136 -167.24 1477.95
v -12.5385 -172.552 1469.49
v -12.5498 -172.566 1469.56
v -12.5465 -172.062 1470.02
v -12.766 -172.06 1470.22
v -12.7754 -171.959 1470.21
v -12.6729 -172.024 1470.38
v -12.5416 -172.018 1470.16
v -12.5344 -172.095 1470.17
v -12.7754 -171.93 1470.51
v -12.7831 -171.695 1470.45
v -12.6544 -171.771 1470.53
v -12.5514 -167.695 1477.28
v -12.7162 -167.582 1477.84
v -12.5544 -167.525 1477.71
v -12.5344 -167.467 1477.54
v -12.3808 -172.998 1468.99
v -12.3613 -172.962 1468.93
v -12.3238 -173.027 1468.89
v -12.3253 -172.977 1468.89
v -12.3507 -172.869 1468.99
v -12.2753 -173.074 1468.91
v -12.2737 -173.028 1468.88
v -12.2789 -172.978 1468.88
v -12.2781 -172.911 1468.92
v -12.2276 -173.03 1468.9
v -12.2277 -172.978 1468.9
v -12.3274 -173.072 1469.02
v -12.3227 -173.082 1468.97
v -12.2755 -173.093 1468.97
v -12.2878 -173.051 1469.05
v -12.2252 -173.071 1468.97
v -12.2464 -173.004 1469.08
v -12.1932 -173.014 1468.98
v -12.1953 -172.952 1468.99
v -12.2343 -172.893 1468.98
v -12.3818 -172.622 1469.28
v -12.3837 -172.431 1469.69
v -12.3927 -172.532 1469.66
v -12.2931 -172.715 1469.38
v -12.3048 -172.632 1469.37
v -12.1965 -168.038 1477.02
v -12.195 -167.782 1477.02
v -12.2586 -167.785 1477.44
v -12.1279 -167.734 1477.25
v -11.8918 -168.24 1476.84
v -11.8275 -168.213 1476.92
v -11.7905 -167.952 1476.77
v -11.4211 -168.441 1476.18
v -11.3381 -168.397 1476.53
v -11.4286 -168.241 1476.62
v -11.6627 -168.236 1476.83
v -11.6408 -168.032 1476.72
v -10.9787 -168.621 1475.77
v -11.0843 -168.433 1476.24
v -10.9857 -168.723 1476.11
v -11.0084 -168.454 1476.07
v -10.8318 -168.58 1475.94
v -10.7259 -169.012 1475.61
v -10.646 -169.04 1475.63
v -10.6109 -168.824 1475.78
v -10.7344 -168.707 1475.6
v -10.0961 -169.283 1475.19
v -10.3133 -168.954 1475.25
v -10.2292 -169.001 1475.26
v -10.2388 -169.02 1475.34
v -9.71283 -169.734 1474.52
v -9.88006 -169.6 1474.58
v -9.79693 -169.584 1474.44
v -9.76752 -169.466 1474.47
v -9.62038 -169.493 1474.42
v -9.82738 -169.418 1474.91
v -9.84087 -169.349 1474.92
v -9.3789 -169.956 1473.97
v -9.31099 -169.976 1474.19
v -9.26083 -169.795 1474.25
v -9.61556 -169.477 1474.63
v -9.48347 -169.559 1474.39
v -9.26272 -170.084 1473.9
v -9.05444 -170.248 1473.73
v -9.03527 -170.056 1473.97
v -8.7862 -170.458 1473.29
v -8.76129 -170.36 1473.22
v -8.62189 -170.298 1473.46
v -8.71428 -170.19 1473.54
v -8.67147 -170.216 1473.38
v -8.02064 -170.801 1472.67
v -8.40328 -170.531 1472.87
v -8.31139 -170.544 1472.86
v -8.2643 -170.564 1472.94
v -8.26109 -170.78 1472.94
v -8.20887 -170.719 1472.94
v -7.97941 -171.085 1472.2
v -7.95931 -171.174 1472.22
v -7.9405 -171.156 1472.4
v -7.49096 -171.622 1471.61
v -7.41068 -171.655 1471.43
v -7.57907 -171.331 1471.72
v -7.42719 -171.337 1471.78
v -7.41281 -171.369 1471.84
v -7.6056 -171.324 1472.1
v -7.63637 -171.199 1472.17
v -6.88307 -172.239 1470.74
v -6.8591 -172.022 1471.05
v -7.15471 -171.652 1471.25
v -7.18128 -171.662 1471.53
v -7.02237 -171.765 1471.28
v -6.46453 -172.694 1470.13
v -6.57475 -172.56 1470.21
v -6.56283 -172.525 1470.17
v -6.51225 -172.484 1470.13
v -6.80501 -172.281 1470.54
v -6.78465 -172.305 1470.74
v -6.7571 -172.247 1470.81
v -6.67699 -172.204 1470.48
v -6.84375 -172.169 1470.61
v -6.67866 -172.122 1470.62
v -6.64504 -172.144 1470.66
v -6.14531 -173.066 1469.53
v -6.15545 -172.988 1469.52
v -6.12165 -172.995 1469.78
v -6.10693 -172.893 1469.86
v -6.04129 -172.875 1469.77
v -6.25041 -172.596 1470
v -6.43679 -172.43 1470.41
v -5.65587 -173.611 1468.96
v -5.77406 -173.18 1469.27
v -5.62957 -173.39 1469.06
v -5.68545 -173.306 1469.04
v -6.01339 -173.196 1469.5
v -5.87355 -173.252 1469.42
v -5.83241 -173.205 1469.41
v -6.03923 -173.023 1469.39
v -6.03246 -172.913 1469.52
v -5.26444 -174.016 1468.09
v -5.40239 -174.063 1468.27
v -5.37544 -174.056 1468.37
v -5.59995 -173.668 1468.59
v -5.56373 -173.8 1468.51
v -5.51218 -173.893 1468.53
v -5.48367 -173.642 1468.56
v -5.48799 -173.677 1468.8
v -5.6542 -173.466 1468.79
v -4.87544 -174.871 1467.18
v -4.91779 -174.651 1467.33
v -4.88011 -174.56 1467.42
v -4.92544 -174.747 1467.5
v -5.21159 -174.266 1467.86
v -5.20729 -174.005 1468.12
v -5.15466 -174.258 1468.1
v -5.10386 -174.162 1468.09
v -5.22738 -173.944 1468.28
v -4.63112 -175.285 1466.83
v -4.62458 -175.291 1466.78
v -4.64915 -175.22 1466.93
v -4.57292 -175.296 1466.78
v -4.57821 -175.294 1466.83
v -4.5283 -175.266 1466.83
v -4.69207 -175.219 1466.85
v -4.69413 -175.172 1466.8
v -4.67223 -175.242 1466.77
v -4.62586 -175.242 1466.72
v -4.6245 -175.193 1466.71
v -4.63711 -175.128 1466.75
v -4.64229 -175.068 1466.81
v -4.57483 -175.246 1466.72
v -4.56308 -175.194 1466.93
v -4.57732 -175.198 1466.7
v -4.57742 -175.145 1466.73
v -4.58955 -175.051 1466.85
v -4.50742 -175.24 1466.78
v -4.52857 -175.195 1466.73
v -4.49842 -175.19 1466.78
v -4.50912 -175.173 1466.85
v -4.52813 -175.138 1466.77
v -4.52527 -175.117 1466.85
v -4.66251 -174.88 1467.19
v -4.76373 -174.752 1467.41
v -4.7921 -174.641 1467.42
v -23.7858 -160.389 1489.61
v -23.3282 -161.146 1488.16
v -23.2754 -161.158 1488.07
v -23.2754 -161.158 1488.07
v -23.2754 -161.113 1488.17
v -23.2754 -161.113 1488.17
v -23.2754 -161.106 1488.11
v -23.2754 -161.106 1488.11
v -23.2754 -161.106 1488.11
v -23.3704 -160.628 1488.1
v -23.3754 -160.547 1488.28
v -23.3754 -160.547 1488.28
v -23.3866 -160.437 1488.44
v -22.8436 -161.321 1487.36
v -22.9754 -161.086 1487.55
v -22.9754 -161.086 1487.55
v -23.2254 -161.216 1487.94
v -23.2254 -161.216 1487.94
v -23.1782 -161.167 1487.92
v -23.1782 -161.167 1487.92
v -23.1782 -161.167 1487.92
v -23.1509 -161.222 1487.82
v -23.1509 -161.222 1487.82
v -23.1232 -161.277 1487.72
v -23.1254 -161.225 1487.76
v -23.1254 -161.225 1487.76
v -23.1254 -161.225 1487.76
v -23.1254 -161.19 1487.82
v -23.1254 -161.19 1487.82
v -23.1254 -161.19 1487.82
v -23.1254 -161.212 1487.87
v -23.1254 -161.212 1487.87
v -23.0805 -161.18 1487.67
v -23.0805 -161.18 1487.67
v -23.0805 -161.18 1487.67
v -23.0805 -161.18 1487.67
v -23.0805 -161.18 1487.67
v -23.096 -161.03 1487.66
v -23.096 -161.03 1487.66
v -23.096 -161.03 1487.66
v -23.096 -161.03 1487.66
v -23.0754 -161.241 1487.77
v -23.0754 -161.241 1487.77
v -23.0754 -161.209 1487.72
v -23.0754 -161.209 1487.72
v -23.0754 -161.209 1487.72
v -23.0702 -161.18 1487.67
v -23.0702 -161.18 1487.67
v -23.0702 -161.18 1487.67
v -23.0702 -161.18 1487.67
v -23.0702 -161.18 1487.67
v -23.0702 -161.18 1487.67
v -23.0754 -161.179 1487.68
v -23.0754 -161.179 1487.68
v -23.0754 -161.179 1487.68
v -23.0754 -161.179 1487.68
v -23.0754 -161.13 1487.66
v -23.0754 -161.13 1487.66
v -23.0754 -161.13 1487.66
v -23.0754 -161.13 1487.66
v -23.0754 -161.13 1487.66
v -23.0693 -161.13 1487.67
v -23.0754 -161.071 1487.61
v -23.0754 -161.071 1487.61
v -23.0754 -161.071 1487.61
v -23.0657 -161.08 1487.66
v -23.0657 -161.08 1487.66
v -23.0657 -161.08 1487.66
v -23.0254 -161.202 1487.62
v -23.0254 -161.202 1487.62
v -23.0254 -160.98 1487.65
v -23.2254 -161.139 1488.02
v -23.2254 -161.139 1488.02
v -23.2254 -161.139 1488.02
v -23.2254 -161.147 1488.07
v -23.2254 -161.153 1488.12
v -23.2254 -161.153 1488.12
v -23.1754 -161.18 1487.97
v -23.1754 -161.18 1487.97
v -23.1254 -160.924 1487.78
v -22.7969 -161.726 1486.8
v -22.1254 -162.583 1484.77
v -21.2784 -162.647 1485.48
v -20.3562 -165.959 1476.96
v -19.9359 -166.91 1475.28
v -19.6211 -167.237 1474.1
v -19.2522 -164.302 1482.5
v -18.5831 -168.957 1470.06
v -18.5254 -164.713 1481.75
v -18.4754 -164.721 1481.8
v -18.9406 -164.387 1482.4
v -18.4887 -164.398 1481.68
v -18.4887 -164.398 1481.68
v -18.3754 -164.753 1481.58
v -18.3754 -164.753 1481.58
v -18.3754 -164.753 1481.58
v -18.3516 -164.555 1481.54
v -18.3254 -164.734 1481.6
v -18.3254 -164.734 1481.6
v -18.3254 -164.554 1481.56
v -18.2754 -164.657 1481.52
v -18.2754 -164.657 1481.52
v -18.2754 -164.657 1481.52
v -18.2754 -164.657 1481.52
v -18.2941 -164.528 1481.99
v -17.7245 -170.229 1466.67
v -17.7242 -170.191 1466.61
v -17.6741 -170.237 1466.67
v -17.6773 -170.097 1466.59
v -17.8726 -170.018 1467.07
v -17.6953 -169.938 1466.93
v -17.7678 -164.808 1481.68
v -17.6275 -170.216 1466.66
v -17.6256 -170.146 1466.6
v -17.6287 -170.094 1466.6
v -17.6287 -170.094 1466.6
v -17.6287 -170.094 1466.6
v -17.5795 -170.143 1466.67
v -17.5795 -170.143 1466.67
v -17.5829 -170.094 1466.67
v -17.5829 -170.094 1466.67
v -17.6285 -170.04 1466.67
v -17.4267 -165.955 1479.58
v -16.4754 -165.614 1480.44
v -16.1395 -167.226 1477.48
v -15.3677 -167.976 1475.84
v -14.249 -169.307 1473.76
v -14.1029 -169.593 1473.81
v -13.4754 -170.58 1472.02
v -13.5547 -170.5 1472.48
v -13.544 -167.178 1478.18
v -13.1494 -171.281 1471.26
v -13.0165 -171.422 1470.88
v -13.158 -170.746 1471.87
v -12.5514 -167.695 1477.28
v -12.3613 -172.962 1468.93
v -12.3238 -173.027 1468.89
v -12.3253 -172.977 1468.89
v -12.3253 -172.977 1468.89
v -12.3253 -172.977 1468.89
v -12.2753 -173.074 1468.91
v -12.2737 -173.028 1468.88
v -12.2737 -173.028 1468.88
v -12.2737 -173.028 1468.88
v -12.2789 -172.978 1468.88
v -12.2789 -172.978 1468.88
v -12.2789 -172.978 1468.88
v -12.2781 -172.911 1468.92
v -12.2276 -173.03 1468.9
v -12.2277 -172.978 1468.9
v -12.3274 -173.072 1469.02
v -12.3274 -173.072 1469.02
v -12.3227 -173.082 1468.97
v -12.3227 -173.082 1468.97
v -12.2755 -173.093 1468.97
v -12.2755 -173.093 1468.97
v -12.2755 -173.093 1468.97
v -12.2878 -173.051 1469.05
v -12.2878 -173.051 1469.05
v -12.2252 -173.071 1468.97
v -12.1932 -173.014 1468.98
v -12.1953 -172.952 1468.99
v -12.1965 -168.038 1477.02
v -11.4211 -168.441 1476.18
v -9.79693 -169.584 1474.44
v -7.41068 -171.655 1471.43
v -6.14531 -173.066 1469.53
v -6.01339 -173.196 1469.5
v -5.59995 -173.668 1468.59
v -4.87544 -174.871 1467.18
v -4.88011 -174.56 1467.42
v -4.92544 -174.747 1467.5
v -5.20729 -174.005 1468.12
v -4.63112 -175.285 1466.83
v -4.62458 -175.291 1466.78
v -4.62458 -175.291 1466.78
v -4.64915 -175.22 1466.93
v -4.57292 -175.296 1466.78
v -4.57292 -175.296 1466.78
v -4.57821 -175.294 1466.83
v -4.5283 -175.266 1466.83
v -4.5283 -175.266 1466.83
v -4.69413 -175.172 1466.8
v -4.67223 -175.242 1466.77
v -4.67223 -175.242 1466.77
v -4.67223 -175.242 1466.77
v -4.62586 -175.242 1466.72
v -4.62586 -175.242 1466.72
v -4.6245 -175.193 1466.71
v -4.6245 -175.193 1466.71
v -4.63711 -175.128 1466.75
v -4.57483 -175.246 1466.72
v -4.57483 -175.246 1466.72
v -4.57732 -175.198 1466.7
v -4.57732 -175.198 1466.7
v -4.57732 -175.198 1466.7
v -4.50742 -175.24 1466.78
v -4.52857 -175.195 1466.73
v -4.49842 -175.19 1466.78
vn -0.875979 -0.480194 0.0455467
vn -0.80712 -0.532339 -0.255289
vn -0.63815 -0.748831 0.178933
vn -0.684588 -0.620329 0.382794
vn -0.63842 -0.468167 0.610933
vn -0.388368 -0.71164 0.585439
vn -0.384517 -0.467447 0.796015
vn -0.800621 -0.160219 -0.577353
vn -0.758723 0.300098 -0.57817
vn -0.597793 0.12689 -0.791544
vn -0.431055 0.503478 -0.7488
vn -0.964502 -0.124138 -0.233079
vn -0.990165 -0.101332 0.09646
vn -0.916576 0.0115061 0.399696
vn -0.909379 0.0848978 -0.407212
vn -0.976227 0.203446 0.0747749
vn -0.892176 0.273969 0.359114
vn -0.929793 0.328613 -0.165828
vn -0.87416 -0.29794 0.383504
vn -0.834087 0.533589 0.139933
vn -0.701817 -0.153107 0.695709
vn -0.758512 0.194255 0.622033
vn -0.730888 0.481339 0.483855
vn -0.749783 0.597 -0.285335
vn -0.583146 0.0568726 0.810374
vn -0.527836 0.588353 0.61256
vn -0.504062 0.351264 0.789009
vn -0.360787 -0.179905 0.915132
vn -0.33918 0.101101 0.935273
vn -0.24515 0.555471 0.794577
vn -0.567323 0.752241 0.33508
vn -0.561816 0.748226 -0.352873
vn -0.617943 0.78603 0.0174269
vn -0.309422 0.738746 0.598759
vn -0.272697 0.812687 -0.514953
vn -0.324433 0.936754 -0.131281
vn -0.369492 0.911794 0.179184
vn -0.151103 -0.709171 0.688654
vn -0.775342 -0.590608 -0.223669
vn -0.0623912 -0.586678 0.807413
vn 0.540854 0.441433 0.71597
vn 0.670728 0.276811 0.688113
vn 0.709622 0.49883 0.497599
vn 0.467732 -0.134418 0.87359
vn -0.0591937 -0.354396 0.93322
vn -0.0167945 -0.0399101 0.999062
vn -0.164163 0.311715 0.935887
vn 0.215105 -0.334337 0.917578
vn 0.111277 0.232513 0.966206
vn 0.0559218 0.523301 0.850311
vn 0.311875 -0.0188373 0.949936
vn 0.328571 0.337684 0.882049
vn 0.539164 0.149704 0.828789
vn 0.00277701 0.737382 -0.67547
vn -0.22073 0.878804 0.423063
vn -0.108707 0.986135 0.125386
vn 0.0254368 0.760621 0.648697
vn 0.0273633 0.963967 -0.264611
vn 0.0582769 0.924957 0.375578
vn 0.205361 0.968792 0.138813
vn 0.316702 0.630141 0.708958
vn 0.321133 0.837435 -0.442241
vn 0.304868 0.83637 0.455567
vn 0.367752 0.917144 -0.153638
vn 0.558282 0.681305 0.473438
vn 0.508884 0.845907 0.159621
vn 0.70004 0.68408 0.204886
vn 0.600611 0.788204 -0.134167
vn -0.748945 -0.219128 -0.625351
vn -0.394238 -0.7967 0.45809
vn 0.127501 -0.542454 0.830354
vn -0.489362 0.230175 -0.841156
vn -0.218349 0.524768 -0.822765
vn 0.408384 -0.29117 0.865126
vn 0.635253 0.0516091 0.770578
vn 0.193152 0.741383 -0.642684
vn 0.470684 0.797618 -0.377177
vn 0.765978 0.543087 0.343998
vn 0.747523 0.326632 0.578377
vn -0.674521 -0.733721 0.0817007
vn -0.28169 -0.803134 0.525001
vn -0.824435 -0.28943 -0.486351
vn 0.0759426 -0.663658 0.744171
vn -0.0767693 -0.710648 0.699347
vn 0.228858 -0.516311 0.825256
vn 0.467212 -0.300063 0.83167
vn 0.628578 -0.0509132 0.776078
vn 0.792906 0.449558 0.411336
vn 0.754236 0.209738 0.622204
vn 0.753406 0.642497 0.139923
vn -0.0473209 -0.757255 0.651403
vn 0.267789 -0.57411 0.773748
vn -0.619451 0.177791 -0.764637
vn -0.377418 0.487932 -0.787069
vn 0.362641 -0.458365 0.811415
vn 0.59086 -0.217162 0.776997
vn -0.0058054 0.708127 -0.706062
vn 0.374462 0.808614 -0.453786
vn 0.633155 -0.105155 0.766849
vn 0.624154 0.765357 -0.157034
vn 0.765109 0.10818 0.634749
vn 0.818208 0.421752 0.390718
vn 0.758889 0.646066 0.0817714
vn -0.868023 -0.359038 -0.342969
vn -0.714122 0.1485 -0.684089
vn -0.70818 -0.70368 0.0575723
vn -0.414055 -0.824314 0.38609
vn -0.160956 -0.809749 0.56427
vn 0.23065 -0.634592 0.737627
vn -0.100976 0.711402 -0.695494
vn 0.52597 -0.353919 0.773367
vn 0.699071 -0.104822 0.707328
vn 0.808213 0.117649 0.577018
vn 0.55337 0.795488 -0.246943
vn 0.843779 0.37811 0.38088
vn -0.877144 -0.106669 -0.46823
vn -0.149909 -0.826746 0.542235
vn -0.808032 0.0630764 -0.585752
vn 0.0801596 -0.740375 0.667398
vn 0.336071 -0.598529 0.727199
vn -0.297757 0.626481 -0.720321
vn 0.847851 0.163574 0.504373
vn 0.475466 -0.444844 0.758977
vn 0.714997 -0.150582 0.682718
vn 0.229016 0.819311 -0.525625
vn 0.678516 0.728728 -0.0925797
vn 0.806814 0.572278 0.146796
vn 0.862036 0.397218 0.314819
vn -0.613466 -0.768765 0.18072
vn -0.388551 -0.841334 0.375746
vn 0.047426 -0.791296 0.609591
vn -0.481822 0.531642 -0.696566
vn -0.837892 -0.526568 -0.143744
vn 0.184197 -0.719286 0.66985
vn 0.420588 -0.565444 0.709492
vn 0.0919072 0.811526 -0.577044
vn 0.585046 -0.373016 0.720125
vn 0.788545 -0.0754602 0.610329
vn 0.807584 0.582241 0.09383
vn -0.903383 -0.320514 -0.284904
vn -0.738907 -0.672376 0.0439053
vn -0.627915 0.429541 -0.649012
vn -0.172678 -0.846131 0.504227
vn 0.51687 -0.506287 0.690304
vn 0.8178 -0.0702925 0.571193
vn 0.655249 -0.328825 0.68009
vn 0.391172 0.838347 -0.379682
vn 0.883072 0.269295 0.384271
vn -0.246433 -0.861416 0.444109
vn -0.818164 0.167602 -0.550016
vn 0.0285089 -0.813157 0.581346
vn 0.349155 -0.654648 0.670467
vn 0.841519 -0.0668808 0.536072
vn 0.883778 0.401219 0.24075
vn 0.673428 -0.351353 0.65042
vn 0.0449509 0.823607 -0.565377
vn 0.29947 0.857961 -0.417397
vn 0.891178 0.173395 0.419208
vn -0.907933 -0.0245341 -0.418397
vn -0.774571 0.280739 -0.566767
vn -0.461851 -0.834738 0.299844
vn 0.102728 -0.813856 0.571914
vn -0.635588 0.463576 -0.617353
vn -0.0291101 -0.841176 0.539977
vn 0.205808 -0.757031 0.620119
vn 0.455265 -0.606879 0.651484
vn -0.110125 0.803159 -0.585498
vn 0.673391 0.728964 -0.123109
vn 0.600523 -0.463767 0.651377
vn 0.768094 -0.248291 0.59024
vn 0.824769 0.559592 0.0813255
vn 0.904349 0.172219 0.390504
vn -0.834996 -0.546222 -0.0665134
vn -0.136914 -0.868533 0.476346
vn 0.451086 -0.64561 0.616205
vn 0.306919 -0.723097 0.618815
vn 0.530855 -0.567764 0.629156
vn 0.671382 -0.414058 0.614656
vn 0.915618 0.111615 0.386245
vn 0.82457 -0.187234 0.53388
vn 0.2223 0.870352 -0.439397
vn 0.910491 0.297466 0.287265
vn 0.880092 -0.00493598 0.474778
vn -0.718897 -0.689603 0.0873783
vn -0.867193 -0.489341 -0.0923145
vn -0.537854 -0.810299 0.232655
vn -0.289141 -0.874114 0.390284
vn -0.024492 -0.866352 0.498834
vn 0.171912 -0.802384 0.571512
vn -0.659467 0.474219 -0.583284
vn 0.0570436 0.86287 -0.502196
vn 0.311758 0.871423 -0.37872
vn -0.293175 0.744464 -0.599851
vn 0.549072 0.803968 -0.228376
vn 0.87599 0.459429 0.146854
vn -0.938968 -0.214564 -0.268891
vn -0.858745 -0.507907 -0.0677337
vn -0.8377 0.238271 -0.491411
vn 0.228009 -0.794706 0.562542
vn -0.36677 0.729209 -0.577697
vn 0.393636 -0.699906 0.595971
vn 0.583974 -0.552945 0.594328
vn 0.0082027 0.866332 -0.499401
vn 0.924269 0.270997 0.268862
vn 0.847781 0.524788 0.0765803
vn 0.714246 -0.392738 0.579317
vn 0.889647 -0.0636272 0.452194
vn -0.168323 -0.888646 0.426586
vn 0.161592 -0.830618 0.532881
vn 0.448816 -0.678083 0.582037
vn -0.646253 0.522069 -0.556598
vn 0.883667 -0.104133 0.456387
vn 0.790208 -0.305302 0.531378
vn 0.308197 0.876716 -0.3693
vn 0.932453 0.220486 0.286213
vn -0.902823 0.125649 -0.411246
vn -0.932543 -0.302882 -0.196533
vn -0.834354 -0.550542 -0.0275038
vn -0.679173 -0.723522 0.123451
vn 0.153658 -0.843241 0.515105
vn 0.323354 -0.761639 0.561559
vn -0.354794 0.754855 -0.551647
vn 0.0148856 0.877851 -0.478702
vn 0.827713 -0.227008 0.513185
vn -0.276029 -0.887916 0.367985
vn -0.460553 0.705398 -0.538799
vn -0.672255 0.52258 -0.524388
vn 0.314548 -0.791614 0.523838
vn 0.136365 -0.861101 0.489806
vn -0.144939 0.851857 -0.503321
vn 0.255456 0.888088 -0.382156
vn 0.283622 -0.772496 0.568163
vn 0.364633 -0.718385 0.592423
vn 0.505562 0.836915 -0.209714
vn 0.888748 0.350026 0.295989
vn 0.833116 0.53116 0.154229
vn 0.790438 0.574197 0.213319
vn 0.834862 -0.0831915 0.544137
vn -0.60497 -0.777295 0.172696
vn -0.299231 -0.89219 0.338316
vn -0.0191279 -0.896899 0.441822
vn 0.247512 -0.828271 0.502698
vn 0.0858603 -0.869275 0.486814
vn 0.700352 -0.524402 0.484263
vn 0.638415 -0.570873 0.516265
vn 0.729186 -0.462624 0.504248
vn 0.54252 -0.833856 -0.101762
vn 0.742069 -0.444535 0.501719
vn -0.325553 -0.913151 0.245298
vn 0.520916 0.809705 -0.27023
vn 0.561973 0.774729 -0.289795
vn 0.367393 -0.784983 0.498822
vn 0.984318 0.169746 -0.047995
vn -0.864015 0.260844 -0.430627
vn -0.947544 -0.233655 -0.218097
vn -0.812273 -0.583278 -0.00026271
vn 0.462514 -0.713333 0.526533
vn 0.663198 -0.55222 0.505194
vn 0.760658 0.645094 -0.0724746
vn -0.845818 -0.17813 -0.502854
vn -0.76676 0.17172 -0.61854
vn 0.732058 -0.482195 0.481227
vn -0.396425 -0.841978 0.365952
vn 0.702424 -0.589372 0.39905
vn 0.784402 -0.359923 0.505141
vn 0.657787 -0.684393 0.314521
vn 0.743802 -0.572447 0.345055
vn -0.396425 -0.841978 0.365952
vn 0 -0.847532 0.530745
vn 0.94216 0.329618 0.0607216
vn -0.356084 -0.800307 0.482403
vn 0.754519 -0.5361 -0.378548
vn 0 -0.847532 0.530745
vn 0.762898 -0.527153 -0.374294
vn 0 0.205038 0.978754
vn -0.785358 0.0671579 0.615388
vn 0.939555 0.309443 0.146566
vn -0.094505 -0.110629 -0.989358
vn -0.796368 -0.538123 -0.276083
vn 0.0540515 -0.891688 0.449412
vn -0.0568042 -0.0880026 -0.994499
vn -0.843843 -0.37191 -0.386797
vn 0.72046 -0.478116 0.502338
vn 0.215327 -0.967297 -0.134057
vn -0.55536 -0.551495 0.622438
vn 0.643599 -0.73279 -0.220907
vn -0.63164 -0.773959 -0.0449215
vn 0.822768 0.564149 -0.0692028
vn 0.806634 0.56629 -0.169284
vn -0.368503 -0.882558 0.292057
vn -0.0944495 -0.911434 0.400458
vn 0.184869 -0.862549 0.470991
vn 0.720275 -0.505623 0.474921
vn -0.487887 0.699965 -0.521552
vn 0.0725445 0.899919 -0.429981
vn 0.462371 -0.728749 0.505113
vn 0.868126 -0.265342 0.419464
vn -0.87137 -0.487149 -0.0583126
vn -0.570395 -0.801106 0.181325
vn -0.95728 -0.0545096 -0.28398
vn -0.19046 -0.914921 0.355871
vn 0.135945 -0.883958 0.447368
vn 0.959865 0.0586933 0.274251
vn 0.93445 0.328948 0.136367
vn 0.886548 -0.243686 0.393256
vn 0.000851795 -0.879355 0.476167
vn 0.604381 0.795945 -0.0345704
vn -0.776275 0.437651 -0.453718
vn -0.306107 0.817518 -0.487814
vn 0.894247 0.444042 0.0561185
vn 0.793193 -0.423104 0.437982
vn 0.490263 -0.722044 0.488154
vn 0.198259 0.90656 -0.372615
vn 0.960681 0.20129 0.191245
vn 0.562698 0.798252 -0.21486
vn 0.736459 -0.240311 0.63236
vn -0.94041 -0.305129 -0.150081
vn -0.90954 0.204033 -0.362087
vn -0.583194 0.660514 -0.47287
vn -0.280139 -0.908193 0.310978
vn 0.0294114 -0.911409 0.410448
vn 0.393156 -0.792322 0.466535
vn 0.6661 -0.587118 0.460004
vn 0.864727 -0.314435 0.391634
vn 0.95496 -0.0314597 0.295062
vn -0.676727 -0.733445 -0.0640284
vn -0.849638 -0.343356 -0.400277
vn -0.80833 0.0461728 -0.586917
vn 0.158603 0.902509 -0.400402
vn 0.851067 0.377089 0.36536
vn 0.131597 -0.898182 0.419465
vn -0.672106 -0.731338 0.11584
vn 0.734663 -0.521165 0.434347
vn 0.937682 -0.137948 0.318939
vn -0.0920571 0.894546 -0.437394
vn 0.439198 0.857413 -0.268232
vn 0.957804 0.238807 0.159944
vn 0.818773 0.573167 -0.033024
vn -0.585939 -0.809226 0.042764
vn 0.84568 0.0665106 0.52953
vn -0.310874 0.833913 -0.456011
vn 0.521932 -0.721866 0.454418
vn 0.735454 0.666362 0.12276
vn 0.432317 0.878395 -0.203775
vn -0.177547 -0.9264 0.332055
vn -0.92581 0.173679 -0.335726
vn -0.839376 0.371142 -0.397117
vn 0.11684 0.919676 -0.374893
vn 0.48391 0.841237 -0.241146
vn 0.373204 -0.817807 0.438075
vn 0.763542 -0.496174 0.413299
vn 0.924623 -0.19636 0.326367
vn -0.966255 -0.0192043 -0.256872
vn -0.579793 -0.797733 0.16572
vn -0.21805 0.875874 -0.430463
vn 0.880754 -0.317555 0.351328
vn 0.635748 -0.643878 0.425729
vn 0.970307 0.157962 0.183172
vn -0.823531 -0.493122 -0.280406
vn -0.643198 -0.765676 -0.00607933
vn 0.593936 0.80246 -0.0574328
vn -0.567724 -0.806455 0.165283
vn -0.231193 -0.924416 0.303324
vn 0.701737 -0.58713 0.403538
vn -0.945717 0.119826 -0.302093
vn 0.448734 0.857941 -0.25015
vn 0.255514 -0.874616 0.412018
vn 0.962438 -0.0660097 0.263353
vn 0.826272 0.562438 -0.0306243
vn -0.829047 0.00892218 -0.559108
vn -0.0476037 -0.937456 0.344833
vn 0.920726 -0.233323 0.312769
vn 0.970522 0.182244 0.157716
vn -0.717208 -0.692665 -0.076346
vn -0.526344 0.531331 -0.663814
vn -0.862525 -0.351046 -0.36444
vn -0.55476 -0.826562 0.0950593
vn -0.144888 0.811924 -0.565497
vn 0.210615 0.901056 -0.37913
vn 0.857742 0.335064 0.389886
vn -0.671008 -0.733446 0.108651
vn -0.919588 0.230677 -0.318035
vn -0.482908 0.767127 -0.422275
vn -0.299102 -0.914299 0.273121
vn 0.0816678 -0.921825 0.378905
vn 0.815422 0.577356 -0.0417956
vn 0.387294 -0.825748 0.410053
vn 0.812374 -0.455112 0.364585
vn 0.973881 -0.0185465 0.226301
vn 0.264132 0.91521 -0.304344
vn -0.0251761 -0.895479 0.444391
vn -0.222501 -0.9301 0.292246
vn -0.203417 -0.965856 0.160449
vn -0.393258 -0.919193 -0.020797
vn -0.0899574 -0.892272 0.442445
vn 0.0791566 0.753623 -0.652524
vn 0.39837 0.879044 -0.261883
vn 0.220828 0.882482 -0.415284
vn 0.740292 0.0157095 0.672102
vn 0.836865 0.282775 0.468716
vn 0.813846 0.275533 0.511602
vn 0.595305 0.796327 0.107128
vn 0.721552 0.419056 0.55114
vn 0.693778 0.474888 0.541436
vn -0.737644 0.554424 -0.385352
vn 0.249473 -0.890233 0.381115
vn 0.76259 -0.531264 0.369073
vn 0.0933188 0.880931 -0.463953
vn -0.202504 -0.977738 0.0549503
vn 0.503729 0.674181 -0.540127
vn 0.426651 -0.76751 -0.478433
vn 0.503729 0.674181 -0.540127
vn 0.768936 -0.224358 0.598666
vn 0.567175 0.79579 0.212205
vn -0.0612674 0.679019 -0.73156
vn -0.711479 -0.700101 0.0604665
vn -0.892626 -0.326671 -0.310653
vn -0.804887 0.0269795 -0.592814
vn -0.845838 0.359517 -0.394088
vn -0.467484 -0.88359 0.0269692
vn -0.229388 -0.938217 0.259096
vn -0.52362 -0.391464 -0.756689
vn -0.450246 0.0376743 -0.89211
vn -0.543228 0.509728 -0.667143
vn -0.509379 0.724362 -0.464579
vn 0.117571 -0.697967 -0.706412
vn 0.0777097 -0.850706 -0.519866
vn 0.0859109 -0.953723 0.288153
vn 0.0432552 -0.13607 -0.989754
vn -0.130959 0.218374 -0.967038
vn -0.384278 -0.894587 0.228134
vn -0.0752975 0.851804 -0.518421
vn -0.8505 -0.525779 -0.0143883
vn 0.0399249 0.937097 -0.346777
vn -0.871696 0.354864 -0.337961
vn -0.771213 -0.635525 0.0365893
vn -0.450665 0.797229 -0.401655
vn -0.974878 -0.0330577 -0.220275
vn 0.426064 -0.81646 0.389696
vn -0.151498 0.910142 -0.385604
vn 0.509906 0.834577 -0.208509
vn -0.856422 -0.0622578 -0.512508
vn -0.83714 -0.488127 -0.246837
vn 0.162495 -0.805978 0.569206
vn -0.666989 0.370601 -0.64636
vn -0.27524 0.738376 -0.615665
vn 0.556096 0.819008 -0.141364
vn 0.807379 0.568261 0.158804
vn -0.606008 -0.416371 -0.677783
vn -0.509263 0.0151583 -0.860478
vn 0.300782 -0.486522 0.82026
vn -0.351264 -0.923866 0.151938
vn 0.529481 0.835986 0.144144
vn 0.599234 0.656378 0.458351
vn 0.599825 0.375056 0.706784
vn 0.526365 -0.631011 -0.569881
vn 0.633895 -0.713975 0.297348
vn 0.485281 -0.372154 -0.791204
vn 0.243301 0.117433 -0.962816
vn 0.92256 -0.314225 0.223934
vn 0.814129 0.0783927 -0.575369
vn 0.945042 -0.196056 0.261644
vn 0.126041 0.866956 -0.482183
vn 0.875419 0.483343 0.00452981
vn -0.698178 -0.715788 -0.0139623
vn -0.573968 -0.738827 -0.353122
vn -0.303277 0.436411 -0.847094
vn -0.017342 -0.810586 0.585362
vn 0.0196399 0.793072 -0.608811
vn 0.318718 0.920481 -0.226127
vn -0.810137 -0.563793 -0.16067
vn -0.884141 -0.226199 -0.408813
vn -0.782594 0.180205 -0.59588
vn -0.0296667 0.844558 -0.534641
vn 0.368472 0.876462 -0.309907
vn 0.674299 -0.382472 0.631693
vn 0.884696 0.145226 0.442969
vn 0.626768 0.453575 0.633586
vn 0.522015 0.837834 0.159793
vn -0.827242 -0.535991 -0.168474
vn 0.882475 0.366534 0.294773
vn 0.706673 0.70748 -0.00922113
vn -0.205322 0.606824 -0.767859
vn -0.620562 -0.626011 -0.472242
vn -0.47295 0.184789 -0.861494
vn 0.208935 -0.608431 0.765609
vn 0.423566 -0.273629 0.86355
vn 0.204496 0.901899 -0.380473
vn 0.572919 0.0811861 0.815581
vn -0.740202 -0.672273 -0.0122204
vn 0.241984 -0.75734 0.606531
vn -0.86785 -0.0267914 -0.496104
vn -0.524453 0.546344 -0.653037
vn 0.530023 0.822565 -0.206066
vn 0.565143 -0.518148 0.641978
vn 0.83396 -0.0994134 0.542797
vn 0.21713 0.879283 -0.423929
vn -0.156598 -0.892024 0.423993
vn -0.588327 -0.758989 -0.27894
vn 0.489361 -0.203395 0.848031
vn 0.624316 0.65227 0.429853
vn 0.642569 0.296605 0.706491
vn -0.887992 -0.378196 -0.261606
vn -0.0588677 0.825741 -0.560969
vn 0.486006 -0.584006 0.650181
vn 0.774274 0.631402 0.0427977
vn 0.698284 -0.35926 0.619138
vn 0.492968 0.868352 0.0542897
vn -0.891219 -0.0550998 -0.450215
vn 0.454322 -0.62267 0.637082
vn 0.412759 0.853396 -0.318347
vn 0.906608 0.241069 0.346335
vn -0.654009 -0.218402 -0.724274
vn -0.461423 0.291468 -0.837935
vn 0.270608 -0.569088 0.776473
vn 0.604751 0.0278874 0.795926
vn 0.660295 0.568773 0.490416
vn -0.776399 -0.630137 -0.0115077
vn -0.23674 -0.870972 0.430536
vn -0.912615 -0.234319 -0.335006
vn -0.333319 0.693613 -0.638591
vn 0.126478 0.855426 -0.502245
vn 0.519739 0.81264 -0.263605
vn 0.850731 0.513835 0.11059
vn 0.821819 -0.166452 0.544892
vn 0.742342 0.669401 -0.0288366
vn -0.375663 -0.914489 0.15029
vn 0.0506856 -0.790909 0.609831
vn -0.08542 0.748236 -0.65791
vn -0.920171 -0.276655 -0.277032
vn -0.605645 -0.769965 0.200868
vn 0.774301 -0.280457 0.567276
vn 0.911708 0.106416 0.396818
vn 0.71046 0.695534 -0.107144
vn 0.88876 0.432284 0.152433
vn -0.648571 -0.676141 -0.349556
vn -0.55845 0.170526 -0.811822
vn -0.687415 -0.31244 -0.655623
vn 0.476835 -0.305322 0.824261
vn 0.688636 0.357819 0.630671
vn 0.605606 0.757668 0.243269
vn -0.405984 0.647017 -0.645404
vn -0.36683 -0.844658 0.389857
vn 0.93219 0.201647 0.300601
vn 0.737323 0.666248 -0.111664
vn 0.402036 0.835885 -0.373717
vn 0.282037 -0.60579 0.743958
vn -0.162564 0.706378 -0.688915
vn 0.645462 0.0607025 0.761377
vn -0.654889 -0.729234 0.198338
vn -0.917476 -0.360107 -0.169
vn -0.842211 0.177548 -0.509075
vn 0.339218 0.835012 -0.433228
vn 0.535326 -0.564144 0.628623
vn -0.0858402 0.7994 -0.594635
vn 0.851145 -0.16289 0.499018
vn 0.344796 0.914091 -0.213433
vn 0.557809 -0.211134 0.802665
vn 0.706961 0.285055 0.647264
vn 0.665532 0.663151 0.342488
vn -0.436826 0.626648 -0.645364
vn -0.798861 -0.597022 0.0733844
vn -0.942074 -0.135699 -0.306729
vn 0.377905 -0.675854 0.632779
vn -0.888786 0.0963111 -0.448088
vn 0.374657 0.819713 -0.433246
vn -0.589448 -0.757399 0.280889
vn 0.0657723 0.824636 -0.561826
vn 0.79736 -0.28249 0.533307
vn 0.943102 0.243946 0.225939
vn 0.61872 0.741839 -0.258576
vn 0.864148 0.502286 0.0309366
vn -0.690341 -0.597669 -0.407701
vn -0.59239 0.153999 -0.790796
vn -0.564567 -0.818916 -0.103155
vn -0.352579 0.535182 -0.767638
vn 0.663814 0.00160339 0.747896
vn -0.723495 -0.662315 0.194666
vn -0.935939 -0.0253385 -0.351251
vn 0.491768 0.772922 -0.400943
vn 0.8833 0.467918 -0.0288825
vn -0.557043 -0.758406 0.338413
vn -0.0527605 -0.815903 0.575776
vn 0.84724 -0.223557 0.481878
vn 0.151911 0.821253 -0.549969
vn 0.709204 0.674552 -0.204962
vn 0.859109 0.511249 -0.0235996
vn -0.0816584 -0.872018 0.482614
vn 0.727968 0.456772 0.511295
vn 0.0800213 0.866831 -0.492139
vn 0.61911 0.764036 0.181525
vn -0.941443 0.042716 -0.334456
vn -0.941586 -0.334469 -0.0393183
vn 0.579142 0.723178 -0.376309
vn -0.906212 -0.422725 0.00912602
vn -0.861934 0.208176 -0.462312
vn 0.25507 -0.728176 0.63616
vn 0.922669 0.385594 -0.000203516
vn 0.921879 -0.0987533 0.374682
vn -0.338524 -0.805227 0.486838
vn -0.165321 0.749654 -0.640849
vn 0.962963 0.138002 0.231642
vn -0.731995 -0.23384 -0.639924
vn 0.391098 -0.51041 0.765848
vn 0.739804 0.257255 0.621699
vn 0.457217 0.884316 -0.0945409
vn -0.921874 -0.340566 -0.184832
vn -0.887147 -0.0960866 -0.451373
vn -0.68687 -0.451944 -0.569171
vn -0.802952 -0.0743953 -0.591383
vn -0.490274 0.569333 -0.659917
vn -0.30875 -0.772535 -0.554854
vn -0.229048 -0.605934 -0.761827
vn -0.253752 -0.0611989 -0.965331
vn -0.315514 0.633436 -0.706548
vn 0.707743 -0.486274 -0.512482
vn 0.384045 0.00239184 -0.923311
vn -0.825974 -0.549568 0.125466
vn -0.619242 -0.721949 -0.308754
vn -0.214174 -0.91871 -0.331815
vn -0.2239 -0.888363 0.400849
vn 0.608023 -0.705702 -0.36372
vn 0.631595 -0.556935 0.539362
vn 0.926192 -0.116844 -0.358491
vn 0.870144 0.369674 -0.325868
vn 0.630733 0.642171 -0.435652
vn 0.229189 0.793567 -0.56367
vn 0.965797 0.0448005 0.255399
vn 0.742262 -0.400385 0.537345
vn 0.935621 -0.108218 0.336009
vn 0.865387 0.48309 -0.133156
vn -0.622167 -0.767573 -0.15408
vn -0.218523 0.69216 -0.687868
vn 0.64062 -0.128182 0.757083
vn 0.711213 0.617255 0.336412
vn -0.376098 -0.904674 0.20029
vn 0.0807076 -0.795956 0.59995
vn 0.255586 0.90493 -0.340259
vn -0.769023 -0.460407 -0.443428
vn 0.609084 -0.247826 0.753392
vn 0.757559 0.220058 0.614555
vn 0.423876 -0.500962 0.754564
vn 0.592464 0.802571 0.0697546
vn -0.442944 0.484674 -0.754249
vn 0.754454 0.526648 0.391717
vn 0.286119 -0.658952 0.695642
vn 0.556105 0.831095 -0.00522456
vn 0.7045 0.670855 0.231588
vn -0.610324 -0.789216 -0.0681445
vn -0.173947 -0.893318 0.414397
vn 0.748515 0.0571378 0.660652
vn -0.0347404 0.81871 -0.573156
vn 0.511033 -0.434647 0.741571
vn 0.353471 0.896595 -0.266786
vn 0.637593 0.766909 0.0729797
vn 0.783745 0.465034 0.411688
vn -0.498898 -0.857204 0.127676
vn -0.760003 -0.580813 -0.291636
vn -0.580403 0.345114 -0.737583
vn -0.388962 0.571052 -0.722916
vn 0.161784 0.878973 -0.44859
vn 0.704311 -0.12656 0.698518
vn 0.797825 0.215208 0.563171
vn -0.809289 -0.436285 -0.393328
vn 0.0793801 -0.802414 0.591465
vn 0.811127 0.189344 0.553373
vn 0.779413 0.542199 0.313903
vn 0.579549 0.813691 -0.0450514
vn -0.729348 -0.660816 -0.177123
vn -0.492656 -0.853914 0.167694
vn 0.621503 -0.315229 0.717192
vn -0.805185 -0.498172 -0.321717
vn -0.68199 0.220004 -0.697487
vn 0.832806 0.240332 0.498674
vn 0.775849 0.581963 0.243674
vn 0.529549 0.837468 -0.135002
vn 0.842463 0.39995 0.360965
vn -0.147951 0.758374 -0.634807
vn 0.339046 0.877167 -0.340037
vn 0.729332 0.676557 0.101709
vn 0.390082 -0.598284 0.699923
vn 0.739148 -0.138109 0.659231
vn -0.812151 -0.0527911 -0.581054
vn -0.780879 -0.597436 -0.182479
vn -0.242514 -0.875329 0.418313
vn -0.766206 -0.634505 -0.101644
vn -0.85191 -0.422622 -0.309256
vn -0.477014 0.517933 -0.710073
vn 0.666425 0.744301 -0.0435163
vn 0.856361 0.385852 0.343168
vn 0.540173 -0.461732 0.703574
vn 0.817493 0.0318052 0.57506
vn -0.767182 -0.638145 -0.0648353
vn 0.722014 -0.240224 0.648836
vn 0.17049 0.858932 -0.482875
vn 0.811677 -0.0277171 0.583448
vn 0.873064 0.336249 0.353121
vn -0.597614 -0.78045 0.183726
vn -0.86956 -0.424068 -0.253043
vn -0.84705 -0.0183986 -0.531194
vn -0.589519 0.427491 -0.68536
vn -0.877459 -0.213247 -0.429641
vn -0.300736 -0.862044 0.407969
vn 0.30465 -0.671384 0.675598
vn -0.152894 0.750776 -0.642618
vn -0.689971 0.287721 -0.664197
vn 0.439036 0.841082 -0.315957
vn 0.803353 0.586554 0.102854
vn -0.885318 -0.119085 -0.449479
vn -0.800171 0.127279 -0.586111
vn 0.0409385 -0.796615 0.603099
vn 0.641291 -0.374289 0.669816
vn 0.897871 0.250584 0.361988
vn 0.680053 0.724132 -0.114722
vn 0.871922 0.112802 0.476474
vn 0.0120385 -0.791679 0.610818
vn 0.831867 0.550412 0.071019
vn 0.914264 0.263736 0.307515
vn 0.650536 0.73396 -0.195204
vn -0.0997703 -0.824976 0.556292
vn 0.343653 -0.648077 0.679631
vn 0.773551 -0.202129 0.600635
vn -0.406535 0.595699 -0.692728
vn 0.18454 0.837 -0.515146
vn -0.188205 0.716912 -0.671279
vn -0.842937 -0.537597 -0.0211532
vn -0.371938 -0.818231 0.43836
vn -0.439988 0.563816 -0.698943
vn -0.917152 -0.241159 -0.317293
vn -0.662813 -0.724531 0.189034
vn 0.196356 0.82057 -0.536758
vn 0.680586 -0.355299 0.640754
vn -0.201961 0.708054 -0.676662
vn -0.863355 -0.504595 -0.00158326
vn -0.505553 0.529137 -0.681491
vn 0.0272588 0.777968 -0.627712
vn -0.72128 -0.66594 0.190472
vn -0.801821 0.18244 -0.569033
vn 0.182656 0.810764 -0.556146
vn 0.359144 -0.631787 0.686921
vn 0.902325 0.0456605 0.428632
vn 0.808082 0.588215 -0.0317236
vn -0.703954 -0.692687 0.156949
vn -0.730429 -0.682984 -0.00255447
vn -0.622023 -0.712196 0.325368
vn -0.0946651 -0.995175 0.0257931
vn 0.0597643 -0.905683 0.419722
vn 0.568736 -0.822267 -0.0204008
vn -0.816834 -0.574789 0.0489856
vn -0.944607 -0.266753 -0.19121
vn -0.717832 -0.695865 0.0221118
vn -0.348002 -0.725924 -0.593236
vn -0.758135 0.0905142 -0.645785
vn -0.715989 0.294721 -0.63285
vn -0.0373301 0.750944 -0.65931
vn -0.0804394 -0.774573 -0.627348
vn 0.562353 -0.519461 0.643365
vn -0.129132 -0.226571 -0.965397
vn 0.160531 0.610283 -0.775748
vn 0.475396 0.768009 -0.429139
vn 0.694142 -0.524851 -0.492644
vn 0.65733 -0.268596 -0.704112
vn 0.839283 -0.150859 -0.522347
vn 0.943663 -0.0632487 0.324808
vn 0.677332 0.58829 -0.441742
vn 0.872819 0.485753 -0.0472236
vn 0.940564 0.21043 0.266567
vn 0.859889 -0.103505 0.499878
vn 0.848639 0.528671 -0.0178788
vn 0.756881 -0.272432 0.594065
vn 0.54252 -0.833856 -0.101762
vn 0.215327 -0.967297 -0.134057
vn -0.55536 -0.551495 0.622438
vn 0.402036 -0.766064 0.501512
vn -0.494038 -0.865513 0.0825395
vn 0.54252 -0.833856 -0.101762
vn -0.55536 -0.551495 0.622438
vn -0.673727 -0.733538 -0.0895194
vn 0.984318 0.169746 -0.047995
vn 0.984318 0.169746 -0.047995
vn -0.394744 0.658865 -0.64037
vn 0.0613727 0.877344 -0.475921
vn -0.442186 0.409424 -0.798025
vn 0.508107 0.523553 0.6839
vn -0.442186 0.409424 -0.798025
vn 0.643599 -0.73279 -0.220907
vn 0.120678 -0.69058 0.713117
vn 0.738111 -0.47651 0.47763
vn 0.643599 -0.73279 -0.220907
vn -0.714714 -0.686328 -0.134676
vn -0.396425 -0.841978 0.365952
vn 0.747764 -0.60823 -0.266281
vn 0.746012 -0.544956 -0.382739
vn -0.356084 -0.800307 0.482403
vn 0.729023 -0.377799 0.570784
vn -0.15077 -0.844179 -0.514422
vn -0.356084 -0.800307 0.482403
vn 0.747764 -0.60823 -0.266281
vn -0.79499 -0.555701 -0.243284
vn -0.70292 -0.697368 -0.13993
vn 0.747764 -0.60823 -0.266281
vn 0.754519 -0.5361 -0.378548
vn 0.901123 -0.169532 0.399043
vn 0 0.205038 0.978754
vn 0.603838 0.103644 0.79034
vn 0.881365 0.0667224 -0.4677
vn 0.603838 0.103644 0.79034
vn 0.881365 0.0667224 -0.4677
vn -0.094505 -0.110629 -0.989358
vn -0.492154 0.591233 -0.638927
vn -0.73913 -0.645421 -0.192663
vn -0.15077 -0.844179 -0.514422
vn 0.649535 -0.424233 0.630976
vn -0.15077 -0.844179 -0.514422
vn -0.772005 -0.508254 -0.381688
vn 0 0.205038 0.978754
vn 0.93472 -0.0839651 0.345323
vn 0.0540515 -0.891688 0.449412
vn -0.734384 -0.555557 -0.389919
vn -0.785758 0.0460649 0.616816
vn -0.878765 -0.00838395 -0.477182
vn 0.881365 0.0667224 -0.4677
vn -0.132021 -0.133039 -0.982279
vn -0.752763 -0.536752 -0.38111
vn -0.928623 0.0242322 -0.370234
vn 0.603838 0.103644 0.79034
vn 0.95061 0.188674 0.246459
vn -0.785358 0.0671579 0.615388
vn 0.508107 0.523553 0.6839
vn -0.731445 0.218725 -0.645869
vn -0.928623 0.0242322 -0.370234
vn 0.508107 0.523553 0.6839
vn -0.841969 -0.332428 -0.424948
vn -0.442186 0.409424 -0.798025
vn -0.784607 0.0882208 0.613685
vn -0.964563 0.0564851 -0.257737
vn -0.701033 0.207153 -0.682379
vn -0.807022 -0.445035 -0.388149
vn 0.92535 0.360454 0.117474
vn -0.63067 0.405347 -0.661778
vn 0.214087 -0.963287 -0.162002
vn 0.120678 -0.69058 0.713117
vn -0.673195 -0.732822 -0.0988955
vn -0.666167 -0.738768 -0.10219
vn 0.216396 -0.970534 -0.106005
vn -0.591494 -0.806 0.0223238
vn 0.120678 -0.69058 0.713117
vn -0.684451 -0.722149 -0.100139
vn -0.530836 0.545392 -0.648661
vn 0 -0.847532 0.530745
vn 0.0540515 -0.891688 0.449412
vn -0.13147 -0.905265 0.403994
vn -0.491548 0.738837 -0.460979
vn -0.794116 -0.606996 0.0305904
vn -0.635543 0.641526 -0.429569
vn -0.113389 -0.89694 0.427366
vn -0.966595 -0.195259 -0.166036
vn 0.455842 -0.620663 0.637955
vn 0.286593 -0.917562 0.27558
vn 0.353905 -0.557203 0.751183
vn 0.419985 0.781221 -0.461851
vn 0.713064 0.700159 0.0362892
vn 0.642606 -0.420357 0.640592
vn 0.426651 -0.76751 -0.478433
vn 0.286593 -0.917562 0.27558
vn 0.812392 0.552983 0.18501
vn 0.286593 -0.917562 0.27558
vn -0.60038 -0.561724 -0.569219
vn -0.297667 0.359153 -0.884536
vn 0.426651 -0.76751 -0.478433
vn 0.575082 0.550558 -0.605117
vn -0.543153 -0.143227 -0.827327
vn 0.835623 0.504696 0.216831
vn 0.576037 0.252522 0.777441
vn -0.169592 -0.831687 -0.528712
vn -0.195574 -0.815571 -0.544604
vn 0.223229 -0.946353 0.233633
vn -0.0628838 0.768554 -0.636687
vn -0.954101 0.110393 -0.278398
vn 0.674194 0.727857 -0.125246
vn 0.528261 -0.0201278 0.848844
vn 0.637447 -0.738804 0.218702
vn 0.814129 0.0783927 -0.575369
vn 0.105128 0.774593 -0.623661
vn 0.817562 0.0705612 -0.571502
vn 0.661293 0.58804 -0.465726
vn 0.73614 -0.451407 -0.504311
vn 0.810624 0.0862173 -0.579185
vn 0.724517 0.628404 -0.283167
vn 0.984037 0.0937884 0.151244
vn 0.705478 0.670176 -0.230577
vn -0.136332 -0.889013 0.437115
vn -0.586434 -0.095638 -0.804331
vn -0.232935 -0.882797 0.407935
vn -0.645308 0.427001 -0.633441
vn -0.804961 0.224684 -0.54914
vn 0.180385 -0.775648 0.60484
vn -0.591564 0.513683 -0.621435
vn -0.0328572 -0.823334 0.566606
vn -0.681591 -0.0994415 -0.724945
vn -0.953798 -0.16171 -0.253218
vn -0.529784 0.561866 -0.635323
vn 0.938927 0.0220253 0.34341
vn -0.518574 0.344956 -0.782359
vn -0.671708 0.449097 -0.589169
vn -0.253752 -0.0611989 -0.965331
vn -0.623342 0.467407 -0.626877
vn -0.226094 -0.0880584 -0.970117
vn -0.155449 0.671826 -0.724214
vn 0.411437 -0.753711 -0.512484
vn -0.281027 -0.034247 -0.959089
vn 0.303307 -0.60396 -0.737046
vn 0.384045 0.00239184 -0.923311
vn -0.290093 0.60336 -0.742835
vn 0.356068 0.0327627 -0.933886
vn 0.301465 0.541109 -0.78506
vn 0.395024 0.655122 -0.644027
vn 0.411325 -0.0279834 -0.911059
vn 0.747101 0.371895 -0.550939
vn -0.0661986 -0.800198 0.596071
vn 0.30462 -0.929761 0.206763
vn -0.2239 -0.888363 0.400849
vn 0.30462 -0.929761 0.206763
vn 0.381129 -0.870354 -0.311808
vn -0.2239 -0.888363 0.400849
vn 0.36307 -0.816812 0.448328
vn 0.30462 -0.929761 0.206763
vn 0.264384 -0.78627 0.558462
vn 0.545009 -0.696203 0.46719
vn 0.88141 -0.27922 0.380989
vn 0.975978 0.0616864 0.208954
vn -0.749551 -0.348618 -0.562706
vn -0.594845 0.273438 -0.755904
vn -0.810164 -0.304186 -0.501104
vn -0.74082 0.182513 -0.646432
vn -0.756936 -0.652893 0.027902
vn -0.675457 -0.725429 0.132325
vn -0.871291 -0.00518424 -0.49074
vn -0.833905 0.148511 -0.531552
vn 0.639836 0.716143 -0.278835
vn -0.0279875 -0.781077 0.623808
vn 0.6779 0.704765 -0.209185
vn -0.148873 -0.938807 0.310608
vn -0.124665 -0.990772 0.0531915
vn -0.254453 -0.751744 -0.608387
vn 0.0584197 -0.77194 0.633006
vn -0.0667157 -0.780997 -0.620961
vn 0.573315 -0.794094 -0.201803
vn 0.490649 -0.867464 0.0822867
vn 0.415598 -0.661995 0.623731
vn 0.885791 -0.269986 0.377468
vn -0.762525 0.145864 -0.6303
vn -0.578256 -0.634664 -0.512662
vn -0.955264 -0.2421 -0.169877
vn -0.745644 -0.00557015 -0.666321
vn -0.764057 -0.0484512 -0.643327
vn -0.129132 -0.226571 -0.965397
vn -0.179822 -0.171997 -0.968546
vn -0.164873 0.446858 -0.879281
vn -0.197971 0.626247 -0.75407
vn 0.548718 -0.441935 -0.709649
vn -0.0777235 -0.279886 -0.956882
vn -0.112752 0.405219 -0.90724
vn 0.460028 -0.223719 -0.859258
vn 0.407591 0.373181 -0.83343
vn 0.952067 -0.212299 0.220223
vn 0.578067 0.431512 -0.692557
vn 0.957634 0.26403 -0.114999
g grp1
usemtl mtl1
f 2//2 3//3 1//1 
f 13//13 1//1 19//19 
f 3//3 4//4 1//1 
f 4//4 19//19 1//1 
f 4//4 5//5 19//19 
f 4//4 6//6 5//5 
f 4//4 3//3 6//6 
f 3//3 70//70 6//6 
f 6//6 7//7 5//5 
f 40//40 7//7 6//6 
f 28//28 7//7 45//45 
f 40//40 45//45 7//7 
f 8//8 69//69 2//2 
f 12//12 8//8 2//2 
f 15//15 8//8 12//12 
f 10//10 69//69 8//8 
f 9//9 10//10 8//8 
f 8//8 15//15 9//9 
f 10//10 72//72 69//69 
f 11//11 10//10 9//9 
f 72//72 10//10 11//11 
f 2//2 1//1 12//12 
f 1//1 13//13 12//12 
f 13//13 19//19 14//14 
f 19//19 21//21 14//14 
f 21//21 22//22 14//14 
f 13//13 16//16 12//12 
f 13//13 14//14 16//16 
f 14//14 17//17 16//16 
f 14//14 22//22 17//17 
f 18//18 15//15 12//12 
f 12//12 16//16 18//18 
f 16//16 20//20 18//18 
f 16//16 17//17 20//20 
f 19//19 5//5 21//21 
f 21//21 25//25 22//22 
f 15//15 18//18 9//9 
f 17//17 23//23 20//20 
f 22//22 23//23 17//17 
f 9//9 18//18 24//24 
f 18//18 20//20 24//24 
f 21//21 5//5 7//7 
f 7//7 28//28 21//21 
f 28//28 25//25 21//21 
f 25//25 27//27 22//22 
f 23//23 22//22 27//27 
f 27//27 25//25 29//29 
f 9//9 24//24 11//11 
f 23//23 31//31 20//20 
f 23//23 26//26 31//31 
f 23//23 27//27 26//26 
f 47//47 30//30 27//27 
f 30//30 26//26 27//27 
f 26//26 30//30 34//34 
f 28//28 29//29 25//25 
f 47//47 27//27 29//29 
f 46//46 28//28 45//45 
f 46//46 29//29 28//28 
f 47//47 29//29 46//46 
f 50//50 30//30 47//47 
f 57//57 34//34 30//30 
f 50//50 57//57 30//30 
f 11//11 24//24 32//32 
f 24//24 20//20 33//33 
f 32//32 24//24 33//33 
f 36//36 32//32 33//33 
f 35//35 11//11 32//32 
f 31//31 33//33 20//20 
f 35//35 32//32 36//36 
f 33//33 37//37 36//36 
f 33//33 31//31 37//37 
f 31//31 34//34 55//55 
f 31//31 26//26 34//34 
f 37//37 31//31 55//55 
f 34//34 57//57 55//55 
f 56//56 37//37 55//55 
f 35//35 36//36 58//58 
f 58//58 36//36 56//56 
f 36//36 37//37 56//56 
f 69//69 39//39 2//2 
f 40//40 6//6 38//38 
f 40//40 38//38 71//71 
f 73//73 72//72 11//11 
f 2//2 39//39 3//3 
f 71//71 48//48 40//40 
f 48//48 45//45 40//40 
f 41//41 65//65 61//61 
f 53//53 42//42 41//41 
f 43//43 41//41 42//42 
f 43//43 65//65 41//41 
f 75//75 42//42 53//53 
f 44//44 75//75 53//53 
f 43//43 67//67 65//65 
f 78//78 90//90 67//67 
f 43//43 78//78 67//67 
f 49//49 47//47 46//46 
f 47//47 49//49 50//50 
f 46//46 45//45 48//48 
f 51//51 46//46 48//48 
f 51//51 49//49 46//46 
f 51//51 52//52 49//49 
f 49//49 52//52 50//50 
f 52//52 61//61 50//50 
f 61//61 57//57 50//50 
f 48//48 44//44 51//51 
f 44//44 53//53 51//51 
f 53//53 52//52 51//51 
f 41//41 52//52 53//53 
f 41//41 61//61 52//52 
f 54//54 73//73 11//11 
f 54//54 11//11 35//35 
f 58//58 54//54 35//35 
f 76//76 73//73 54//54 
f 58//58 62//62 54//54 
f 62//62 76//76 54//54 
f 77//77 76//76 62//62 
f 55//55 59//59 56//56 
f 62//62 58//58 64//64 
f 59//59 55//55 57//57 
f 64//64 58//58 60//60 
f 58//58 56//56 60//60 
f 60//60 56//56 59//59 
f 63//63 59//59 57//57 
f 61//61 63//63 57//57 
f 59//59 63//63 60//60 
f 68//68 62//62 64//64 
f 68//68 77//77 62//62 
f 63//63 66//66 60//60 
f 63//63 65//65 66//66 
f 65//65 63//63 61//61 
f 66//66 68//68 64//64 
f 60//60 66//66 64//64 
f 66//66 65//65 67//67 
f 67//67 90//90 68//68 
f 66//66 67//67 68//68 
f 39//39 80//80 3//3 
f 39//39 69//69 82//82 
f 82//82 80//80 39//39 
f 81//81 70//70 80//80 
f 69//69 72//72 93//93 
f 93//93 72//72 73//73 
f 6//6 70//70 38//38 
f 70//70 3//3 80//80 
f 38//38 70//70 84//84 
f 84//84 71//71 38//38 
f 85//85 71//71 84//84 
f 71//71 85//85 74//74 
f 88//88 78//78 79//79 
f 90//90 78//78 88//88 
f 74//74 48//48 71//71 
f 48//48 74//74 44//44 
f 74//74 75//75 44//44 
f 79//79 75//75 89//89 
f 75//75 87//87 89//89 
f 68//68 100//100 77//77 
f 68//68 90//90 100//100 
f 77//77 98//98 76//76 
f 100//100 98//98 77//77 
f 79//79 42//42 75//75 
f 42//42 79//79 43//43 
f 79//79 78//78 43//43 
f 93//93 105//105 82//82 
f 80//80 106//106 107//107 
f 84//84 81//81 83//83 
f 81//81 91//91 83//83 
f 69//69 93//93 82//82 
f 84//84 70//70 81//81 
f 107//107 81//81 80//80 
f 83//83 95//95 85//85 
f 83//83 92//92 95//95 
f 95//95 96//96 86//86 
f 84//84 83//83 85//85 
f 73//73 94//94 93//93 
f 76//76 97//97 73//73 
f 98//98 97//97 76//76 
f 97//97 94//94 73//73 
f 85//85 86//86 74//74 
f 85//85 95//95 86//86 
f 74//74 86//86 87//87 
f 86//86 99//99 87//87 
f 87//87 99//99 101//101 
f 101//101 102//102 89//89 
f 74//74 87//87 75//75 
f 89//89 88//88 79//79 
f 101//101 89//89 87//87 
f 88//88 89//89 102//102 
f 102//102 90//90 88//88 
f 105//105 118//118 104//104 
f 91//91 81//81 107//107 
f 93//93 94//94 105//105 
f 104//104 82//82 105//105 
f 80//80 82//82 104//104 
f 106//106 80//80 104//104 
f 91//91 109//109 92//92 
f 83//83 91//91 92//92 
f 110//110 94//94 97//97 
f 97//97 125//125 110//110 
f 96//96 99//99 86//86 
f 101//101 99//99 96//96 
f 97//97 98//98 125//125 
f 100//100 114//114 98//98 
f 100//100 103//103 114//114 
f 100//100 90//90 103//103 
f 103//103 90//90 102//102 
f 133//133 129//129 106//106 
f 104//104 133//133 106//106 
f 107//107 106//106 129//129 
f 108//108 107//107 117//117 
f 132//132 118//118 105//105 
f 121//121 105//105 94//94 
f 91//91 107//107 108//108 
f 119//119 91//91 108//108 
f 109//109 91//91 119//119 
f 92//92 123//123 111//111 
f 123//123 124//124 111//111 
f 110//110 121//121 94//94 
f 124//124 112//112 111//111 
f 122//122 115//115 113//113 
f 92//92 111//111 95//95 
f 95//95 111//111 96//96 
f 111//111 112//112 96//96 
f 113//113 101//101 112//112 
f 124//124 113//113 112//112 
f 124//124 122//122 113//113 
f 114//114 125//125 98//98 
f 101//101 96//96 112//112 
f 102//102 101//101 115//115 
f 102//102 115//115 103//103 
f 101//101 113//113 115//115 
f 133//133 104//104 116//116 
f 118//118 116//116 104//104 
f 130//130 107//107 129//129 
f 117//117 107//107 130//130 
f 119//119 117//117 134//134 
f 134//134 120//120 119//119 
f 119//119 108//108 117//117 
f 109//109 119//119 120//120 
f 109//109 120//120 123//123 
f 120//120 137//137 123//123 
f 137//137 124//124 123//123 
f 132//132 105//105 121//121 
f 136//136 110//110 125//125 
f 136//136 121//121 110//110 
f 147//147 136//136 125//125 
f 123//123 92//92 109//109 
f 147//147 125//125 114//114 
f 103//103 126//126 114//114 
f 115//115 127//127 103//103 
f 127//127 115//115 128//128 
f 103//103 127//127 126//126 
f 122//122 128//128 115//115 
f 129//129 133//133 141//141 
f 117//117 143//143 131//131 
f 118//118 142//142 116//116 
f 116//116 140//140 133//133 
f 143//143 117//117 130//130 
f 131//131 134//134 117//117 
f 152//152 135//135 134//134 
f 135//135 152//152 144//144 
f 135//135 144//144 146//146 
f 134//134 135//135 120//120 
f 132//132 142//142 118//118 
f 156//156 132//132 121//121 
f 145//145 146//146 155//155 
f 122//122 138//138 148//148 
f 148//148 128//128 122//122 
f 139//139 128//128 148//148 
f 120//120 135//135 137//137 
f 146//146 137//137 135//135 
f 124//124 137//137 138//138 
f 137//137 146//146 138//138 
f 146//146 145//145 138//138 
f 121//121 136//136 156//156 
f 114//114 126//126 147//147 
f 139//139 127//127 128//128 
f 126//126 127//127 139//139 
f 138//138 122//122 124//124 
f 159//159 140//140 150//150 
f 133//133 140//140 141//141 
f 173//173 141//141 140//140 
f 149//149 130//130 161//161 
f 129//129 141//141 161//161 
f 130//130 129//129 161//161 
f 116//116 150//150 140//140 
f 142//142 150//150 116//116 
f 149//149 143//143 130//130 
f 131//131 143//143 151//151 
f 152//152 131//131 151//151 
f 131//131 152//152 134//134 
f 147//147 156//156 136//136 
f 168//168 126//126 139//139 
f 126//126 168//168 147//147 
f 145//145 148//148 138//138 
f 173//173 186//186 141//141 
f 186//186 161//161 141//141 
f 150//150 160//160 159//159 
f 159//159 173//173 140//140 
f 164//164 151//151 149//149 
f 149//149 151//151 143//143 
f 165//165 151//151 164//164 
f 150//150 142//142 163//163 
f 152//152 151//151 165//165 
f 166//166 152//152 165//165 
f 167//167 156//156 157//157 
f 169//169 170//170 155//155 
f 155//155 170//170 153//153 
f 139//139 154//154 171//171 
f 172//172 158//158 153//153 
f 154//154 172//172 182//182 
f 139//139 171//171 168//168 
f 155//155 144//144 152//152 
f 169//169 155//155 152//152 
f 172//172 154//154 158//158 
f 155//155 153//153 145//145 
f 145//145 153//153 158//158 
f 146//146 144//144 155//155 
f 142//142 132//132 167//167 
f 167//167 132//132 156//156 
f 147//147 157//157 156//156 
f 157//157 147//147 168//168 
f 154//154 148//148 158//158 
f 139//139 148//148 154//154 
f 145//145 158//158 148//148 
f 161//161 174//174 149//149 
f 165//165 162//162 176//176 
f 162//162 164//164 174//174 
f 160//160 150//150 163//163 
f 164//164 149//149 174//174 
f 162//162 165//165 164//164 
f 166//166 177//177 178//178 
f 193//193 163//163 142//142 
f 167//167 193//193 142//142 
f 181//181 167//167 157//157 
f 194//194 181//181 157//157 
f 180//180 183//183 170//170 
f 183//183 172//172 153//153 
f 170//170 183//183 153//153 
f 183//183 182//182 172//172 
f 178//178 169//169 166//166 
f 170//170 178//178 180//180 
f 178//178 170//170 169//169 
f 152//152 166//166 169//169 
f 168//168 194//194 157//157 
f 154//154 182//182 171//171 
f 186//186 187//187 161//161 
f 174//174 161//161 187//187 
f 160//160 190//190 159//159 
f 186//186 173//173 184//184 
f 190//190 160//160 163//163 
f 193//193 190//190 163//163 
f 206//206 178//178 177//177 
f 206//206 177//177 175//175 
f 162//162 174//174 189//189 
f 176//176 162//162 189//189 
f 166//166 165//165 176//176 
f 175//175 176//176 189//189 
f 166//166 176//176 177//177 
f 175//175 177//177 176//176 
f 181//181 191//191 167//167 
f 191//191 193//193 167//167 
f 192//192 191//191 181//181 
f 194//194 168//168 205//205 
f 168//168 195//195 205//205 
f 179//179 195//195 182//182 
f 180//180 179//179 183//183 
f 179//179 182//182 183//183 
f 194//194 192//192 181//181 
f 171//171 182//182 195//195 
f 168//168 171//171 195//195 
f 159//159 185//185 173//173 
f 187//187 186//186 208//208 
f 188//188 187//187 208//208 
f 159//159 190//190 198//198 
f 184//184 173//173 185//185 
f 174//174 187//187 188//188 
f 174//174 188//188 189//189 
f 201//201 175//175 189//189 
f 200//200 190//190 193//193 
f 201//201 202//202 175//175 
f 180//180 206//206 207//207 
f 202//202 206//206 175//175 
f 191//191 203//203 193//193 
f 203//203 191//191 192//192 
f 214//214 203//203 192//192 
f 180//180 207//207 179//179 
f 180//180 178//178 206//206 
f 185//185 159//159 196//196 
f 185//185 197//197 219//219 
f 196//196 197//197 185//185 
f 159//159 198//198 196//196 
f 219//219 186//186 184//184 
f 185//185 219//219 184//184 
f 210//210 202//202 201//201 
f 189//189 188//188 199//199 
f 201//201 199//199 210//210 
f 203//203 200//200 193//193 
f 189//189 199//199 201//201 
f 234//234 214//214 194//194 
f 205//205 234//234 194//194 
f 207//207 215//215 204//204 
f 205//205 204//204 215//215 
f 207//207 206//206 213//213 
f 204//204 179//179 207//207 
f 194//194 214//214 192//192 
f 205//205 195//195 204//204 
f 204//204 195//195 179//179 
f 217//217 218//218 197//197 
f 219//219 197//197 218//218 
f 196//196 216//216 217//217 
f 211//211 227//227 216//216 
f 209//209 188//188 208//208 
f 188//188 209//209 199//199 
f 210//210 199//199 209//209 
f 222//222 227//227 211//211 
f 196//196 217//217 197//197 
f 198//198 216//216 196//196 
f 216//216 198//198 211//211 
f 211//211 198//198 190//190 
f 211//211 190//190 200//200 
f 222//222 211//211 200//200 
f 222//222 203//203 223//223 
f 200//200 203//203 222//222 
f 210//210 213//213 202//202 
f 213//213 224//224 212//212 
f 234//234 205//205 236//236 
f 205//205 215//215 236//236 
f 214//214 223//223 203//203 
f 213//213 212//212 207//207 
f 212//212 215//215 207//207 
f 206//206 202//202 213//213 
f 217//217 216//216 255//255 
f 239//239 225//225 219//219 
f 216//216 227//227 254//254 
f 208//208 225//225 220//220 
f 225//225 186//186 219//219 
f 220//220 209//209 208//208 
f 208//208 186//186 225//225 
f 233//233 221//221 232//232 
f 221//221 209//209 220//220 
f 221//221 210//210 209//209 
f 221//221 233//233 210//210 
f 213//213 210//210 233//233 
f 230//230 222//222 223//223 
f 224//224 770//770 238//238 
f 238//238 235//235 212//212 
f 235//235 215//215 212//212 
f 224//224 213//213 770//770 
f 238//238 212//212 224//224 
f 231//231 223//223 214//214 
f 231//231 214//214 234//234 
f 239//239 218//218 256//256 
f 255//255 216//216 254//254 
f 218//218 217//217 255//255 
f 218//218 239//239 219//219 
f 239//239 240//240 225//225 
f 227//227 294//294 254//254 
f 226//226 294//294 227//227 
f 294//294 226//226 230//230 
f 220//220 225//225 243//243 
f 228//228 220//220 243//243 
f 252//252 229//229 228//228 
f 229//229 220//220 228//228 
f 229//229 232//232 220//220 
f 223//223 231//231 230//230 
f 226//226 227//227 222//222 
f 230//230 226//226 222//222 
f 220//220 232//232 221//221 
f 236//236 215//215 235//235 
f 237//237 236//236 235//235 
f 256//256 218//218 255//255 
f 241//241 225//225 240//240 
f 241//241 243//243 225//225 
f 241//241 242//242 243//243 
f 242//242 228//228 243//243 
f 242//242 257//257 228//228 
f 257//257 252//252 228//228 
f 258//258 252//252 257//257 
f 294//294 230//230 295//295 
f 295//295 230//230 231//231 
f 262//262 283//283 244//244 
f 244//244 245//245 252//252 
f 245//245 244//244 246//246 
f 248//248 245//245 246//246 
f 771//771 776//776 247//247 
f 245//245 774//774 252//252 
f 249//249 252//252 775//775 
f 244//244 283//283 246//246 
f 841//841 284//284 772//772 
f 777//777 773//773 285//285 
f 845//845 772//772 284//284 
f 775//775 778//778 846//846 
f 288//288 250//250 251//251 
f 780//780 779//779 253//253 
f 229//229 252//252 249//249 
f 232//232 229//229 306//306 
f 306//306 233//233 232//232 
f 231//231 234//234 782//782 
f 231//231 782//782 250//250 
f 782//782 234//234 329//329 
f 307//307 329//329 234//234 
f 236//236 237//237 307//307 
f 234//234 236//236 307//307 
f 294//294 308//308 254//254 
f 290//290 291//291 240//240 
f 240//240 239//239 290//290 
f 241//241 240//240 291//291 
f 296//296 257//257 242//242 
f 241//241 292//292 242//242 
f 296//296 242//242 292//292 
f 258//258 257//257 296//296 
f 297//297 258//258 293//293 
f 326//326 287//287 279//279 
f 244//244 252//252 258//258 
f 265//265 244//244 258//258 
f 265//265 258//258 297//297 
f 295//295 231//231 315//315 
f 250//250 315//315 231//231 
f 250//250 259//259 315//315 
f 259//259 288//288 310//310 
f 288//288 259//259 250//250 
f 304//304 277//277 303//303 
f 288//288 277//277 304//304 
f 327//327 279//279 282//282 
f 260//260 327//327 282//282 
f 328//328 327//327 260//260 
f 260//260 261//261 328//328 
f 262//262 244//244 264//264 
f 268//268 263//263 791//791 
f 262//262 264//264 788//788 
f 786//786 789//789 286//286 
f 787//787 847//847 842//842 
f 790//790 800//800 848//848 
f 264//264 244//244 266//266 
f 266//266 267//267 264//264 
f 271//271 797//797 794//794 
f 792//792 798//798 801//801 
f 848//848 800//800 287//287 
f 270//270 288//288 289//289 
f 795//795 244//244 265//265 
f 811//811 287//287 800//800 
f 269//269 850//850 273//273 
f 272//272 802//802 274//274 
f 272//272 793//793 802//802 
f 265//265 297//297 803//803 
f 265//265 813//813 795//795 
f 796//796 814//814 812//812 
f 800//800 799//799 811//811 
f 275//275 804//804 816//816 
f 807//807 805//805 826//826 
f 806//806 808//808 822//822 
f 277//277 270//270 827//827 
f 823//823 809//809 278//278 
f 277//277 288//288 270//270 
f 278//278 809//809 281//281 
f 810//810 849//849 840//840 
f 279//279 287//287 811//811 
f 815//815 279//279 811//811 
f 817//817 297//297 303//303 
f 818//818 851//851 280//280 
f 279//279 815//815 838//838 
f 819//819 838//838 815//815 
f 824//824 819//819 815//815 
f 303//303 277//277 839//839 
f 828//828 820//820 276//276 
f 821//821 825//825 831//831 
f 835//835 828//828 276//276 
f 831//831 825//825 836//836 
f 829//829 784//784 832//832 
f 830//830 840//840 261//261 
f 830//830 837//837 840//840 
f 282//282 279//279 838//838 
f 282//282 833//833 260//260 
f 838//838 833//833 282//282 
f 834//834 785//785 783//783 
f 375//375 261//261 840//840 
f 287//287 843//843 848//848 
f 287//287 249//249 846//846 
f 844//844 287//287 846//846 
f 846//846 249//249 775//775 
f 844//844 843//843 287//287 
f 249//249 306//306 229//229 
f 251//251 289//289 288//288 
f 781//781 840//840 849//849 
f 375//375 840//840 781//781 
f 375//375 781//781 378//378 
f 329//329 378//378 782//782 
f 378//378 781//781 782//782 
f 330//330 237//237 235//235 
f 238//238 330//330 235//235 
f 291//291 302//302 292//292 
f 292//292 302//302 312//312 
f 292//292 241//241 291//291 
f 292//292 312//312 296//296 
f 312//312 293//293 296//296 
f 258//258 296//296 293//293 
f 305//305 297//297 293//293 
f 259//259 310//310 315//315 
f 305//305 303//303 297//297 
f 288//288 304//304 310//310 
f 328//328 261//261 375//375 
f 239//239 256//256 299//299 
f 256//256 298//298 299//299 
f 299//299 290//290 239//239 
f 301//301 290//290 299//299 
f 254//254 300//300 255//255 
f 300//300 298//298 255//255 
f 300//300 254//254 308//308 
f 256//256 255//255 298//298 
f 301//301 291//291 290//290 
f 301//301 302//302 291//291 
f 309//309 308//308 294//294 
f 294//294 295//295 309//309 
f 312//312 311//311 293//293 
f 293//293 311//311 305//305 
f 314//314 310//310 304//304 
f 314//314 304//304 303//303 
f 326//326 249//249 287//287 
f 299//299 298//298 332//332 
f 309//309 319//319 308//308 
f 335//335 319//319 309//309 
f 313//313 335//335 309//309 
f 311//311 312//312 323//323 
f 338//338 315//315 310//310 
f 313//313 309//309 295//295 
f 295//295 315//315 313//313 
f 310//310 314//314 325//325 
f 325//325 303//303 305//305 
f 325//325 305//305 311//311 
f 314//314 303//303 325//325 
f 395//395 233//233 306//306 
f 770//770 399//399 316//316 
f 316//316 340//340 238//238 
f 770//770 316//316 238//238 
f 330//330 238//238 340//340 
f 308//308 319//319 318//318 
f 298//298 300//300 317//317 
f 317//317 300//300 318//318 
f 318//318 300//300 308//308 
f 332//332 298//298 317//317 
f 299//299 332//332 320//320 
f 301//301 299//299 320//320 
f 320//320 321//321 301//301 
f 301//301 321//321 302//302 
f 321//321 322//322 302//302 
f 302//302 322//322 312//312 
f 336//336 315//315 338//338 
f 322//322 323//323 312//312 
f 324//324 311//311 323//323 
f 311//311 324//324 325//325 
f 249//249 326//326 339//339 
f 306//306 249//249 852//852 
f 327//327 326//326 279//279 
f 344//344 329//329 307//307 
f 399//399 340//340 316//316 
f 353//353 317//317 318//318 
f 320//320 345//345 331//331 
f 345//345 320//320 332//332 
f 331//331 321//321 320//320 
f 331//331 322//322 321//321 
f 342//342 322//322 331//331 
f 334//334 333//333 351//351 
f 333//333 342//342 351//351 
f 322//322 342//342 333//333 
f 323//323 322//322 333//333 
f 323//323 333//333 324//324 
f 324//324 333//333 334//334 
f 336//336 335//335 313//313 
f 315//315 336//336 313//313 
f 358//358 338//338 337//337 
f 358//358 337//337 334//334 
f 324//324 334//334 325//325 
f 325//325 334//334 337//337 
f 337//337 338//338 310//310 
f 325//325 337//337 310//310 
f 327//327 370//370 359//359 
f 327//327 328//328 370//370 
f 377//377 339//339 326//326 
f 327//327 359//359 326//326 
f 330//330 340//340 380//380 
f 343//343 330//330 380//380 
f 237//237 330//330 343//343 
f 307//307 237//237 343//343 
f 860//860 399//399 770//770 
f 344//344 307//307 343//343 
f 346//346 318//318 347//347 
f 346//346 353//353 318//318 
f 319//319 347//347 318//318 
f 350//350 331//331 345//345 
f 350//350 342//342 331//331 
f 341//341 853//853 319//319 
f 341//341 319//319 335//335 
f 335//335 348//348 341//341 
f 348//348 335//335 336//336 
f 352//352 358//358 334//334 
f 355//355 853//853 341//341 
f 854//854 354//354 332//332 
f 317//317 854//854 332//332 
f 345//345 332//332 354//354 
f 367//367 350//350 345//345 
f 356//356 351//351 357//357 
f 350//350 357//357 351//351 
f 356//356 352//352 351//351 
f 336//336 349//349 348//348 
f 369//369 336//336 338//338 
f 356//356 358//358 352//352 
f 336//336 369//369 349//349 
f 351//351 342//342 350//350 
f 334//334 351//351 352//352 
f 328//328 375//375 370//370 
f 360//360 377//377 326//326 
f 359//359 360//360 326//326 
f 306//306 852//852 856//856 
f 346//346 365//365 353//353 
f 347//347 365//365 346//346 
f 853//853 355//355 855//855 
f 345//345 363//363 367//367 
f 366//366 355//355 348//348 
f 366//366 348//348 349//349 
f 354//354 363//363 345//345 
f 364//364 357//357 367//367 
f 356//356 357//357 364//364 
f 350//350 367//367 357//357 
f 348//348 355//355 341//341 
f 368//368 369//369 358//358 
f 338//338 358//358 369//369 
f 368//368 358//358 356//356 
f 856//856 395//395 306//306 
f 379//379 329//329 344//344 
f 344//344 361//361 379//379 
f 361//361 343//343 380//380 
f 340//340 399//399 400//400 
f 397//397 379//379 361//361 
f 343//343 361//361 344//344 
f 400//400 380//380 340//340 
f 363//363 362//362 371//371 
f 363//363 371//371 367//367 
f 383//383 855//855 355//355 
f 383//383 355//355 390//390 
f 387//387 367//367 371//371 
f 362//362 354//354 854//854 
f 363//363 354//354 362//362 
f 367//367 387//387 364//364 
f 364//364 372//372 368//368 
f 390//390 355//355 366//366 
f 372//372 373//373 368//368 
f 373//373 369//369 368//368 
f 364//364 368//368 356//356 
f 369//369 366//366 349//349 
f 360//360 359//359 374//374 
f 370//370 376//376 359//359 
f 359//359 376//376 374//374 
f 377//377 360//360 374//374 
f 379//379 378//378 329//329 
f 384//384 371//371 362//362 
f 387//387 371//371 384//384 
f 388//388 364//364 387//387 
f 386//386 366//366 369//369 
f 369//369 373//373 386//386 
f 442//442 376//376 370//370 
f 370//370 445//445 442//442 
f 465//465 377//377 374//374 
f 375//375 445//445 370//370 
f 397//397 408//408 379//379 
f 378//378 379//379 408//408 
f 397//397 361//361 402//402 
f 380//380 402//402 361//361 
f 384//384 362//362 381//381 
f 857//857 353//353 382//382 
f 362//362 854//854 381//381 
f 405//405 382//382 383//383 
f 406//406 407//407 387//387 
f 388//388 387//387 407//407 
f 389//389 388//388 407//407 
f 406//406 385//385 384//384 
f 440//440 405//405 383//383 
f 440//440 383//383 390//390 
f 441//441 440//440 390//390 
f 353//353 365//365 382//382 
f 382//382 855//855 383//383 
f 390//390 386//386 441//441 
f 387//387 384//384 385//385 
f 406//406 387//387 385//385 
f 390//390 366//366 386//386 
f 388//388 372//372 364//364 
f 372//372 388//388 389//389 
f 389//389 386//386 373//373 
f 389//389 373//373 372//372 
f 409//409 394//394 393//393 
f 395//395 856//856 391//391 
f 392//392 395//395 391//391 
f 393//393 392//392 391//391 
f 392//392 393//393 394//394 
f 408//408 375//375 378//378 
f 398//398 396//396 397//397 
f 415//415 396//396 398//398 
f 402//402 398//398 397//397 
f 403//403 454//454 402//402 
f 404//404 455//455 403//403 
f 403//403 455//455 454//454 
f 380//380 400//400 401//401 
f 402//402 380//380 403//403 
f 399//399 404//404 400//400 
f 401//401 404//404 403//403 
f 400//400 404//404 401//401 
f 401//401 403//403 380//380 
f 437//437 435//435 405//405 
f 438//438 405//405 435//435 
f 437//437 405//405 440//440 
f 436//436 431//431 384//384 
f 436//436 857//857 438//438 
f 436//436 384//384 381//381 
f 438//438 382//382 405//405 
f 438//438 857//857 382//382 
f 439//439 406//406 431//431 
f 431//431 406//406 384//384 
f 464//464 441//441 386//386 
f 439//439 407//407 406//406 
f 407//407 439//439 462//462 
f 389//389 407//407 462//462 
f 462//462 464//464 389//389 
f 464//464 386//386 389//389 
f 444//444 391//391 856//856 
f 444//444 858//858 391//391 
f 858//858 444//444 476//476 
f 394//394 466//466 452//452 
f 476//476 863//863 858//858 
f 412//412 410//410 861//861 
f 863//863 476//476 413//413 
f 864//864 870//870 411//411 
f 865//865 867//867 859//859 
f 871//871 410//410 412//412 
f 868//868 872//872 449//449 
f 866//866 873//873 448//448 
f 868//868 466//466 394//394 
f 448//448 862//862 866//866 
f 392//392 394//394 452//452 
f 452//452 468//468 392//392 
f 395//395 392//392 468//468 
f 399//399 414//414 404//404 
f 874//874 455//455 404//404 
f 453//453 414//414 399//399 
f 468//468 451//451 860//860 
f 860//860 451//451 399//399 
f 415//415 869//869 396//396 
f 420//420 421//421 416//416 
f 417//417 420//420 416//416 
f 417//417 416//416 433//433 
f 422//422 420//420 417//417 
f 418//418 423//423 422//422 
f 419//419 417//417 879//879 
f 419//419 418//418 417//417 
f 418//418 422//422 417//417 
f 423//423 418//418 424//424 
f 424//424 418//418 419//419 
f 424//424 419//419 425//425 
f 425//425 419//419 437//437 
f 875//875 876//876 426//426 
f 426//426 427//427 875//875 
f 877//877 428//428 420//420 
f 420//420 428//428 421//421 
f 428//428 439//439 421//421 
f 426//426 422//422 429//429 
f 429//429 422//422 423//423 
f 424//424 430//430 423//423 
f 423//423 430//430 429//429 
f 432//432 424//424 425//425 
f 432//432 878//878 424//424 
f 425//425 437//437 432//432 
f 426//426 456//456 427//427 
f 882//882 457//457 877//877 
f 877//877 457//457 428//428 
f 457//457 439//439 428//428 
f 456//456 426//426 458//458 
f 458//458 426//426 429//429 
f 458//458 429//429 459//459 
f 459//459 429//429 430//430 
f 884//884 878//878 432//432 
f 463//463 884//884 432//432 
f 416//416 431//431 433//433 
f 431//431 416//416 421//421 
f 439//439 431//431 421//421 
f 433//433 431//431 436//436 
f 432//432 437//437 434//434 
f 432//432 434//434 463//463 
f 437//437 419//419 435//435 
f 435//435 419//419 879//879 
f 891//891 880//880 464//464 
f 879//879 438//438 435//435 
f 438//438 433//433 436//436 
f 437//437 440//440 434//434 
f 440//440 441//441 434//434 
f 441//441 464//464 880//880 
f 443//443 374//374 376//376 
f 443//443 465//465 374//374 
f 442//442 443//443 376//376 
f 442//442 472//472 443//443 
f 892//892 444//444 856//856 
f 493//493 445//445 446//446 
f 474//474 493//493 446//446 
f 475//475 474//474 408//408 
f 447//447 475//475 408//408 
f 408//408 446//446 375//375 
f 446//446 445//445 375//375 
f 474//474 446//446 408//408 
f 447//447 408//408 397//397 
f 447//447 862//862 448//448 
f 397//397 862//862 447//447 
f 466//466 449//449 484//484 
f 893//893 449//449 450//450 
f 466//466 868//868 449//449 
f 452//452 498//498 468//468 
f 881//881 451//451 487//487 
f 872//872 450//450 449//449 
f 869//869 450//450 872//872 
f 467//467 415//415 469//469 
f 467//467 869//869 415//415 
f 874//874 881//881 455//455 
f 451//451 881//881 399//399 
f 457//457 882//882 460//460 
f 456//456 458//458 887//887 
f 460//460 462//462 457//457 
f 439//439 457//457 462//462 
f 883//883 885//885 461//461 
f 891//891 889//889 886//886 
f 890//890 464//464 462//462 
f 889//889 891//891 464//464 
f 888//888 883//883 461//461 
f 890//890 462//462 460//460 
f 471//471 443//443 472//472 
f 471//471 465//465 443//443 
f 472//472 442//442 473//473 
f 493//493 473//473 445//445 
f 445//445 473//473 442//442 
f 450//450 485//485 893//893 
f 467//467 485//485 450//450 
f 869//869 467//467 450//450 
f 499//499 452//452 466//466 
f 499//499 498//498 452//452 
f 486//486 451//451 468//468 
f 486//486 487//487 451//451 
f 455//455 881//881 478//478 
f 487//487 489//489 881//881 
f 489//489 478//478 881//881 
f 469//469 415//415 398//398 
f 470//470 469//469 398//398 
f 470//470 398//398 402//402 
f 454//454 479//479 402//402 
f 454//454 455//455 478//478 
f 479//479 470//470 402//402 
f 479//479 454//454 478//478 
f 471//471 480//480 465//465 
f 472//472 480//480 471//471 
f 494//494 497//497 475//475 
f 494//494 475//475 482//482 
f 474//474 475//475 497//497 
f 447//447 482//482 475//475 
f 448//448 482//482 447//447 
f 496//496 481//481 477//477 
f 476//476 496//496 477//477 
f 482//482 448//448 481//481 
f 481//481 448//448 477//477 
f 476//476 477//477 413//413 
f 873//873 477//477 448//448 
f 893//893 485//485 514//514 
f 485//485 467//467 483//483 
f 483//483 467//467 469//469 
f 488//488 483//483 469//469 
f 470//470 488//488 469//469 
f 478//478 501//501 479//479 
f 492//492 472//472 473//473 
f 503//503 480//480 492//492 
f 492//492 473//473 493//493 
f 472//472 492//492 480//480 
f 490//490 465//465 480//480 
f 444//444 892//892 894//894 
f 444//444 894//894 491//491 
f 444//444 491//491 495//495 
f 476//476 444//444 495//495 
f 482//482 481//481 506//506 
f 482//482 506//506 494//494 
f 485//485 483//483 514//514 
f 499//499 466//466 484//484 
f 529//529 483//483 488//488 
f 498//498 486//486 468//468 
f 470//470 479//479 488//488 
f 501//501 508//508 479//479 
f 479//479 508//508 488//488 
f 519//519 491//491 894//894 
f 507//507 491//491 505//505 
f 503//503 492//492 509//509 
f 493//493 895//895 492//492 
f 504//504 493//493 474//474 
f 504//504 474//474 497//497 
f 507//507 495//495 491//491 
f 496//496 495//495 507//507 
f 507//507 512//512 496//496 
f 512//512 481//481 496//496 
f 512//512 506//506 481//481 
f 496//496 476//476 495//495 
f 499//499 484//484 513//513 
f 514//514 513//513 893//893 
f 501//501 478//478 502//502 
f 486//486 500//500 487//487 
f 487//487 500//500 489//489 
f 489//489 502//502 478//478 
f 500//500 502//502 489//489 
f 503//503 490//490 480//480 
f 504//504 497//497 511//511 
f 494//494 511//511 497//497 
f 511//511 494//494 506//506 
f 504//504 511//511 522//522 
f 510//510 505//505 491//491 
f 510//510 507//507 505//505 
f 527//527 528//528 498//498 
f 498//498 528//528 515//515 
f 529//529 514//514 483//483 
f 498//498 515//515 486//486 
f 486//486 515//515 500//500 
f 516//516 517//517 502//502 
f 500//500 516//516 502//502 
f 515//515 516//516 500//500 
f 517//517 501//501 502//502 
f 519//519 894//894 518//518 
f 509//509 520//520 503//503 
f 490//490 503//503 518//518 
f 520//520 518//518 503//503 
f 521//521 493//493 504//504 
f 522//522 521//521 504//504 
f 507//507 510//510 525//525 
f 519//519 510//510 491//491 
f 506//506 512//512 526//526 
f 511//511 506//506 526//526 
f 499//499 527//527 498//498 
f 515//515 528//528 539//539 
f 517//517 508//508 501//501 
f 530//530 518//518 520//520 
f 531//531 543//543 519//519 
f 531//531 519//519 518//518 
f 895//895 521//521 542//542 
f 521//521 555//555 542//542 
f 522//522 555//555 521//521 
f 895//895 493//493 521//521 
f 510//510 519//519 897//897 
f 507//507 525//525 512//512 
f 526//526 512//512 524//524 
f 511//511 523//523 522//522 
f 526//526 523//523 511//511 
f 526//526 524//524 523//523 
f 557//557 529//529 488//488 
f 508//508 557//557 488//488 
f 517//517 541//541 508//508 
f 541//541 557//557 508//508 
f 515//515 539//539 516//516 
f 520//520 509//509 530//530 
f 554//554 510//510 897//897 
f 533//533 532//532 544//544 
f 530//530 531//531 518//518 
f 532//532 510//510 554//554 
f 896//896 530//530 509//509 
f 546//546 555//555 522//522 
f 523//523 546//546 522//522 
f 524//524 534//534 523//523 
f 534//534 546//546 523//523 
f 533//533 535//535 524//524 
f 524//524 535//535 534//534 
f 544//544 545//545 535//535 
f 533//533 544//544 535//535 
f 534//534 545//545 546//546 
f 535//535 545//545 534//534 
f 533//533 512//512 525//525 
f 532//532 533//533 525//525 
f 510//510 532//532 525//525 
f 533//533 524//524 512//512 
f 536//536 538//538 573//573 
f 527//527 499//499 536//536 
f 536//536 499//499 538//538 
f 548//548 514//514 529//529 
f 529//529 557//557 548//548 
f 513//513 538//538 499//499 
f 537//537 538//538 513//513 
f 513//513 514//514 537//537 
f 514//514 548//548 537//537 
f 516//516 540//540 517//517 
f 540//540 541//541 517//517 
f 539//539 540//540 516//516 
f 528//528 547//547 539//539 
f 561//561 552//552 896//896 
f 555//555 561//561 542//542 
f 531//531 530//530 550//550 
f 543//543 531//531 550//550 
f 546//546 545//545 553//553 
f 552//552 530//530 896//896 
f 553//553 555//555 546//546 
f 900//900 538//538 537//537 
f 537//537 574//574 900//900 
f 574//574 537//537 576//576 
f 558//558 539//539 547//547 
f 549//549 539//539 558//558 
f 558//558 559//559 549//549 
f 576//576 537//537 548//548 
f 557//557 541//541 560//560 
f 549//549 540//540 539//539 
f 541//541 540//540 560//560 
f 549//549 559//559 540//540 
f 563//563 551//551 552//552 
f 562//562 567//567 550//550 
f 562//562 551//551 563//563 
f 562//562 550//550 551//551 
f 568//568 571//571 566//566 
f 551//551 550//550 530//530 
f 552//552 551//551 530//530 
f 555//555 568//568 561//561 
f 553//553 568//568 555//555 
f 571//571 568//568 553//553 
f 567//567 543//543 550//550 
f 554//554 897//897 564//564 
f 564//564 897//897 899//899 
f 564//564 569//569 554//554 
f 554//554 569//569 556//556 
f 556//556 569//569 570//570 
f 545//545 571//571 553//553 
f 556//556 570//570 544//544 
f 572//572 544//544 570//570 
f 572//572 571//571 545//545 
f 544//544 572//572 545//545 
f 556//556 544//544 532//532 
f 554//554 556//556 532//532 
f 536//536 575//575 527//527 
f 547//547 528//528 588//588 
f 588//588 528//528 527//527 
f 559//559 560//560 540//540 
f 582//582 567//567 578//578 
f 583//583 899//899 582//582 
f 578//578 567//567 562//562 
f 563//563 579//579 901//901 
f 901//901 562//562 563//563 
f 565//565 579//579 563//563 
f 898//898 561//561 902//902 
f 563//563 552//552 565//565 
f 898//898 552//552 561//561 
f 561//561 568//568 585//585 
f 566//566 585//585 568//568 
f 569//569 564//564 584//584 
f 584//584 570//570 569//569 
f 586//586 585//585 566//566 
f 571//571 586//586 566//566 
f 571//571 570//570 586//586 
f 564//564 899//899 583//583 
f 570//570 571//571 572//572 
f 574//574 603//603 900//900 
f 590//590 576//576 548//548 
f 557//557 590//590 548//548 
f 904//904 576//576 633//633 
f 904//904 574//574 576//576 
f 588//588 604//604 547//547 
f 573//573 575//575 536//536 
f 547//547 604//604 558//558 
f 604//604 577//577 558//558 
f 527//527 575//575 588//588 
f 558//558 577//577 559//559 
f 559//559 589//589 560//560 
f 577//577 589//589 559//559 
f 601//601 596//596 902//902 
f 601//601 585//585 580//580 
f 600//600 582//582 595//595 
f 582//582 600//600 583//583 
f 583//583 600//600 597//597 
f 597//597 564//564 583//583 
f 597//597 584//584 564//564 
f 601//601 902//902 561//561 
f 585//585 601//601 561//561 
f 595//595 582//582 578//578 
f 596//596 595//595 901//901 
f 596//596 901//901 579//579 
f 602//602 581//581 584//584 
f 580//580 586//586 581//581 
f 586//586 570//570 587//587 
f 903//903 570//570 584//584 
f 586//586 580//580 585//585 
f 581//581 903//903 584//584 
f 587//587 581//581 586//586 
f 588//588 575//575 636//636 
f 633//633 576//576 590//590 
f 591//591 560//560 589//589 
f 560//560 591//591 557//557 
f 606//606 590//590 557//557 
f 606//606 557//557 591//591 
f 593//593 595//595 592//592 
f 618//618 595//595 593//593 
f 618//618 593//593 607//607 
f 593//593 592//592 607//607 
f 592//592 595//595 596//596 
f 618//618 600//600 595//595 
f 627//627 611//611 601//601 
f 596//596 611//611 592//592 
f 601//601 594//594 627//627 
f 594//594 631//631 627//627 
f 631//631 594//594 598//598 
f 628//628 598//598 599//599 
f 628//628 631//631 598//598 
f 611//611 596//596 601//601 
f 920//920 597//597 600//600 
f 584//584 597//597 629//629 
f 584//584 629//629 599//599 
f 598//598 602//602 599//599 
f 599//599 602//602 584//584 
f 602//602 598//598 581//581 
f 629//629 628//628 599//599 
f 594//594 601//601 580//580 
f 581//581 594//594 580//580 
f 581//581 598//598 594//594 
f 632//632 636//636 575//575 
f 573//573 632//632 575//575 
f 932//932 900//900 603//603 
f 604//604 588//588 637//637 
f 637//637 642//642 604//604 
f 591//591 635//635 606//606 
f 589//589 577//577 605//605 
f 589//589 605//605 635//635 
f 635//635 591//591 589//589 
f 608//608 607//607 592//592 
f 619//619 607//607 609//609 
f 608//608 610//610 609//609 
f 607//607 608//608 609//609 
f 907//907 905//905 611//611 
f 611//611 905//905 592//592 
f 619//619 612//612 620//620 
f 612//612 619//619 609//609 
f 612//612 609//609 613//613 
f 911//911 906//906 614//614 
f 614//614 906//906 908//908 
f 611//611 914//914 909//909 
f 914//914 611//611 615//615 
f 910//910 616//616 622//622 
f 910//910 622//622 924//924 
f 616//616 910//910 912//912 
f 918//918 913//913 617//617 
f 617//617 913//913 915//915 
f 917//917 626//626 919//919 
f 917//917 919//919 916//916 
f 616//616 624//624 622//622 
f 919//919 624//624 616//616 
f 624//624 919//919 625//625 
f 626//626 625//625 919//919 
f 619//619 618//618 607//607 
f 615//615 611//611 627//627 
f 925//925 621//621 922//922 
f 923//923 927//927 921//921 
f 597//597 920//920 928//928 
f 929//929 928//928 926//926 
f 929//929 623//623 928//928 
f 623//623 597//597 928//928 
f 627//627 626//626 917//917 
f 623//623 929//929 930//930 
f 623//623 930//930 630//630 
f 630//630 930//930 931//931 
f 931//931 631//631 630//630 
f 631//631 625//625 626//626 
f 627//627 631//631 626//626 
f 623//623 629//629 597//597 
f 630//630 629//629 623//623 
f 630//630 628//628 629//629 
f 630//630 631//631 628//628 
f 636//636 637//637 588//588 
f 590//590 638//638 633//633 
f 638//638 590//590 606//606 
f 634//634 605//605 577//577 
f 642//642 634//634 604//604 
f 604//604 634//634 577//577 
f 650//650 637//637 636//636 
f 646//646 637//637 650//650 
f 646//646 642//642 637//637 
f 643//643 638//638 606//606 
f 635//635 605//605 641//641 
f 634//634 641//641 605//605 
f 606//606 635//635 643//643 
f 932//932 603//603 639//639 
f 632//632 649//649 636//636 
f 644//644 933//933 904//904 
f 649//649 650//650 636//636 
f 644//644 904//904 633//633 
f 638//638 643//643 647//647 
f 645//645 643//643 635//635 
f 645//645 647//647 643//643 
f 642//642 646//646 640//640 
f 634//634 642//642 640//640 
f 634//634 640//640 641//641 
f 645//645 635//635 641//641 
f 660//660 933//933 644//644 
f 638//638 652//652 633//633 
f 652//652 644//644 633//633 
f 638//638 654//654 652//652 
f 654//654 638//638 647//647 
f 640//640 651//651 641//641 
f 641//641 651//651 645//645 
f 655//655 654//654 647//647 
f 647//647 645//645 648//648 
f 653//653 640//640 646//646 
f 656//656 648//648 645//645 
f 656//656 645//645 651//651 
f 647//647 648//648 655//655 
f 640//640 653//653 651//651 
f 655//655 648//648 656//656 
f 650//650 649//649 657//657 
f 649//649 932//932 639//639 
f 646//646 650//650 665//665 
f 646//646 665//665 653//653 
f 652//652 660//660 644//644 
f 669//669 657//657 658//658 
f 639//639 658//658 649//649 
f 657//657 649//649 658//658 
f 657//657 665//665 650//650 
f 660//660 659//659 933//933 
f 661//661 660//660 652//652 
f 934//934 658//658 639//639 
f 652//652 654//654 661//661 
f 654//654 668//668 661//661 
f 654//654 655//655 668//668 
f 667//667 656//656 663//663 
f 656//656 651//651 663//663 
f 667//667 668//668 655//655 
f 656//656 667//667 655//655 
f 671//671 662//662 653//653 
f 665//665 671//671 653//653 
f 662//662 663//663 651//651 
f 653//653 662//662 651//651 
f 671//671 666//666 662//662 
f 662//662 666//666 663//663 
f 666//666 667//667 663//663 
f 664//664 669//669 658//658 
f 658//658 934//934 664//664 
f 675//675 667//667 666//666 
f 668//668 676//676 661//661 
f 668//668 675//675 676//676 
f 668//668 667//667 675//675 
f 669//669 664//664 672//672 
f 669//669 672//672 657//657 
f 670//670 665//665 657//657 
f 672//672 670//670 657//657 
f 934//934 672//672 664//664 
f 671//671 665//665 681//681 
f 671//671 681//681 682//682 
f 671//671 682//682 674//674 
f 676//676 675//675 680//680 
f 666//666 674//674 675//675 
f 671//671 674//674 666//666 
f 684//684 670//670 672//672 
f 673//673 683//683 672//672 
f 683//683 673//673 688//688 
f 678//678 688//688 673//673 
f 683//683 684//684 672//672 
f 679//679 678//678 661//661 
f 680//680 679//679 676//676 
f 934//934 673//673 672//672 
f 673//673 660//660 678//678 
f 659//659 660//660 673//673 
f 678//678 660//660 661//661 
f 679//679 661//661 676//676 
f 675//675 674//674 680//680 
f 684//684 685//685 670//670 
f 665//665 670//670 685//685 
f 685//685 681//681 665//665 
f 680//680 674//674 677//677 
f 680//680 677//677 689//689 
f 680//680 689//689 679//679 
f 686//686 685//685 684//684 
f 684//684 683//683 687//687 
f 684//684 687//687 686//686 
f 935//935 683//683 688//688 
f 688//688 678//678 695//695 
f 678//678 679//679 695//695 
f 690//690 689//689 677//677 
f 692//692 690//690 677//677 
f 681//681 685//685 691//691 
f 691//691 682//682 681//681 
f 691//691 692//692 682//682 
f 692//692 677//677 682//682 
f 674//674 682//682 677//677 
f 686//686 693//693 685//685 
f 706//706 935//935 688//688 
f 705//705 706//706 688//688 
f 705//705 688//688 695//695 
f 696//696 697//697 690//690 
f 697//697 689//689 690//690 
f 696//696 692//692 691//691 
f 685//685 704//704 691//691 
f 696//696 690//690 692//692 
f 689//689 695//695 679//679 
f 702//702 693//693 687//687 
f 703//703 685//685 693//693 
f 706//706 702//702 935//935 
f 707//707 695//695 689//689 
f 687//687 693//693 686//686 
f 704//704 685//685 703//703 
f 704//704 694//694 691//691 
f 689//689 697//697 708//708 
f 694//694 697//697 696//696 
f 691//691 694//694 696//696 
f 700//700 710//710 709//709 
f 699//699 693//693 702//702 
f 700//700 699//699 702//702 
f 706//706 700//700 702//702 
f 936//936 698//698 699//699 
f 699//699 698//698 693//693 
f 709//709 699//699 700//700 
f 703//703 693//693 698//698 
f 701//701 710//710 700//700 
f 700//700 706//706 701//701 
f 706//706 705//705 701//701 
f 694//694 715//715 697//697 
f 705//705 695//695 707//707 
f 689//689 708//708 707//707 
f 697//697 715//715 708//708 
f 720//720 711//711 698//698 
f 710//710 701//701 723//723 
f 701//701 705//705 723//723 
f 723//723 705//705 724//724 
f 723//723 728//728 710//710 
f 710//710 938//938 709//709 
f 721//721 711//711 720//720 
f 721//721 712//712 711//711 
f 704//704 711//711 712//712 
f 698//698 711//711 703//703 
f 703//703 711//711 704//704 
f 707//707 724//724 705//705 
f 714//714 724//724 707//707 
f 714//714 708//708 713//713 
f 708//708 714//714 707//707 
f 712//712 715//715 694//694 
f 704//704 712//712 694//694 
f 713//713 708//708 715//715 
f 712//712 713//713 715//715 
f 730//730 937//937 936//936 
f 938//938 729//729 709//709 
f 716//716 720//720 730//730 
f 720//720 716//716 721//721 
f 716//716 732//732 721//721 
f 723//723 733//733 728//728 
f 724//724 733//733 723//723 
f 731//731 724//724 719//719 
f 719//719 724//724 714//714 
f 714//714 717//717 719//719 
f 713//713 717//717 714//714 
f 717//717 718//718 719//719 
f 722//722 721//721 732//732 
f 732//732 718//718 722//722 
f 937//937 698//698 936//936 
f 718//718 713//713 722//722 
f 717//717 713//713 718//718 
f 721//721 722//722 712//712 
f 712//712 722//722 713//713 
f 737//737 727//727 726//726 
f 726//726 729//729 738//738 
f 727//727 730//730 726//726 
f 730//730 729//729 726//726 
f 730//730 727//727 716//716 
f 740//740 716//716 727//727 
f 729//729 730//730 936//936 
f 719//719 742//742 731//731 
f 738//738 729//729 938//938 
f 738//738 728//728 725//725 
f 725//725 728//728 731//731 
f 739//739 725//725 731//731 
f 742//742 942//942 731//731 
f 731//731 728//728 733//733 
f 732//732 716//716 740//740 
f 741//741 732//732 740//740 
f 742//742 718//718 741//741 
f 741//741 718//718 732//732 
f 718//718 742//742 719//719 
f 731//731 733//733 724//724 
f 734//734 737//737 726//726 
f 738//738 939//939 726//726 
f 735//735 939//939 738//738 
f 736//736 755//755 735//735 
f 760//760 755//755 736//736 
f 769//769 760//760 940//940 
f 769//769 741//741 768//768 
f 942//942 769//769 940//940 
f 735//735 725//725 736//736 
f 736//736 725//725 739//739 
f 740//740 727//727 941//941 
f 725//725 735//735 738//738 
f 768//768 741//741 740//740 
f 769//769 742//742 741//741 
f 742//742 769//769 942//942 
f 744//744 743//743 749//749 
f 751//751 744//744 749//749 
f 743//743 745//745 749//749 
f 944//944 747//747 943//943 
f 945//945 953//953 752//752 
f 943//943 747//747 946//946 
f 746//746 747//747 944//944 
f 756//756 945//945 752//752 
f 947//947 945//945 756//756 
f 757//757 946//946 747//747 
f 961//961 761//761 948//948 
f 948//948 748//748 949//949 
f 950//950 757//757 747//747 
f 748//748 948//948 761//761 
f 764//764 951//951 966//966 
f 951//951 764//764 757//757 
f 749//749 737//737 734//734 
f 737//737 749//749 745//745 
f 954//954 749//749 750//750 
f 952//952 939//939 735//735 
f 734//734 750//750 749//749 
f 952//952 753//753 956//956 
f 955//955 952//952 956//956 
f 952//952 754//754 753//753 
f 952//952 735//735 754//754 
f 755//755 960//960 735//735 
f 962//962 957//957 758//758 
f 758//758 957//957 958//958 
f 959//959 759//759 963//963 
f 960//960 759//759 959//959 
f 759//759 960//960 755//755 
f 760//760 759//759 755//755 
f 762//762 761//761 961//961 
f 964//964 762//762 961//961 
f 965//965 759//759 967//967 
f 759//759 765//765 967//967 
f 765//765 759//759 760//760 
f 762//762 763//763 761//761 
f 966//966 968//968 764//764 
f 765//765 968//968 967//967 
f 764//764 968//968 766//766 
f 766//766 968//968 765//765 
f 760//760 766//766 765//765 
f 946//946 740//740 941//941 
f 757//757 740//740 946//946 
f 740//740 757//757 768//768 
f 764//764 768//768 757//757 
f 766//766 769//769 767//767 
f 767//767 769//769 768//768 
f 766//766 767//767 764//764 
f 768//768 764//764 767//767 
f 769//769 766//766 760//760 
