#
# Compatibility version : 4.3
# File ID : FJ3897
# Representation ID : BP29111
# Build-up logic : FMA 3.0 is_a
# Concept ID : FMA53067
# English name : Right buccal nerve
# Bounds(mm): (-47.777400,-153.695800,1456.853900)-(-29.793000,-107.233700,1497.191500)
# Volume(cm3): 0.022900
#
v -47.6814 -123.308 1472.8
v -47.6721 -123.102 1472.87
v -47.6669 -123.126 1473.39
v -47.7324 -122.662 1473.73
v -47.6956 -122.505 1473.82
v -47.7632 -122.375 1474.5
v -47.6722 -122.102 1474.5
v -47.7353 -122.317 1474.92
v -47.7563 -122.163 1474.69
v -47.6713 -122.303 1475.17
v -47.743 -121.864 1475.23
v -47.6755 -121.673 1475.44
v -47.7678 -121.684 1476
v -47.7085 -121.375 1476.32
v -47.7078 -121.46 1477.01
v -47.6986 -121.008 1477.78
v -47.6638 -120.866 1477.82
v -47.6317 -120.897 1478.46
v -47.2898 -125.975 1469.51
v -47.3278 -125.571 1469.73
v -47.2733 -125.095 1470.8
v -47.4159 -124.899 1470.39
v -47.4758 -124.862 1470.71
v -47.4084 -124.941 1470.86
v -47.3746 -124.559 1470.64
v -47.5125 -124.413 1471.02
v -47.3176 -124.262 1470.92
v -47.5516 -124.193 1471.71
v -47.4697 -124.217 1471.84
v -47.3252 -123.757 1471.55
v -47.6106 -123.854 1471.86
v -47.5102 -123.75 1471.69
v -47.4268 -123.535 1471.88
v -47.6028 -123.497 1472.17
v -47.5243 -123.307 1472.27
v -47.3291 -123.376 1472.08
v -47.5123 -123.388 1473.16
v -47.3687 -123.587 1472.88
v -47.2738 -123.53 1472.94
v -47.331 -123.234 1473.46
v -47.4666 -123.032 1472.63
v -47.2844 -123.043 1472.62
v -47.6221 -122.787 1474.2
v -47.5741 -122.77 1473.15
v -47.4284 -122.678 1473.21
v -47.3227 -122.495 1473.57
v -47.2759 -122.67 1474.46
v -47.4637 -122.535 1474.86
v -47.5631 -122.341 1475.25
v -47.3186 -122.339 1475.22
v -47.5716 -122.353 1473.87
v -47.427 -122.259 1473.98
v -47.4255 -121.969 1474.57
v -47.3298 -122.018 1474.52
v -47.616 -121.86 1476.33
v -47.4183 -122.032 1476.03
v -47.5262 -121.951 1474.63
v -47.6218 -121.729 1475.2
v -47.4215 -121.544 1475.52
v -47.4626 -121.704 1476.88
v -47.2794 -121.47 1477.46
v -47.266 -121.476 1475.83
v -47.6249 -121.408 1475.98
v -47.5268 -121.404 1475.88
v -47.3214 -121.241 1476.31
v -47.5909 -121.079 1478.27
v -47.4251 -120.996 1476.89
v -47.5726 -120.917 1477.25
v -47.4196 -120.612 1477.96
v -47.4273 -120.879 1479.08
v -47.3087 -120.822 1479.37
v -47.4983 -120.614 1479.49
v -47.2706 -120.541 1478.14
v -47.5333 -120.486 1478.62
v -47.5866 -120.532 1478.97
v -47.5337 -120.446 1479.52
v -47.4342 -120.361 1480.1
v -47.4291 -120.118 1480.18
v -47.3729 -120.414 1480.21
v -47.258 -120.104 1481.01
v -47.3218 -120.1 1479.5
v -47.3064 -119.933 1480.13
v -47.3872 -120.02 1480.19
v -47.297 -119.983 1481
v -46.8669 -127.867 1467.84
v -46.855 -127.849 1467.98
v -46.864 -127.463 1467.89
v -46.854 -127.363 1468.55
v -47.0249 -126.739 1468.49
v -47.0802 -126.85 1468.54
v -46.9241 -126.627 1468.5
v -47.1426 -126.701 1468.81
v -47.2123 -126.298 1469.33
v -47.1074 -126.493 1469.28
v -46.9762 -126.31 1469.54
v -47.2014 -126.266 1469.06
v -47.1251 -126.068 1469.07
v -46.8378 -125.884 1469.22
v -47.2167 -125.827 1469.95
v -47.0258 -125.784 1469.26
v -46.8823 -125.726 1470.03
v -47.0721 -125.749 1470.1
v -47.2299 -125.393 1469.71
v -46.8835 -125.089 1470.16
v -46.8541 -125.108 1470.25
v -47.2235 -124.776 1470.31
v -47.1196 -124.775 1470.31
v -47.0207 -124.802 1470.33
v -47.162 -124.733 1471.25
v -47.0246 -124.448 1470.78
v -47.1317 -124.167 1471.06
v -46.9882 -124.305 1471.07
v -47.0374 -124.519 1471.38
v -46.9636 -124.391 1471.31
v -46.9597 -124.292 1471.28
v -47.2382 -124.207 1471.93
v -47.0812 -123.9 1471.49
v -47.1148 -123.954 1472.16
v -47.2243 -123.506 1471.92
v -47.0585 -123.443 1472.59
v -47.1698 -123.474 1472.91
v -47.1781 -123.059 1472.72
v -47.1004 -123.189 1472.69
v -47.228 -123.023 1473.73
v -47.1476 -122.579 1474.3
v -47.2255 -122.203 1474.3
v -47.1544 -122.033 1474.94
v -47.1784 -121.957 1475.82
v -47.1136 -121.543 1476.3
v -47.2339 -121.726 1476.63
v -47.1336 -121.223 1476.76
v -47.1696 -121.372 1477.55
v -47.0678 -121.223 1477.5
v -47.212 -120.988 1478.89
v -47.0349 -120.951 1477.78
v -47.0798 -120.811 1477.81
v -47.0079 -120.852 1478.93
v -46.9363 -120.725 1478.89
v -46.9611 -120.514 1480.24
v -47.1204 -120.483 1478.45
v -46.9355 -120.475 1478.96
v -47.181 -120.241 1480.93
v -46.8769 -120.101 1481.52
v -47.2216 -120.074 1479.48
v -46.979 -119.833 1480.2
v -47.1699 -119.638 1481.55
v -46.9783 -119.893 1481.92
v -46.954 -119.653 1482.33
v -47.0266 -119.544 1481.06
v -47.1321 -119.55 1481.43
v -46.8927 -119.226 1482.08
v -47.0342 -119.557 1482.19
v -46.4214 -129.346 1466.84
v -46.5225 -128.746 1467.41
v -46.6305 -128.683 1467.12
v -46.6604 -128.138 1467.32
v -46.4754 -128.367 1467.07
v -46.8015 -127.951 1467.59
v -46.6794 -127.726 1467.58
v -46.5754 -127.854 1467.46
v -46.6706 -127.54 1468.42
v -46.575 -127.522 1467.73
v -46.8305 -127.238 1467.99
v -46.575 -127.459 1468.44
v -46.433 -127.355 1468.19
v -46.7651 -127.049 1468.12
v -46.7373 -126.683 1468.45
v -46.6016 -127.029 1468.19
v -46.598 -126.716 1468.89
v -46.5502 -127.14 1468.6
v -46.7736 -126.882 1468.98
v -46.6756 -126.837 1468.95
v -46.6159 -126.628 1468.64
v -46.5826 -126.648 1468.76
v -46.83 -126.416 1469.4
v -46.7289 -126.241 1469.42
v -46.688 -126.116 1469.34
v -46.7402 -125.85 1469.44
v -46.8087 -125.43 1470.07
v -46.8093 -120.413 1480.07
v -46.7365 -120.22 1480.2
v -46.8261 -119.914 1480.23
v -46.7242 -120.04 1480.31
v -46.5318 -119.85 1481.25
v -46.5279 -119.704 1481.29
v -46.5506 -119.95 1481.38
v -46.5756 -119.913 1481.91
v -46.4647 -119.601 1482.89
v -46.561 -119.531 1483.04
v -46.6768 -119.472 1481.33
v -46.814 -119.385 1481.44
v -46.5386 -119.517 1481.48
v -46.4518 -119.206 1482.11
v -46.7081 -119.217 1483.27
v -46.6827 -119.52 1482.95
v -46.5456 -119.134 1483.66
v -46.6324 -118.982 1482.54
v -46.4823 -119.03 1482.41
v -46.8188 -119.133 1482.93
v -46.7224 -119.1 1483.29
v -46.7038 -118.935 1483.13
v -46.546 -118.781 1483.74
v -46.4304 -118.81 1484.09
v -46.1825 -130.054 1466.18
v -46.1972 -129.863 1466.15
v -46.1809 -129.647 1466.2
v -46.122 -129.66 1466.15
v -46.2252 -129.876 1466.49
v -46.2337 -129.787 1466.63
v -46.1254 -129.973 1466.51
v -46.0841 -130.036 1466.55
v -46.0587 -129.546 1466.21
v -46.4087 -129.197 1466.6
v -46.3458 -129.566 1466.46
v -46.3742 -129.363 1466.93
v -46.3306 -129.347 1466.97
v -46.2598 -129.47 1466.94
v -46.2365 -129.417 1466.99
v -46.2237 -129.293 1467.04
v -46.1202 -129.48 1466.99
v -46.0303 -129.46 1466.97
v -46.0963 -129.202 1467.05
v -46.3292 -129.153 1466.54
v -46.2297 -129.1 1466.53
v -46.122 -129.097 1466.54
v -46.076 -128.973 1467.12
v -46.067 -128.758 1467.07
v -46.3884 -128.682 1467.5
v -46.3784 -128.358 1467.07
v -46.3693 -128.079 1467.32
v -46.3768 -128.2 1467.82
v -46.3209 -127.89 1467.6
v -46.3103 -127.975 1467.82
v -46.3057 -127.881 1467.78
v -46.3691 -119.687 1482.21
v -46.3073 -119.555 1482.2
v -46.31 -119.363 1482.18
v -46.064 -119.294 1483.22
v -46.3759 -119.185 1483.81
v -46.0839 -119.08 1484.13
v -46.2865 -118.991 1482.66
v -46.3588 -118.992 1484.08
v -46.1654 -118.71 1483.23
v -46.3778 -118.534 1483.84
v -46.3942 -118.552 1484.01
v -46.1589 -118.631 1484.68
v -46.0935 -118.412 1484.88
v -46.0921 -118.274 1484.84
v -45.7475 -130.93 1465.39
v -45.6858 -131.266 1465.46
v -45.6882 -131.164 1465.64
v -45.6596 -130.554 1466.11
v -45.8382 -130.664 1466.65
v -45.8161 -130.61 1466.8
v -45.988 -130.445 1465.77
v -45.9706 -130.242 1465.8
v -45.8579 -130.234 1465.74
v -46.0254 -130.079 1466.46
v -46.0241 -130.094 1466.51
v -45.9617 -130.097 1466.46
v -45.89 -130.15 1466.42
v -45.8754 -130.198 1466.45
v -45.8254 -130.12 1466.41
v -45.7766 -130.05 1466.41
v -45.7754 -130.098 1466.44
v -45.6099 -130.076 1466.8
v -45.7882 -129.801 1466.49
v -45.7967 -129.741 1466.54
v -45.7912 -129.672 1466.6
v -45.8116 -129.632 1466.55
v -45.7754 -129.802 1466.53
v -45.736 -129.79 1466.6
v -45.7659 -129.736 1466.43
v -45.9503 -129.261 1466.88
v -46.0223 -129.102 1466.6
v -45.9188 -129.239 1466.75
v -45.9529 -129.155 1466.67
v -45.9867 -119.162 1483.8
v -45.9105 -119.046 1483.43
v -45.7941 -118.766 1483.71
v -46.028 -118.772 1484.68
v -45.6544 -118.737 1484.78
v -45.7571 -118.646 1485.01
v -45.6897 -118.514 1484.03
v -45.7159 -118.432 1485.33
v -45.8104 -118.255 1485.39
v -46.0072 -118.199 1484.29
v -45.6906 -118.16 1484.39
v -45.8664 -117.947 1485.07
v -45.7648 -117.974 1485.52
v -45.3392 -131.869 1464.82
v -45.2938 -132.079 1464.82
v -45.2886 -131.753 1465.32
v -45.6139 -131.4 1465.22
v -45.527 -131.256 1466.57
v -45.542 -131.226 1466.67
v -45.3296 -131.524 1466.73
v -45.3735 -131.288 1466.4
v -45.2985 -131.365 1466.82
v -45.529 -131.252 1465.11
v -45.3921 -131.322 1465.02
v -45.3111 -131.052 1465.64
v -45.5726 -131.064 1466.48
v -45.3438 -131.109 1466.86
v -45.576 -130.543 1465.55
v -45.392 -130.711 1465.57
v -45.4167 -130.644 1465.78
v -45.607 -130.304 1466.89
v -45.6144 -118.765 1484.3
v -45.5808 -118.643 1484.24
v -45.4504 -118.599 1484.82
v -45.2466 -118.351 1485.01
v -45.4721 -118.192 1484.56
v -45.2865 -118.228 1484.83
v -45.555 -117.95 1485.87
v -45.4407 -118.09 1485.89
v -45.3355 -118.138 1485.89
v -45.5659 -117.64 1485.76
v -45.4743 -117.702 1486.05
v -44.974 -132.665 1464.44
v -45.0047 -132.559 1464.43
v -44.9401 -132.467 1464.36
v -45.0766 -132.484 1464.69
v -45.1346 -132.297 1464.9
v -44.8874 -132.324 1464.94
v -45.0021 -132.111 1466.47
v -44.9322 -132.026 1464.56
v -44.8709 -131.842 1464.86
v -45.0904 -131.816 1465.25
v -45.0331 -131.624 1466.34
v -45.2128 -131.799 1466.55
v -45.1936 -131.759 1466.45
v -44.9864 -131.659 1465.15
v -45.0658 -131.629 1465.28
v -45.1097 -131.251 1466.4
v -45.139 -131.186 1466.81
v -45.0255 -131.577 1466.82
v -45.0674 -131.105 1466.57
v -45.0477 -131.151 1466.67
v -45.2266 -118.197 1485.8
v -44.8664 -117.978 1485.76
v -45.0017 -117.893 1486.29
v -45.0866 -117.771 1485.29
v -45.1999 -117.598 1485.36
v -45.2033 -117.517 1486.47
v -45.1228 -117.733 1486.43
v -44.8681 -117.604 1486.69
v -45.2115 -117.306 1486.4
v -45.1278 -117.155 1486.35
v -45.1405 -117.248 1485.93
v -44.9748 -117.177 1486.81
v -44.5786 -133.13 1463.96
v -44.5516 -133.018 1463.96
v -44.6858 -133.091 1464.38
v -44.6307 -133.232 1464.21
v -44.6509 -133.172 1464.08
v -44.6388 -133.075 1464.44
v -44.44 -132.923 1466.41
v -44.6167 -132.731 1464.11
v -44.7171 -132.488 1466.39
v -44.5726 -132.548 1466.31
v -44.7782 -132.456 1466.59
v -44.6863 -132.603 1466.49
v -44.536 -132.664 1466.69
v -44.6684 -132.254 1464.72
v -44.7222 -132.283 1464.83
v -44.8396 -132.011 1464.63
v -44.7449 -131.909 1466.34
v -44.667 -131.875 1466.7
v -44.6548 -131.799 1466.6
v -44.8074 -131.576 1466.5
v -44.8637 -117.96 1486.04
v -44.7693 -117.791 1486.4
v -44.6833 -117.627 1485.87
v -44.5321 -117.354 1487.06
v -44.5851 -117.153 1486.15
v -44.7891 -117.258 1487.01
v -44.6719 -117.303 1487.06
v -44.5649 -116.927 1487.35
v -44.5286 -116.577 1486.87
v -44.5233 -116.684 1486.67
v -44.4739 -116.506 1487.37
v -44.3396 -116.541 1487.66
v -44.0759 -134.038 1463.67
v -44.0872 -133.831 1463.51
v -44.1494 -133.872 1463.88
v -44.3078 -133.661 1463.73
v -44.3252 -133.688 1463.8
v -44.2451 -133.54 1464.15
v -44.1632 -133.227 1466.33
v -44.2371 -133.214 1466.48
v -44.1778 -133.248 1466.57
v -44.3754 -132.965 1463.97
v -44.2819 -132.965 1464.04
v -44.252 -133.267 1464.29
v -44.3164 -132.957 1464.37
v -44.3238 -132.844 1464.31
v -44.3878 -132.711 1466.73
v -44.2664 -132.69 1466.73
v -44.1858 -132.625 1466.67
v -44.1223 -132.614 1466.59
v -44.1042 -132.618 1466.45
v -44.3984 -117.35 1487.05
v -44.1958 -117.285 1486.96
v -44.0434 -116.888 1486.77
v -44.3471 -116.888 1487.55
v -44.2317 -116.989 1487.52
v -44.1209 -116.993 1487.52
v -44.1326 -116.575 1486.84
v -44.0898 -116.744 1486.76
v -43.7442 -134.365 1463.24
v -43.9322 -134.215 1463.47
v -43.7809 -134.377 1463.54
v -43.7398 -134.358 1463.6
v -43.6451 -134.573 1463.34
v -43.8271 -133.801 1463.43
v -43.7237 -133.735 1463.65
v -43.6522 -133.923 1466.46
v -43.9935 -133.744 1463.48
v -43.7606 -133.761 1463.5
v -43.8604 -133.662 1463.92
v -43.9881 -133.517 1466.39
v -43.7589 -133.356 1466.68
v -43.7296 -133.282 1466.65
v -43.9684 -133.112 1466.24
v -43.7213 -133.21 1466.3
v -43.6726 -116.731 1487.36
v -43.3148 -134.803 1462.9
v -43.4333 -134.76 1463.31
v -43.4065 -134.693 1463.39
v -43.6307 -134.367 1463.13
v -43.6578 -134.133 1463.73
v -43.4682 -134.084 1466.28
v -43.511 -133.995 1466.56
v -43.5583 -134.034 1466.37
v -43.4779 -133.945 1466.21
v -43.5289 -133.365 1466.4
v -43.5615 -133.35 1466.54
v -43.4142 -116.017 1487.61
v -43.3913 -115.776 1488.79
v -43.2683 -115.919 1488.78
v -43.3162 -115.436 1488.17
v -43.4692 -115.422 1488.43
v -43.1675 -135.089 1462.9
v -42.9504 -135.255 1462.68
v -42.9093 -135.215 1462.62
v -43.1585 -135.101 1463.01
v -43.0593 -135.139 1463.06
v -43.0092 -134.977 1463.19
v -43.1044 -134.865 1462.77
v -43.1049 -134.746 1462.82
v -43.0893 -134.698 1463.29
v -43.1123 -134.514 1466.29
v -43.0645 -134.474 1466.2
v -42.9515 -134.694 1466.41
v -42.8125 -134.761 1466.5
v -43.1169 -134.589 1462.94
v -43.0711 -134.548 1463.16
v -43.001 -134.343 1466.15
v -42.941 -134.195 1466.19
v -42.9041 -134.085 1466.37
v -43.1724 -134.287 1466.58
v -43.0382 -134.311 1466.6
v -42.9404 -134.184 1466.56
v -43.0383 -115.971 1488.03
v -42.9331 -115.737 1488.14
v -43.1742 -115.974 1488.75
v -42.9987 -116.015 1488.64
v -42.8026 -115.891 1488.64
v -43.0259 -115.315 1488.32
v -42.8262 -114.972 1489.53
v -42.4767 -135.666 1462.36
v -42.7179 -135.533 1462.64
v -42.4789 -135.703 1462.65
v -42.4712 -135.335 1462.86
v -42.4521 -135.19 1462.61
v -42.7262 -134.936 1466.31
v -42.6967 -134.92 1466.22
v -42.2716 -135.922 1462.4
v -42.2647 -135.902 1462.29
v -42.1141 -135.811 1462.6
v -42.313 -135.725 1462.24
v -42.262 -135.482 1462.31
v -42.4666 -135.608 1462.76
v -42.0803 -135.566 1466.24
v -42.0993 -135.541 1466.35
v -42.0106 -135.464 1466.48
v -42.3225 -135.332 1462.7
v -42.325 -135.215 1466.14
v -41.7158 -136.26 1461.92
v -41.746 -136.04 1461.93
v -41.6708 -135.915 1462.02
v -41.9161 -136.184 1462.27
v -41.8797 -135.932 1462.48
v -41.8442 -136.15 1462.36
v -41.7179 -135.877 1462.36
v -41.6717 -135.846 1462.21
v -41.5712 -135.469 1466.17
v -41.7402 -113.963 1490.89
v -41.582 -136.289 1461.82
v -41.6426 -136.4 1462
v -41.5956 -136.396 1461.89
v -41.3104 -136.255 1466.32
v -41.4756 -136.054 1466.09
v -41.4435 -135.944 1466.03
v -41.376 -135.856 1466.03
v -41.2108 -135.816 1466.34
v -41.583 -114.555 1490.52
v -41.4077 -114.502 1490.44
v -41.4405 -114.244 1490.92
v -41.4518 -113.953 1491.15
v -41.5201 -113.674 1490.34
v -41.644 -113.597 1490.53
v -41.3618 -113.266 1491.19
v -41.1039 -136.76 1461.7
v -41.1178 -136.737 1461.85
v -40.9607 -136.603 1466.2
v -41.1242 -136.662 1461.6
v -41.1317 -136.541 1461.58
v -40.8713 -136.508 1461.55
v -40.8968 -136.411 1461.7
v -41.1962 -136.494 1462.07
v -40.816 -136.613 1461.89
v -40.8746 -136.445 1461.84
v -40.8738 -136.344 1466.42
v -41.1715 -114.272 1490.6
v -41.2037 -113.667 1490.45
v -40.9749 -113.68 1490.61
v -40.6275 -136.977 1461.69
v -40.7201 -136.804 1466.11
v -40.801 -113.837 1490.9
v -40.5498 -113.441 1491.13
v -40.5047 -113.212 1492.13
v -40.6252 -112.752 1491.41
v -40.6659 -112.863 1492.2
v -40.5337 -112.399 1491.89
v -40.7668 -112.739 1492.05
v -40.4953 -112.309 1492.17
v -40.285 -137.229 1461.24
v -40.3125 -137.247 1461.35
v -40.2158 -137.184 1461.14
v -40.1014 -137.352 1461.33
v -40.1531 -137.18 1466.32
v -40.0758 -137.023 1461.13
v -40.1937 -136.857 1461.47
v -40.4169 -113.285 1492.06
v -40.3643 -113.399 1491.83
v -39.7573 -137.541 1461.04
v -39.9539 -137.215 1461.02
v -39.9138 -137.01 1461.21
v -39.968 -113.004 1492.02
v -39.9157 -112.956 1492.21
v -39.9617 -112.698 1492.7
v -39.8218 -112.727 1492.65
v -39.7464 -112.26 1492.13
v -39.9043 -112.295 1493
v -39.8522 -111.746 1493.16
v -39.7997 -111.506 1492.91
v -39.8814 -111.652 1493.04
v -39.4657 -137.637 1460.82
v -39.5473 -112.508 1492.8
v -39.3429 -112.309 1492.84
v -39.2655 -112.123 1492.73
v -39.3 -112.032 1493.38
v -39.2591 -112.129 1493.23
v -39.3931 -111.968 1493.44
v -39.3619 -111.104 1493.11
v -39.1275 -138.092 1465.88
v -39.0327 -138.177 1466.22
v -39.0951 -138.254 1466.05
v -39.0989 -138.221 1465.95
v -38.9295 -137.931 1460.62
v -39.0107 -137.919 1460.78
v -39.1163 -137.923 1465.85
v -39.1953 -137.708 1466.24
v -39.0149 -137.583 1460.64
v -39.0509 -137.798 1460.61
v -39.1436 -137.802 1460.96
v -39.0476 -137.718 1461.01
v -38.9315 -137.528 1460.75
v -38.867 -137.602 1460.9
v -38.9776 -111.856 1493.41
v -38.9528 -110.739 1494.23
v -38.8642 -110.354 1493.88
v -38.9816 -110.516 1494.09
v -38.9105 -110.377 1494.07
v -38.751 -138.527 1466.12
v -38.8114 -138.073 1465.86
v -38.7491 -138.001 1466.04
v -38.6364 -138.129 1465.94
v -38.6024 -138.096 1460.66
v -38.4461 -138.181 1460.51
v -38.3854 -138.058 1460.31
v -38.7643 -110.791 1493.41
v -38.5906 -110.877 1494.45
v -38.5056 -110.348 1493.79
v -38.6276 -110.144 1494
v -38.6056 -110.268 1493.85
v -38.4429 -109.816 1494.48
v -38.4581 -109.853 1494.64
v -38.1927 -139.057 1465.88
v -38.1825 -138.982 1465.8
v -38.3486 -138.72 1466.19
v -38.225 -138.691 1466.18
v -38.4762 -138.278 1466.1
v -38.0895 -137.924 1460.48
v -38.0077 -137.954 1460.36
v -38.3625 -110.806 1494.56
v -38.1159 -110.782 1494.43
v -38.2765 -110.862 1494.47
v -38.1183 -110.538 1494.03
v -38.387 -109.914 1494.85
v -37.9772 -139.293 1465.96
v -38.0096 -138.97 1465.76
v -37.8004 -138.955 1465.83
v -37.8533 -138.843 1465.92
v -38.0365 -139.2 1466.04
v -37.7633 -138.949 1466.03
v -38.021 -138.681 1466.01
v -37.9479 -138.384 1460.37
v -37.9595 -138.335 1460.45
v -37.9754 -138.335 1460.19
v -37.9946 -110.653 1494.4
v -37.7879 -110.35 1494.51
v -37.8081 -110.019 1494.39
v -37.7199 -109.057 1495.1
v -37.4342 -139.837 1465.92
v -37.4448 -139.813 1465.82
v -37.5407 -139.593 1465.73
v -37.2959 -139.54 1465.72
v -37.2839 -139.422 1465.85
v -37.3124 -139.654 1466.09
v -37.4694 -139.223 1465.94
v -37.659 -139.151 1466.09
v -37.4012 -138.347 1459.92
v -37.3915 -138.624 1460.04
v -37.2766 -138.442 1460.24
v -37.4712 -138.259 1460.3
v -37.4423 -138.257 1459.99
v -37.5501 -109.029 1495.06
v -37.5352 -109.364 1494.82
v -37.467 -109.075 1495.03
v -37.4142 -108.926 1495.97
v -37.4718 -109.233 1495.89
v -37.5577 -108.797 1495.5
v -37.3197 -108.573 1495.95
v -37.1285 -140.076 1466
v -36.9731 -140.16 1465.66
v -37.0055 -139.754 1465.97
v -37.002 -138.682 1459.74
v -37.2308 -138.58 1460.19
v -37.0928 -109.403 1495.21
v -36.9081 -109.42 1495.73
v -36.9696 -109.405 1495.91
v -37.1801 -109.351 1496
v -37.2922 -109.248 1496.01
v -36.93 -109.248 1496.1
v -37.1817 -108.531 1495.53
v -37.0744 -108.606 1495.46
v -36.8721 -108.75 1495.49
v -37.0576 -108.626 1496.35
v -37.2346 -108.451 1495.68
v -36.921 -108.071 1495.95
v -37.0438 -108.159 1496.03
v -36.4084 -140.935 1465.63
v -36.8408 -140.448 1465.71
v -36.8011 -140.546 1465.81
v -36.5661 -140.762 1465.91
v -36.5373 -140.685 1465.97
v -36.7461 -140.245 1465.63
v -36.5193 -140.417 1465.63
v -36.7794 -140.089 1466
v -36.7551 -140.035 1465.74
v -36.7594 -139.991 1465.88
v -36.7206 -138.863 1459.88
v -36.4792 -138.783 1459.51
v -36.4209 -138.615 1459.73
v -36.4414 -138.65 1459.59
v -36.546 -108.953 1495.95
v -36.7704 -108.979 1496.35
v -36.6312 -108.957 1496.34
v -36.5387 -108.956 1496.25
v -36.8132 -108.528 1496.56
v -36.6228 -108.636 1496.61
v -36.8028 -108.263 1495.74
v -36.8042 -108.087 1495.87
v -36.5794 -108.378 1496.75
v -36.5803 -108.089 1496.81
v -36.4954 -107.892 1496.01
v -36.6885 -107.801 1496.64
v -36.5792 -107.824 1496.8
v -36.534 -107.562 1496.27
v -36.6186 -107.623 1496.6
v -36.6311 -107.598 1496.4
v -36.5117 -107.582 1496.77
v -36.2498 -140.943 1465.56
v -36.2981 -141.177 1465.74
v -36.3327 -140.497 1465.76
v -36.2694 -140.578 1465.81
v -36.2261 -140.857 1465.95
v -36.2158 -140.694 1465.67
v -36.1803 -140.787 1465.91
v -36.442 -140.404 1465.91
v -36.2192 -139.051 1459.47
v -36.2816 -138.974 1459.77
v -36.2154 -138.928 1459.78
v -36.0537 -139.14 1459.52
v -36.3966 -138.707 1459.84
v -36.362 -108.762 1496.32
v -36.3569 -108.514 1496.01
v -36.4257 -108.623 1496.63
v -36.3773 -108.689 1496.53
v -36.1654 -108.465 1496.63
v -36.4322 -108.064 1495.97
v -36.2129 -108.093 1496.12
v -36.1597 -108.353 1496.79
v -36.3723 -107.683 1496.98
v -36.241 -107.839 1497.07
v -36.1705 -107.663 1497.12
v -36.1036 -107.896 1497.1
v -36.0674 -107.754 1497.15
v -36.383 -107.498 1496.27
v -36.297 -107.547 1496.23
v -36.0823 -107.469 1496.34
v -36.4318 -107.423 1496.66
v -36.4238 -107.402 1496.51
v -36.2818 -107.347 1496.46
v -36.2691 -107.314 1496.62
v -36.1777 -107.357 1496.41
v -36.083 -107.263 1496.6
v -36.3828 -107.571 1496.92
v -36.3239 -107.399 1496.82
v -36.1794 -107.432 1497.01
v -36.1349 -107.52 1497.09
v -36.1201 -107.311 1496.91
v -35.8075 -141.84 1465.58
v -35.7099 -141.778 1465.49
v -35.7863 -141.894 1465.73
v -35.7452 -141.732 1465.86
v -35.6303 -141.497 1465.6
v -35.9713 -141.232 1465.53
v -35.9626 -141.132 1465.57
v -35.9169 -141.084 1465.82
v -35.8446 -141.146 1465.7
v -35.9597 -108.198 1496.6
v -35.7816 -107.799 1496.6
v -35.772 -107.664 1496.57
v -36.0108 -107.962 1497.07
v -35.8872 -107.764 1497.16
v -35.8348 -107.824 1497.11
v -35.7796 -107.664 1497.17
v -35.7227 -107.838 1496.92
v -35.7529 -107.836 1497.02
v -35.703 -107.713 1497.09
v -35.7232 -107.606 1497.15
v -35.6774 -107.727 1497.03
v -35.6465 -107.647 1496.83
v -35.6555 -107.618 1497.08
v -35.8777 -107.658 1497.19
v -36.0209 -107.309 1496.52
v -35.9113 -107.634 1496.41
v -35.9286 -107.242 1496.7
v -35.8684 -107.396 1496.52
v -35.8752 -107.296 1496.62
v -35.6948 -107.442 1496.71
v -36.0193 -107.414 1497.09
v -36.0256 -107.24 1496.76
v -35.9239 -107.295 1497.01
v -35.9291 -107.248 1496.91
v -35.8312 -107.461 1497.16
v -35.8271 -107.365 1497.1
v -35.8241 -107.257 1496.76
v -35.8347 -107.244 1496.85
v -35.8243 -107.264 1496.95
v -35.781 -107.299 1497.01
v -35.7287 -107.461 1497.13
v -35.7293 -107.354 1497.06
v -35.7341 -107.323 1496.76
v -35.7326 -107.288 1496.86
v -35.7265 -107.3 1496.96
v -35.6484 -107.535 1496.77
v -35.6447 -107.516 1497.07
v -35.6561 -107.377 1496.87
v -35.6766 -107.369 1497.02
v -35.9359 -107.561 1497.18
v -35.7819 -107.56 1497.18
v -35.5149 -142.33 1465.56
v -35.4791 -142.377 1465.69
v -35.4178 -142.379 1465.46
v -35.3425 -142.341 1465.42
v -35.484 -141.981 1465.83
v -35.5933 -141.632 1465.82
v -35.4907 -139.317 1459.37
v -35.6257 -107.622 1496.98
v -35.618 -107.476 1496.96
v -34.8538 -143.572 1465.46
v -35.1908 -142.918 1465.58
v -35.1052 -143.013 1465.43
v -35.1883 -142.789 1465.71
v -35.0568 -142.801 1465.74
v -35.038 -142.558 1465.71
v -35.0064 -142.553 1465.47
v -35.2078 -142.145 1465.65
v -35.1732 -142.402 1465.43
v -34.5545 -144.174 1465.35
v -34.4397 -144.222 1465.23
v -34.5191 -144.258 1465.44
v -34.681 -143.705 1465.62
v -34.8109 -143.583 1465.37
v -34.8412 -143.305 1465.32
v -34.5542 -143.496 1465.34
v -34.7814 -143.65 1465.57
v -34.5974 -143.563 1465.64
v -34.7128 -143.048 1465.49
v -34.6262 -143.277 1465.59
v -34.6612 -139.548 1459.08
v -34.0282 -145.363 1465.19
v -34.1089 -144.804 1465.5
v -34.3968 -144.385 1465.52
v -34.1642 -144.305 1465.5
v -34.3876 -139.724 1458.71
v -34.2831 -139.682 1458.59
v -34.1426 -139.57 1458.55
v -34.0799 -139.511 1458.62
v -34.2419 -139.55 1458.93
v -33.8254 -145.592 1465.05
v -33.9296 -145.567 1465.31
v -34.0157 -144.906 1465.12
v -33.8566 -145.12 1465.43
v -33.6866 -145.341 1465.17
v -34.0093 -144.547 1465.37
v -34.1353 -139.519 1458.84
v -33.2628 -147.245 1465.02
v -33.2726 -147.092 1465.12
v -33.6074 -146.154 1465.29
v -33.6107 -145.909 1465.34
v -33.4818 -145.903 1465.27
v -33.4407 -145.914 1465.2
v -33.0644 -147.689 1464.82
v -33.1365 -146.939 1464.85
v -33.1694 -147.155 1465.15
v -33.0703 -147.154 1465.14
v -32.8261 -140.256 1457.98
v -33.025 -140.019 1458.38
v -33.0769 -139.873 1458.3
v -33.1574 -139.892 1458.42
v -32.6239 -148.81 1464.72
v -32.5131 -148.63 1464.89
v -32.6754 -148.369 1464.61
v -32.6234 -148.203 1464.65
v -32.8246 -148.246 1464.91
v -32.7793 -148.19 1464.97
v -32.9163 -140.262 1458.17
v -32.1189 -149.937 1464.55
v -32.2762 -149.461 1464.45
v -32.1324 -149.514 1464.39
v -32.3647 -149.409 1464.56
v -32.2115 -149.583 1464.69
v -32.4463 -148.55 1464.87
v -32.4875 -148.323 1464.84
v -32.4469 -148.391 1464.73
v -32.305 -140.342 1457.69
v -32.2073 -140.295 1457.99
v -31.794 -150.657 1464.34
v -31.6999 -150.767 1464.2
v -31.903 -150.319 1464.52
v -31.7289 -150.528 1464.19
v -31.6753 -150.432 1464.21
v -31.7066 -150.259 1464.53
v -31.8503 -150.262 1464.56
v -31.8837 -149.714 1464.49
v -32.0297 -149.518 1464.43
v -32.016 -149.439 1464.63
v -31.7926 -140.403 1457.52
v -31.9776 -140.462 1457.87
v -31.9731 -140.316 1457.83
v -31.4233 -151.367 1464.23
v -31.4407 -151.347 1464.13
v -31.4044 -151.237 1464.04
v -31.3084 -150.995 1464.14
v -31.272 -151.308 1464
v -31.4397 -151.209 1464.33
v -31.3356 -150.933 1464.33
v -31.3151 -150.92 1464.24
v -31.5805 -150.42 1464.28
v -31.5674 -150.407 1464.38
v -31.5229 -140.689 1457.31
v -31.4766 -140.613 1457.3
v -31.4896 -140.801 1457.41
v -31.4348 -140.578 1457.6
v -31.4265 -140.798 1457.51
v -31.4494 -140.497 1457.46
v -31.1312 -151.869 1463.95
v -31.0832 -152.014 1464
v -31.0994 -151.935 1464.11
v -30.9407 -152.105 1464.11
v -30.8426 -151.827 1463.98
v -30.9631 -151.603 1464.1
v -31.2252 -151.539 1464.26
v -31.1895 -151.451 1464.28
v -30.8917 -141.04 1457.18
v -30.5969 -152.816 1463.75
v -30.5825 -152.788 1463.69
v -30.4978 -152.947 1463.81
v -30.7085 -152.477 1463.73
v -30.7026 -152.261 1463.77
v -30.8019 -152.232 1464.08
v -30.5645 -152.463 1463.99
v -30.8207 -151.944 1464.09
v -30.7238 -140.993 1456.89
v -30.6284 -141.061 1456.87
v -30.6272 -141.014 1456.86
v -30.6459 -140.955 1456.88
v -30.5751 -141.016 1456.86
v -30.7646 -141.045 1456.94
v -30.704 -141.125 1457
v -30.6231 -141.149 1456.98
v -30.6358 -141.146 1457.03
v -30.6516 -141.118 1457.09
v -30.6281 -141.11 1456.91
v -30.5755 -141.123 1456.93
v -30.5754 -141.144 1456.98
v -30.5757 -141.143 1457.03
v -30.5774 -141.068 1456.88
v -30.6557 -141.022 1457.17
v -30.5283 -141.117 1456.98
v -30.5129 -141.104 1457.02
v -30.5324 -141.092 1457.08
v -30.5278 -141.063 1456.91
v -30.484 -141.056 1456.97
v -30.484 -141.055 1457.03
v -30.4977 -141.011 1456.92
v -30.5868 -140.978 1457.15
v -30.5293 -140.962 1456.9
v -30.4844 -140.961 1456.97
v -30.4769 -141.003 1457.02
v -30.6965 -140.86 1456.95
v -30.578 -140.912 1456.9
v -30.6368 -140.845 1457
v -30.5994 -140.878 1457.1
v -30.5176 -140.91 1456.97
v -30.1101 -153.532 1463.51
v -30.0859 -153.587 1463.55
v -30.3055 -153.102 1463.83
v -30.2279 -152.854 1463.69
v -30.2763 -152.79 1463.81
v -30.0265 -153.649 1463.49
v -30.0629 -153.532 1463.45
v -29.9754 -153.681 1463.49
v -29.9764 -153.636 1463.43
v -29.9951 -153.553 1463.41
v -29.9253 -153.688 1463.5
v -29.9255 -153.659 1463.45
v -29.9259 -153.635 1463.42
v -29.9958 -153.375 1463.44
v -29.8773 -153.643 1463.44
v -29.8754 -153.674 1463.49
v -29.8798 -153.585 1463.41
v -29.8268 -153.627 1463.49
v -29.8297 -153.472 1463.49
v -30.0225 -153.664 1463.54
v -30.0411 -153.625 1463.6
v -29.9724 -153.69 1463.54
v -29.976 -153.676 1463.6
v -30.0004 -153.605 1463.65
v -29.9253 -153.694 1463.54
v -29.9254 -153.685 1463.59
v -29.9266 -153.649 1463.64
v -29.9742 -153.503 1463.7
v -29.8754 -153.681 1463.54
v -29.8755 -153.669 1463.59
v -29.8768 -153.622 1463.65
v -29.9006 -153.532 1463.68
v -29.8291 -153.645 1463.54
v -29.8282 -153.626 1463.6
v -29.8293 -153.576 1463.63
v -29.7994 -153.535 1463.58
v -29.8625 -153.473 1463.65
v -29.8416 -153.434 1463.59
v -47.0374 -124.519 1471.38
v -46.2365 -129.417 1466.99
v -46.2365 -129.417 1466.99
v -46.0963 -129.202 1467.05
v -46.0254 -130.079 1466.46
v -46.0254 -130.079 1466.46
v -46.0241 -130.094 1466.51
v -46.0241 -130.094 1466.51
v -45.9617 -130.097 1466.46
v -45.9617 -130.097 1466.46
v -45.9617 -130.097 1466.46
v -45.89 -130.15 1466.42
v -45.89 -130.15 1466.42
v -45.89 -130.15 1466.42
v -45.8754 -130.198 1466.45
v -45.8754 -130.198 1466.45
v -45.8254 -130.12 1466.41
v -45.8254 -130.12 1466.41
v -45.7766 -130.05 1466.41
v -45.7766 -130.05 1466.41
v -45.7766 -130.05 1466.41
v -45.7754 -130.098 1466.44
v -45.7754 -130.098 1466.44
v -45.7754 -130.098 1466.44
v -45.7754 -130.098 1466.44
v -45.7882 -129.801 1466.49
v -45.7967 -129.741 1466.54
v -45.736 -129.79 1466.6
v -45.736 -129.79 1466.6
v -45.1999 -117.598 1485.36
v -44.1042 -132.618 1466.45
v -43.7237 -133.735 1463.65
v -43.0711 -134.548 1463.16
v -39.9138 -137.01 1461.21
v -38.867 -137.602 1460.9
v -38.1825 -138.982 1465.8
v -34.6262 -143.277 1465.59
v -34.0282 -145.363 1465.19
v -34.3876 -139.724 1458.71
v -33.8254 -145.592 1465.05
v -34.0093 -144.547 1465.37
v -32.8261 -140.256 1457.98
v -32.4469 -148.391 1464.73
v -32.305 -140.342 1457.69
v -30.6272 -141.014 1456.86
v -30.5751 -141.016 1456.86
v -30.5293 -140.962 1456.9
v -30.4844 -140.961 1456.97
v -30.4769 -141.003 1457.02
v -30.2279 -152.854 1463.69
v -29.8297 -153.472 1463.49
v -29.8291 -153.645 1463.54
vn -0.988753 -0.147325 0.0257562
vn -0.920474 0.306545 -0.2424
vn -0.786604 -0.551501 0.277672
vn -0.977972 0.163384 -0.129907
vn -0.812353 0.501447 -0.297714
vn -0.99719 -0.0737593 0.0131021
vn -0.697752 0.641112 -0.319558
vn -0.89781 -0.403813 0.175704
vn -0.953212 0.266276 -0.143119
vn -0.682948 -0.670026 0.29094
vn -0.897689 0.403665 -0.176659
vn -0.719106 0.639251 -0.272476
vn -0.998459 0.0554405 -0.00250256
vn -0.844176 0.507096 -0.173843
vn -0.893544 -0.406421 0.190792
vn -0.998216 0.030223 0.0514858
vn -0.90582 0.41331 -0.0930874
vn -0.960199 -0.22683 0.162989
vn -0.990468 -0.12349 -0.0610256
vn -0.914992 0.198162 -0.351456
vn -0.274069 -0.751821 0.59971
vn -0.877445 0.286949 -0.384385
vn -0.987025 -0.160516 0.00412433
vn -0.732314 -0.562338 0.384047
vn -0.622569 0.555632 -0.551073
vn -0.9101 0.267943 -0.316109
vn -0.212517 0.74627 -0.630807
vn -0.871849 -0.432502 0.229828
vn -0.515372 -0.716876 0.469553
vn -0.0982422 0.787625 -0.608273
vn -0.984582 0.0882431 -0.151035
vn -0.629262 0.589665 -0.506285
vn -0.33779 0.755574 -0.561253
vn -0.842022 0.414993 -0.344645
vn -0.594999 0.652525 -0.469241
vn 0.0162328 0.829035 -0.558962
vn -0.30685 -0.826945 0.471175
vn 0.0254271 -0.845066 0.534056
vn 0.351904 -0.789739 0.50247
vn 0.225336 -0.848496 0.47883
vn -0.233562 0.818805 -0.524411
vn 0.250636 0.830249 -0.497864
vn -0.577343 -0.739776 0.345552
vn -0.604313 0.67427 -0.424459
vn -0.0924015 0.864346 -0.494335
vn 0.378377 0.8186 -0.432117
vn 0.541948 -0.752486 0.374242
vn 0.0329389 -0.906611 0.42068
vn -0.263049 -0.889272 0.374167
vn 0.455552 -0.818019 0.351166
vn -0.435539 0.791941 -0.427942
vn 0.0146283 0.889705 -0.456301
vn 0.0774608 0.902611 -0.42343
vn 0.383618 0.835708 -0.392976
vn -0.565562 -0.762293 0.314719
vn 0.146835 -0.919099 0.365645
vn -0.259918 0.873399 -0.411846
vn -0.478528 0.802404 -0.356593
vn 0.127086 0.911369 -0.391478
vn -0.138425 -0.927621 0.346926
vn 0.340194 -0.889621 0.304699
vn 0.629123 0.710997 -0.314144
vn -0.555643 0.775396 -0.300037
vn -0.257471 0.895535 -0.362941
vn 0.31426 0.879228 -0.35805
vn -0.773142 -0.577052 0.263178
vn -0.0672986 0.933091 -0.353286
vn -0.547682 0.793565 -0.265141
vn -0.288289 0.909649 -0.299046
vn -0.538386 -0.776913 0.326416
vn -0.228953 -0.910873 0.343353
vn -0.853912 -0.454043 0.25432
vn 0.149092 0.926579 -0.345287
vn -0.717466 0.67747 -0.1621
vn -0.967092 0.253961 0.0154132
vn -0.986839 -0.0623501 0.149203
vn -0.925615 -0.291784 0.241037
vn -0.971428 0.224331 0.0774808
vn -0.751352 -0.582035 0.310976
vn -0.839573 -0.438301 0.320949
vn -0.436499 0.865962 -0.244089
vn -0.638385 0.753579 -0.156791
vn -0.864848 0.500644 -0.0373311
vn -0.975683 -0.070605 0.207502
vn -0.976474 -0.207939 -0.0570961
vn -0.80508 -0.484809 0.34177
vn -0.728196 0.317762 -0.607254
vn -0.288867 -0.662671 0.690958
vn -0.706066 0.376863 -0.599537
vn -0.936024 0.0798855 -0.342751
vn -0.277242 0.608581 -0.743482
vn -0.982637 -0.1819 -0.0365504
vn -0.866317 -0.425771 0.261179
vn -0.575037 -0.618472 0.53556
vn -0.0804866 -0.698817 0.710758
vn -0.922398 0.150586 -0.355677
vn -0.617463 0.476916 -0.625532
vn 0.480028 0.654519 -0.584104
vn -0.474193 -0.675203 0.565015
vn -0.0726429 0.68991 -0.720241
vn 0.670147 -0.491822 0.55589
vn 0.0218376 -0.725564 0.687808
vn -0.573434 0.539941 -0.616147
vn 0.795554 0.494345 -0.35031
vn 0.961462 0.256385 -0.0992876
vn -0.230502 0.703026 -0.672773
vn 0.146528 0.742996 -0.653059
vn 0.489616 0.676846 -0.549686
vn 0.280476 -0.72734 0.626346
vn 0.655204 0.613067 -0.441425
vn 0.312748 0.755592 -0.57556
vn 0.868263 0.42686 -0.252804
vn 0.484948 -0.653443 0.581238
vn 0.921217 -0.262907 0.286772
vn 0.986775 0.159884 -0.0266952
vn 0.161956 -0.802626 0.574074
vn 0.686428 0.612406 -0.392142
vn 0.630268 -0.608102 0.482673
vn 0.375846 0.770214 -0.515276
vn 0.990133 -0.0867693 0.110034
vn 0.692148 -0.595658 0.407581
vn 0.648774 0.663972 -0.371798
vn 0.901809 0.388029 -0.190194
vn 0.579101 -0.702771 0.413224
vn 0.896417 -0.38693 0.216154
vn 0.716197 0.629568 -0.301173
vn 0.948774 0.289757 -0.12597
vn 0.81083 -0.543676 0.216728
vn 0.999479 0.000441108 -0.032275
vn 0.56454 -0.775055 0.283874
vn 0.889889 0.409224 -0.201576
vn 0.694828 -0.691489 0.197628
vn 0.926818 -0.368611 0.0716531
vn 0.250609 -0.923884 0.289195
vn 0.981372 0.144254 -0.126887
vn 0.824674 0.509041 -0.246556
vn 0.706065 -0.690018 0.159211
vn 0.974985 -0.218681 -0.0397913
vn 0.467109 -0.857333 0.21631
vn 0.581265 0.746731 -0.323302
vn 0.926632 0.303909 -0.221341
vn -0.521554 -0.77427 0.358451
vn -0.0808816 -0.93352 0.349283
vn -0.110803 0.943911 -0.311053
vn 0.223266 0.908703 -0.352719
vn -0.947693 0.302579 0.101609
vn -0.559562 -0.72991 0.392583
vn -0.80209 -0.460522 0.380224
vn -0.283243 0.919764 -0.271675
vn -0.803796 0.593749 -0.0370612
vn -0.575707 0.802123 -0.158619
vn -0.954302 -0.104406 0.280013
vn -0.905164 -0.395635 0.155406
vn -0.46148 -0.612071 0.642188
vn -0.968037 -0.126389 -0.216634
vn -0.647535 0.34106 -0.681452
vn -0.280782 0.525449 -0.803159
vn -0.902781 0.0896396 -0.420655
vn -0.380603 0.514566 -0.768351
vn -0.0796678 0.604919 -0.792291
vn 0.119501 -0.619783 0.775622
vn 0.22168 0.64675 -0.729776
vn -0.451251 0.509198 -0.732864
vn 0.504739 -0.4866 0.713063
vn 0.98426 0.0983802 0.146814
vn -0.088496 0.629968 -0.771562
vn 0.212285 0.675159 -0.706467
vn 0.573374 0.601545 -0.556225
vn 0.937003 -0.111158 0.331164
vn 0.842951 -0.225595 0.488406
vn 0.261689 -0.614749 0.744045
vn 0.679086 -0.407901 0.610294
vn 0.80513 0.478948 -0.34982
vn 0.977543 0.210234 -0.0145196
vn 0.439066 -0.578173 0.687705
vn 0.83756 -0.29052 0.462699
vn 0.990132 0.0525715 0.129901
vn 0.935816 0.316751 -0.154651
vn 0.974702 -0.071521 0.211759
vn 0.826515 -0.560321 0.0539779
vn 0.983262 -0.135246 -0.122083
vn 0.689396 0.638805 -0.341558
vn 0.93709 0.237959 -0.255416
vn 0.97891 -0.0818131 -0.187197
vn 0.935653 0.20879 -0.284536
vn 0.883506 -0.467414 -0.0306701
vn 0.526408 -0.832544 0.172523
vn 0.143829 -0.935188 0.323629
vn -0.221881 -0.881815 0.416138
vn 0.459723 0.796319 -0.393105
vn 0.0485792 0.933353 -0.355658
vn 0.778135 0.515637 -0.358643
vn 0.627038 0.654644 -0.422213
vn -0.863095 -0.312807 0.39651
vn -0.551794 -0.710222 0.437159
vn -0.7399 -0.487737 0.463315
vn -0.0972644 0.929217 -0.356503
vn 0.259764 0.873646 -0.411419
vn -0.950979 0.253382 0.177301
vn -0.951158 -0.000868151 0.308702
vn -0.839726 0.541828 0.0358173
vn -0.936006 0.269201 0.226767
vn -0.905109 -0.119113 0.408154
vn -0.951024 -0.289152 -0.109293
vn -0.852836 0.0518965 -0.519594
vn -0.643031 0.277446 -0.713817
vn -0.370098 0.440444 -0.817947
vn -0.811101 -0.519353 0.26905
vn -0.869724 -0.493349 -0.0136798
vn -0.691118 -0.663159 0.287361
vn -0.823617 -0.48718 -0.290364
vn -0.0278319 0.563848 -0.825409
vn -0.8214 0.144779 -0.551671
vn -0.958145 -0.147377 -0.245436
vn -0.617441 -0.486098 0.618446
vn -0.505058 -0.524418 0.685494
vn -0.51349 -0.367173 0.775572
vn -0.49697 -0.458009 0.737054
vn 0.23159 -0.382824 0.894322
vn -0.00503665 -0.190152 0.981742
vn 0.414365 0.00548368 0.910094
vn 0.218455 -0.385578 0.896441
vn -0.52181 0.389042 -0.759184
vn -0.143332 0.550363 -0.822531
vn 0.254395 0.617312 -0.744452
vn 0.848821 -0.11628 0.515734
vn 0.969163 0.138815 0.203603
vn 0.197778 -0.567326 0.79939
vn 0.105947 0.618111 -0.778918
vn 0.409551 0.62386 -0.665633
vn 0.617057 -0.391282 0.682744
vn 0.87723 0.413361 -0.244132
vn 0.911423 -0.0814221 0.403333
vn 0.977416 0.198409 0.0727452
vn 0.787231 -0.616545 0.0117935
vn 0.945702 -0.286095 -0.154262
vn 0.924143 0.192411 -0.330058
vn 0.827747 -0.559111 -0.0472307
vn -0.428169 -0.761986 0.485848
vn -0.00609359 -0.909284 0.416131
vn 0.58546 0.660554 -0.470005
vn -0.67971 -0.525848 0.511349
vn 0.376782 0.791771 -0.480764
vn -0.650956 0.752176 -0.10241
vn -0.845049 0.526458 0.0934523
vn -0.758333 -0.381222 0.528773
vn -0.890574 -0.059541 0.450925
vn -0.916755 0.295183 0.269122
vn -0.778941 0.07022 -0.623153
vn -0.861998 -0.485957 0.144238
vn -0.620791 -0.607044 0.496101
vn 0.387933 -0.417761 0.821574
vn -0.899665 -0.435244 -0.0341348
vn -0.696909 -0.386587 0.604044
vn -0.884202 -0.0403423 -0.46536
vn -0.606429 0.269289 -0.748149
vn -0.218266 0.481808 -0.848658
vn -0.271459 -0.62047 0.735749
vn -0.667406 -0.2874 -0.687001
vn 0.0859371 -0.550081 0.830678
vn 0.194829 -0.522013 0.830388
vn -0.178519 -0.032638 -0.983395
vn 0.400583 -0.421748 0.813426
vn 0.748804 -0.20722 0.629565
vn 0.262993 0.197971 -0.944268
vn 0.868039 0.369194 0.331971
vn 0.919249 0.254169 -0.300631
vn 0.855558 0.3056 -0.417887
vn 0.888394 0.306935 -0.341389
vn 0.982741 0.182157 0.0322437
vn 0.860082 0.283711 -0.42399
vn 0.861399 0.369591 -0.348418
vn 0.958195 0.0956753 0.269645
vn 0.822955 0.102855 0.558718
vn 0.630401 0.576479 -0.519871
vn 0.955075 0.296234 0.00875047
vn 0.928051 0.361559 -0.0894247
vn 0.541988 -0.825054 0.159798
vn 0.941548 -0.237069 -0.239345
vn 0.882237 0.226544 -0.412718
vn -0.454922 -0.699304 0.551379
vn 0.330203 -0.892975 0.305879
vn -0.0890427 -0.861335 0.500174
vn 0.77047 0.382898 -0.509672
vn -0.425342 -0.681591 0.595415
vn -0.728776 -0.366813 0.578216
vn -0.270545 0.90189 -0.336748
vn 0.323148 0.769204 -0.551271
vn -0.754721 0.655913 0.013195
vn -0.898971 0.106993 0.42474
vn -0.811773 -0.0305063 -0.583176
vn -0.917607 -0.350096 -0.188231
vn -0.108508 -0.586917 0.802343
vn -0.929842 -0.226217 -0.290205
vn -0.857386 -0.455785 -0.239061
vn -0.847293 -0.481965 0.22317
vn -0.696169 -0.459432 0.551607
vn -0.420068 -0.182308 -0.888992
vn -0.334727 -0.260126 0.9057
vn -0.523789 0.282882 -0.803506
vn -0.180542 0.472091 -0.862864
vn 0.789692 -0.0789134 0.608407
vn -0.743682 -0.34457 -0.572895
vn 0.0568729 -0.0524044 0.997005
vn 0.30356 0.613294 -0.729193
vn 0.794691 0.528102 -0.299291
vn 0.946938 0.253664 0.19739
vn 0.50295 0.169866 0.847459
vn 0.839464 -0.532809 -0.106838
vn 0.930976 -0.134478 -0.339411
vn 0.696843 -0.716464 0.0330162
vn 0.884178 -0.40358 -0.235272
vn 0.676307 0.437086 -0.592929
vn 0.890917 -0.002539 -0.454159
vn -0.75199 -0.267907 0.602277
vn -0.512572 -0.572349 0.640068
vn -0.199394 -0.780995 0.591852
vn -0.86402 0.457606 0.209917
vn -0.867438 0.0457574 0.495437
vn -0.893541 -0.421308 -0.155189
vn -0.848451 -0.160979 -0.504199
vn -0.562603 0.202225 -0.801613
vn -0.809503 -0.559567 0.177733
vn -0.589434 -0.63393 0.5007
vn 0.356848 -0.363999 0.860328
vn -0.798818 -0.492627 -0.345265
vn 0.154401 0.591521 -0.791368
vn 0.881112 0.471133 -0.0409383
vn 0.49033 -0.309701 0.814655
vn -0.00922131 0.0620469 -0.998031
vn -0.851683 -0.523796 -0.0165244
vn -0.709996 -0.387347 -0.588105
vn 0.904074 0.173491 0.390577
vn 0.751618 -0.0743203 0.655398
vn 0.55019 0.366628 -0.75025
vn 0.607656 0.268513 0.747432
vn 0.301033 0.107794 0.947502
vn 0.854614 0.482979 -0.1907
vn 0.82689 0.440265 0.349886
vn 0.166356 -0.886204 0.432398
vn 0.803028 -0.582933 -0.123835
vn -0.0311099 -0.822809 0.567467
vn 0.632649 0.442765 -0.635385
vn -0.0453259 0.852495 -0.520767
vn -0.783171 -0.134301 0.60713
vn -0.475604 -0.561171 0.677413
vn -0.252524 -0.708091 0.659422
vn -0.879958 0.312744 0.357581
vn -0.734159 0.678881 0.0114481
vn -0.338323 0.872032 -0.353692
vn -0.846303 0.111168 0.520974
vn -0.721637 -0.0193646 -0.692001
vn -0.442973 0.262572 -0.857223
vn -0.615039 -0.658908 0.433089
vn -0.798107 -0.590913 0.117676
vn -0.875356 -0.333813 -0.349743
vn -0.348293 -0.651876 0.67361
vn -0.766308 -0.545031 -0.340166
vn -0.141041 0.47502 -0.868599
vn -0.689183 -0.433517 -0.580595
vn -0.398816 -0.213305 -0.891878
vn -0.772022 -0.551193 0.316494
vn -0.8199 -0.559365 -0.12196
vn -0.51024 -0.417039 0.752153
vn 0.901336 0.278594 0.33163
vn 0.746107 -0.0360422 0.66485
vn 0.556453 0.63278 -0.538469
vn 0.415691 0.345246 -0.841431
vn 0.668809 0.377563 0.640422
vn 0.842779 0.520388 0.137548
vn 0.785735 0.519549 -0.335693
vn 0.532426 -0.824249 0.192708
vn 0.32028 -0.867604 0.380373
vn 0.842417 0.00108372 -0.538826
vn -0.0696083 -0.773904 0.629466
vn 0.492876 0.511485 -0.703887
vn -0.603869 -0.374363 0.703701
vn -0.37613 -0.589734 0.714661
vn -0.708984 -0.183535 0.680923
vn -0.460129 0.831913 -0.310165
vn -0.0269428 0.801013 -0.59804
vn -0.845591 0.444914 0.295004
vn -0.810801 0.0743593 0.58058
vn -0.753613 -0.644986 0.126732
vn -0.626328 0.0393354 -0.778567
vn -0.509918 -0.692949 0.509711
vn -0.820792 -0.26324 -0.506957
vn -0.854839 -0.490601 -0.169002
vn 0.0158684 -0.540656 0.841094
vn -0.614821 -0.43219 -0.659703
vn -0.789489 -0.610597 0.0622719
vn -0.679053 -0.563536 0.47044
vn 0.282724 0.635494 -0.718481
vn 0.66604 0.647652 -0.370052
vn 0.493213 -0.235797 0.837341
vn 0.818895 0.147451 0.554679
vn 0.889643 0.429111 0.156205
vn -0.141126 -0.184093 0.972725
vn 0.247715 0.106086 0.963007
vn 0.564744 0.34951 0.747601
vn 0.779801 0.5367 0.322279
vn 0.66138 0.502512 -0.556829
vn 0.234007 -0.851346 0.469523
vn 0.587616 -0.792105 0.165158
vn 0.785278 0.00854331 -0.619085
vn -0.473403 -0.464631 0.748337
vn -0.19788 -0.681165 0.704881
vn 0.0798632 -0.805699 0.586917
vn 0.31366 0.601849 -0.734435
vn 0.612646 0.321222 -0.722136
vn -0.775483 -0.271671 -0.569931
vn -0.827461 -0.502775 -0.250052
vn -0.576377 -0.718707 0.388909
vn -0.320846 -0.685238 0.653841
vn -0.721418 -0.685764 0.0963568
vn 0.125725 0.6023 -0.788307
vn 0.708962 0.661884 -0.24348
vn -0.734688 -0.643222 0.215636
vn -0.278717 0.362117 -0.889488
vn 0.533649 0.699819 -0.474839
vn 0.798293 0.226277 0.558147
vn -0.758006 -0.597574 -0.261405
vn 0.197833 0.0794371 0.977012
vn 0.47181 0.310527 0.825208
vn 0.0770698 0.131245 -0.98835
vn 0.595511 0.519021 -0.613175
vn 0.836014 -0.475054 -0.274598
vn -0.695712 -0.178392 -0.695817
vn -0.461552 -0.740252 0.488873
vn -0.130341 -0.632159 0.763797
vn -0.550007 0.0826658 -0.831059
vn 0.492631 -0.189217 0.849418
vn -0.643624 -0.514524 -0.56658
vn -0.524614 -0.506124 0.684557
vn -0.747422 -0.646009 -0.155028
vn -0.376378 -0.250798 -0.891874
vn 0.770625 0.627236 -0.11275
vn 0.720568 0.544201 0.429682
vn 0.550487 0.372964 -0.746901
vn -0.634232 -0.262884 0.727078
vn -0.337046 -0.577253 0.74376
vn -0.181368 0.826909 -0.532284
vn -0.683383 0.727988 -0.0549653
vn -0.785761 -0.559401 -0.263912
vn -0.752239 -0.427006 -0.501799
vn -0.616463 -0.10699 -0.780081
vn -0.616112 -0.756797 0.21832
vn -0.334801 -0.739063 0.584546
vn 0.229986 -0.396908 0.888578
vn -0.39464 0.214791 -0.893378
vn -0.0473646 0.523063 -0.850977
vn 0.638387 0.0623283 0.767188
vn -0.705812 -0.629051 -0.325767
vn -0.5013 -0.409789 -0.762084
vn -0.701283 -0.675736 0.22712
vn -0.518539 -0.557054 0.648697
vn 0.397968 0.731288 -0.553931
vn 0.662652 0.721908 -0.199349
vn -0.126447 -0.0447245 -0.990965
vn 0.412538 0.440398 -0.797409
vn 0.736029 0.672103 -0.0808628
vn -0.308879 -0.351175 0.883895
vn 0.0111571 -0.0765243 0.997005
vn 0.499229 0.38703 0.775228
vn 0.838612 -0.223991 -0.496545
vn 0.749575 0.0692066 -0.658292
vn -0.0124935 -0.771369 0.636266
vn 0.354223 -0.846475 0.397501
vn 0.655402 -0.75164 0.0740659
vn 0.19122 0.67889 -0.708903
vn -0.781492 0.00463374 0.623899
vn -0.702364 -0.386504 -0.597746
vn -0.71017 -0.694243 -0.116985
vn -0.418036 -0.792755 0.443604
vn 0.595062 0.0803279 0.799655
vn 0.566551 0.786716 -0.24515
vn -0.712694 -0.694517 -0.0985542
vn -0.631017 -0.584569 -0.509997
vn -0.611258 -0.789288 0.058213
vn -0.704979 -0.608166 -0.364882
vn 0.273905 -0.344825 0.897815
vn -0.533072 -0.0341214 -0.845382
vn 0.175301 0.681414 -0.710594
vn -0.0653953 -0.626455 0.77671
vn -0.66938 -0.682681 -0.293046
vn -0.641156 -0.694826 0.325785
vn -0.307492 -0.39787 0.864377
vn 0.747369 0.52073 0.41265
vn -0.464924 -0.413214 -0.783007
vn -0.643406 -0.351823 -0.679889
vn -0.196925 0.404658 -0.893013
vn 0.265757 0.771979 -0.577427
vn -0.430153 -0.833678 0.346338
vn 0.450046 -0.0887761 0.888582
vn -0.111497 -0.694339 0.710959
vn 0.675246 0.397411 0.621375
vn 0.635845 0.769447 0.060441
vn 0.596283 0.666935 -0.446816
vn -0.738045 -0.0881514 0.668969
vn -0.518712 -0.0772914 -0.851448
vn -0.608781 -0.790084 -0.0717858
vn -0.664485 -0.589028 -0.459897
vn -0.546848 -0.646435 0.532052
vn -0.529409 -0.52081 -0.669689
vn -0.229357 -0.167324 -0.958853
vn 0.177254 0.264976 -0.947823
vn 0.633978 0.632924 0.444386
vn 0.238936 -0.838767 0.489265
vn 0.547123 -0.808931 0.215144
vn -0.131612 -0.711764 0.689978
vn -0.495486 -0.423277 0.758506
vn -0.0323453 0.778967 -0.62623
vn -0.500967 0.816966 -0.285655
vn -0.790162 0.600456 0.122865
vn -0.605824 -0.759012 -0.23849
vn -0.386478 -0.861263 0.329942
vn -0.66509 -0.743022 0.0746591
vn -0.604654 -0.391009 -0.693906
vn -0.44078 0.023588 -0.897305
vn 0.160603 0.75426 -0.636631
vn 0.45846 0.859358 -0.226536
vn 0.234179 -0.370813 0.898698
vn 0.560537 0.232338 0.794869
vn 0.643063 0.683565 0.345267
vn 0.159739 0.0781111 0.984064
vn 0.739345 -0.672036 -0.0416647
vn 0.383322 0.531042 -0.755684
vn 0.674073 0.200387 -0.710964
vn -0.0615923 -0.699816 0.711662
vn -0.648139 -0.694085 -0.313308
vn 0.845899 -0.40677 -0.344954
vn 0.800306 -0.0722184 -0.595227
vn -0.249363 -0.613887 0.748973
vn 0.0703289 0.69982 -0.710848
vn -0.715614 -0.104272 0.690669
vn -0.461919 0.807306 -0.367271
vn -0.841415 0.225095 0.491276
vn -0.729645 0.683272 -0.0275342
vn -0.598605 -0.641796 -0.479344
vn -0.510301 -0.859577 -0.0268308
vn -0.528238 -0.255064 -0.809881
vn -0.33665 -0.888679 0.311313
vn -0.295302 -0.41078 0.862587
vn 0.0420212 0.686913 -0.725524
vn 0.578646 0.759267 0.297795
vn 0.111697 -0.792769 0.599201
vn 0.485553 -0.817428 0.309919
vn -0.523696 -0.825937 -0.208734
vn -0.313371 0.215383 -0.924883
vn 0.52699 0.847109 0.0684765
vn 0.812639 -0.558142 -0.167613
vn 0.691295 -0.718559 0.0760537
vn -0.090407 -0.684388 0.723491
vn 0.265323 -0.804256 0.531767
vn 0.554233 0.316877 -0.769685
vn -0.484063 -0.385644 0.785469
vn -0.831686 0.174957 0.526962
vn -0.710194 0.694605 -0.114665
vn -0.849158 0.462206 0.255533
vn -0.563082 -0.553702 -0.613476
vn 0.559063 -0.781576 0.276744
vn 0.788915 -0.611759 -0.0580061
vn 0.857388 -0.342898 -0.383807
vn 0.120894 -0.746779 0.653992
vn 0.394833 -0.791666 0.466231
vn -0.189707 -0.60436 0.773796
vn -0.262396 0.763389 -0.590242
vn -0.392834 -0.356201 -0.847822
vn -0.365938 -0.4884 0.792184
vn -0.669523 -0.742786 -0.0026686
vn -0.619174 -0.643852 -0.449531
vn -0.530604 -0.735877 -0.420647
vn -0.398611 -0.911489 0.101472
vn -0.0183042 0.0659825 -0.997653
vn 0.444431 0.410449 0.796249
vn -0.0160628 0.662742 -0.748675
vn -0.506911 -0.321926 -0.799628
vn -0.109011 -0.781467 0.61435
vn 0.274525 -0.301968 0.912936
vn 0.362318 0.912285 -0.190948
vn 0.476439 0.180096 0.860565
vn 0.632557 -0.739758 0.22941
vn -0.738287 -0.035624 0.673546
vn -0.586379 0.753963 -0.29614
vn -0.860411 0.370894 0.349471
vn -0.806227 0.587684 0.0680126
vn -0.567479 -0.67157 0.476404
vn 0.333356 0.434811 -0.836548
vn 0.675761 0.736777 0.0225211
vn 0.58883 0.676239 -0.442697
vn -0.24473 -0.895148 0.372581
vn -0.427964 -0.900995 -0.0710942
vn -0.426324 -0.0888148 -0.9002
vn 0.267898 0.542096 -0.796468
vn -0.297527 -0.526593 0.796352
vn 0.180716 0.589987 -0.786929
vn -0.331336 0.781057 -0.529309
vn -0.0532445 0.704708 -0.707497
vn -0.699302 0.705771 -0.113415
vn -0.834285 0.508086 0.214049
vn -0.638511 -0.61944 -0.456725
vn -0.254789 -0.174796 -0.951067
vn -0.16565 -0.271738 0.948008
vn 0.234223 0.15052 0.96046
vn 0.6159 0.617072 0.489786
vn 0.489469 0.816358 0.30656
vn 0.318923 0.927305 -0.195944
vn 0.0291329 -0.711311 0.702273
vn 0.616513 -0.751717 0.234166
vn 0.351947 -0.784193 0.511052
vn 0.814855 -0.127407 -0.56549
vn -0.836536 0.232401 0.496184
vn -0.687049 -0.725015 0.0481309
vn -0.0378928 0.0608059 -0.99743
vn 0.496639 0.564944 -0.658929
vn 0.672165 0.712583 -0.201046
vn -0.54929 -0.622541 0.557425
vn 0.647514 0.606009 0.462038
vn 0.689777 0.705085 0.164512
vn -0.253733 -0.918191 0.304213
vn -0.0261868 -0.739082 0.673107
vn -0.514721 -0.638958 -0.57166
vn 0.798378 -0.597131 -0.0776399
vn 0.854523 -0.35787 -0.376457
vn 0.692606 0.105569 -0.713549
vn -0.461424 0.784592 -0.414131
vn -0.706092 -0.686918 0.171982
vn -0.698772 -0.619173 -0.358249
vn -0.487542 -0.392028 -0.780139
vn 0.350121 0.416025 -0.839249
vn 0.687962 0.67759 -0.259961
vn 0.0856224 -0.023832 0.996043
vn 0.718126 0.683527 0.130713
vn 0.473075 0.395143 0.78744
vn -0.176877 0.451008 -0.874818
vn -0.401778 -0.911887 -0.0838786
vn 0.411089 0.0435008 0.910556
vn 0.517078 0.487985 0.703208
vn 0.0942938 0.798538 -0.594513
vn -0.0622419 0.715812 -0.695513
vn 0.42907 0.411687 -0.803998
vn 0.191109 0.585415 -0.787887
vn -0.785892 0.104863 0.609407
vn -0.637531 -0.167006 0.752106
vn -0.735526 0.674728 -0.0611893
vn -0.851762 0.436807 0.28931
vn -0.432857 -0.478582 0.763933
vn -0.347491 -0.213277 -0.913106
vn 0.655531 0.552748 0.514538
vn -0.477769 -0.353744 -0.804116
vn 0.146783 -0.525097 0.838289
vn 0.809026 -0.149541 -0.568432
vn 0.720972 -0.689078 0.0732876
vn 0.406733 -0.792314 0.454761
vn -0.190356 -0.582147 0.790487
vn -0.433776 -0.382192 0.815946
vn 0.122432 -0.735294 0.666599
vn -0.234467 0.731876 -0.63983
vn 0.185036 0.551091 -0.813671
vn 0.559462 0.232177 -0.795674
vn -0.692879 -0.036216 0.720144
vn -0.555322 0.750007 -0.359314
vn -0.530722 0.722922 -0.442399
vn -0.748066 0.655936 -0.100724
vn -0.592013 -0.381536 -0.709895
vn -0.663329 -0.516654 -0.541353
vn -0.757762 -0.652421 -0.0119792
vn -0.62545 -0.560762 0.542548
vn -0.226771 -0.283634 0.931733
vn 0.0670967 0.156732 -0.985359
vn 0.38063 0.396976 -0.835183
vn 0.460521 0.314874 0.829925
vn 0.624969 0.602311 -0.496624
vn 0.752459 0.6522 0.0918766
vn -0.13866 -0.870312 0.472578
vn -0.30651 0.209626 -0.928498
vn 0.406184 0.906635 0.114139
vn 0.0459325 0.779079 -0.625241
vn 0.848283 -0.455569 -0.269949
vn -0.0110856 -0.64321 0.76561
vn 0.30207 -0.74972 0.58879
vn 0.592678 -0.743606 0.309488
vn -0.550412 -0.216473 0.806341
vn -0.196846 -0.492802 0.847584
vn 0.183996 0.505128 -0.843203
vn -0.111037 0.633333 -0.765872
vn -0.399802 -0.319424 0.859143
vn -0.611022 -0.0745025 0.7881
vn 0.208575 0.445724 -0.870532
vn -0.823214 0.305802 0.478335
vn -0.748463 0.167334 0.641718
vn -0.465096 0.761077 -0.452158
vn -0.807212 0.526694 0.26646
vn -0.740137 0.670048 -0.0568686
vn -0.748953 0.462424 0.474589
vn -0.186594 -0.046064 -0.981357
vn -0.798702 -0.591407 -0.11096
vn 0.75505 0.628083 -0.188179
vn 0.779487 0.581607 0.232665
vn 0.224402 0.0645481 0.972357
vn 0.636525 0.5417 -0.548996
vn 0.601899 0.381157 0.701738
vn 0.688619 0.516411 0.509041
vn -0.479032 -0.73862 -0.474309
vn 0.08202 -0.645298 0.759516
vn 0.274464 -0.312065 0.909552
vn -0.332329 -0.942369 0.0387052
vn 0.502518 0.515074 0.694387
vn 0.777005 -0.628437 0.0364655
vn 0.789535 -0.137323 -0.598144
vn 0.133401 -0.649067 0.748944
vn 0.452578 -0.730486 0.511432
vn 0.689326 -0.671161 0.272714
vn 0.4292 0.299504 -0.852106
vn 0.660863 0.0484412 -0.748941
vn 0.419134 -0.674459 0.607809
vn -0.621052 0.143904 0.770445
vn -0.45413 -0.146381 0.878828
vn -0.435723 0.102581 0.894216
vn -0.166407 -0.387536 0.906711
vn -0.218725 -0.14039 0.965635
vn -0.166684 0.733033 -0.659453
vn 0.166941 0.521007 -0.837068
vn 0.38761 0.468246 -0.794043
vn -0.665232 0.718008 0.204772
vn -0.550607 0.826531 -0.116953
vn -0.296538 0.888255 -0.350811
vn -0.415759 0.907809 0.0550161
vn 0.039712 0.789003 -0.613105
vn -0.0929594 0.95857 -0.269261
vn -0.657319 0.398277 0.639771
vn -0.589995 0.694494 0.411806
vn -0.515059 0.573778 0.636784
vn -0.472653 0.345311 0.810777
vn -0.397265 0.821665 0.408714
vn -0.766212 -0.456989 -0.451752
vn -0.368718 -0.145028 -0.918158
vn -0.78545 -0.545847 0.291752
vn -0.271588 -0.281664 0.920274
vn 0.701724 0.506044 -0.501501
vn 0.0979636 0.169565 -0.980638
vn 0.445115 0.392927 -0.804662
vn 0.771596 0.494796 0.399772
vn 0.811366 0.578152 -0.0861681
vn 0.857533 -0.498286 -0.127858
vn 0.870115 -0.276174 -0.4082
vn 0.819318 -0.0533357 -0.570854
vn 0.0935439 -0.547715 0.831419
vn 0.105644 -0.363421 0.925616
vn 0.424882 -0.543684 0.723797
vn 0.378965 -0.266983 0.886062
vn 0.851186 -0.519914 0.0719141
vn 0.662204 -0.614037 0.429469
vn 0.652598 -0.419228 0.63116
vn 0.596825 -0.0868791 0.797654
vn 0.8363 -0.447816 0.316328
vn 0.944936 -0.259848 -0.198935
vn 0.836835 -0.214534 0.503668
vn 0.0377624 -0.0970226 0.994566
vn 0.241679 0.789284 -0.564466
vn 0.672824 0.113261 -0.731081
vn 0.141834 0.960518 -0.239351
vn 0.586899 0.46625 -0.661937
vn 0.429664 0.760995 -0.486082
vn 0.813384 0.253136 -0.523764
vn -0.306006 0.558473 0.771018
vn -0.16808 0.984184 0.0559518
vn -0.151129 0.817955 0.555076
vn -0.117644 0.95555 0.270339
vn 0.0145345 0.38594 0.92241
vn 0.0462443 0.64243 0.764948
vn 0.408428 0.878344 -0.248393
vn 0.180691 0.982996 0.0326941
vn 0.181229 0.942032 0.282367
vn 0.190796 0.837129 0.512652
vn 0.477738 0.344078 0.808317
vn 0.435148 0.666196 0.605664
vn 0.680102 0.614466 -0.399866
vn 0.549479 0.833987 -0.0503945
vn 0.551056 0.801259 0.233069
vn 0.937339 0.00593569 -0.348368
vn 0.851879 0.113762 0.511235
vn 0.87216 0.470395 -0.134406
vn 0.780939 0.503204 0.370027
vn -0.188418 0.189449 0.963643
vn 0.233403 0.0799951 0.969084
vn -0.850623 -0.477797 -0.219434
vn -0.811784 -0.514079 0.277001
vn -0.59655 -0.264951 -0.757581
vn -0.164641 0.00570975 -0.986337
vn 0.247603 0.0447696 0.967827
vn 0.600198 0.308238 0.738073
vn -0.0845266 -0.850744 0.518739
vn 0.968094 -0.221283 0.117594
vn 0.990102 0.136307 0.0334482
vn -0.897298 -0.434267 -0.0791682
vn -0.863251 -0.483885 0.143712
vn -0.778687 -0.354393 -0.517737
vn -0.587031 -0.408355 0.699028
vn 0.00246601 -0.113545 0.99353
vn 0.582999 0.23649 0.777293
vn 0.728062 0.462247 -0.506215
vn 0.856777 0.491265 0.156816
vn 0.3135 0.279352 -0.907568
vn -0.865125 -0.363416 -0.345668
vn -0.547906 -0.157079 -0.82166
vn -0.873917 -0.430731 0.225255
vn -0.406871 -0.303317 0.861658
vn -0.813747 -0.353025 -0.461724
vn -0.317146 -0.0583077 -0.946582
vn 0.633088 0.377847 -0.675597
vn -0.750727 -0.431158 0.500511
vn 0.390628 0.0787537 0.917174
vn 0.877945 0.45827 -0.138566
vn 0.867822 0.403031 0.290605
vn 0.158895 -0.561999 0.811733
vn -0.922558 -0.384589 -0.0312762
vn -0.0646584 -0.15945 0.985086
vn -0.57799 -0.357044 0.73379
vn 0.715975 0.236379 0.656891
vn -0.39957 -0.8983 -0.18276
vn -0.467675 -0.298685 -0.831906
vn -0.201077 0.471628 -0.858566
vn 0.175156 0.910013 -0.375762
vn 0.439059 0.127617 0.889348
vn -0.688077 -0.187515 -0.700991
vn -0.797558 -0.399683 0.451834
vn 0.0333774 0.136777 -0.990039
vn 0.434532 0.0629559 0.898453
vn 0.789122 0.398206 -0.467674
vn 0.871683 0.415842 -0.259314
vn 0.495577 0.630331 0.597567
vn -0.870316 -0.400484 0.28664
vn -0.592232 -0.355796 0.722959
vn -0.37286 -0.283175 0.883622
vn 0.175448 -0.0737081 0.981726
vn 0.714609 0.192786 0.672434
vn 0.919287 0.347896 0.184068
vn -0.791713 -0.233456 -0.564526
vn 0.21301 0.22318 -0.951219
vn -0.135169 -0.21197 0.967883
vn 0.333366 -0.0190028 0.942606
vn -0.502984 -0.4081 -0.76188
vn 0.408671 -0.0319785 0.912121
vn 0.432767 0.872979 0.224989
vn 0.508991 0.503601 0.698079
vn -0.901523 -0.408004 0.144184
vn 0.114081 -0.138418 0.983782
vn -0.317942 0.0320333 -0.947569
vn 0.364735 0.300338 -0.881343
vn -0.714067 -0.401119 0.573769
vn -0.343396 -0.301048 0.889634
vn -0.275578 -0.948934 0.153563
vn -0.815501 -0.443155 0.372254
vn -0.597466 -0.10749 -0.794657
vn -0.00889671 0.188112 -0.982107
vn -0.903096 -0.352722 -0.244959
vn -0.497473 -0.371868 0.783731
vn 0.634354 0.124308 0.762983
vn 0.86993 0.285382 0.402217
vn 0.926744 0.368571 0.0728003
vn -0.285184 0.358059 -0.88908
vn 0.498345 0.242127 0.832482
vn -0.893467 -0.445399 0.0577517
vn -0.765102 -0.237698 -0.598429
vn -0.608454 -0.438023 0.661755
vn -0.309055 0.0607849 -0.9491
vn 0.29494 0.333752 -0.895332
vn 0.601311 0.106504 0.791885
vn -0.0675744 -0.244907 0.967189
vn 0.884564 0.430391 -0.179747
vn 0.590169 0.399078 -0.701739
vn 0.881622 0.311107 0.354901
vn -0.0255373 0.752089 -0.658567
vn 0.341605 -0.277928 0.897809
vn 0.519557 0.698942 0.491468
vn -0.7925 -0.497635 0.352565
vn -0.885953 -0.411563 -0.213782
vn -0.476745 -0.0392301 -0.878166
vn 0.626721 0.469672 -0.621794
vn 0.0222891 0.243776 -0.969575
vn -0.458912 -0.424038 0.780763
vn 0.806396 0.287026 0.517051
vn 0.888594 0.457644 -0.031021
vn 0.767558 0.460445 -0.44592
vn 0.90492 0.388185 0.174446
vn -0.521012 -0.284819 -0.804627
vn -0.3062 0.355907 -0.882934
vn -0.44913 -0.872246 -0.193571
vn 0.537593 0.311393 0.783599
vn -0.043595 -0.825274 0.563047
vn 0.356306 0.933458 -0.041252
vn -0.773288 -0.291709 -0.562967
vn -0.863358 -0.503866 0.0270439
vn -0.63385 -0.511396 0.580266
vn -0.3789 -0.448073 0.809731
vn 0.832472 0.517191 -0.198757
vn 0.889288 0.394851 0.230783
vn -0.200448 -0.339409 0.919033
vn 0.302786 -0.0765138 0.949982
vn -0.254255 -0.93444 0.249351
vn -0.854233 -0.488602 -0.177633
vn -0.739431 -0.295168 -0.605077
vn -0.682203 -0.57065 0.457118
vn -0.384941 0.0179912 -0.922766
vn 0.256606 0.380505 -0.888464
vn 0.0445511 -0.244205 0.9687
vn 0.536968 0.08225 0.839583
vn 0.842552 0.344922 0.413685
vn -0.424338 -0.048179 -0.904221
vn -0.167825 -0.392164 -0.904457
vn -0.191578 0.110434 -0.975245
vn -0.050629 0.387218 -0.920597
vn 0.403296 -0.168624 -0.899399
vn -0.506426 -0.556977 -0.658263
vn -0.401971 -0.889574 -0.216975
vn -0.0663687 -0.973432 -0.219147
vn -0.132454 -0.970491 0.201503
vn 0.0762112 -0.811033 0.580015
vn -0.182964 -0.748058 -0.637913
vn 0.296481 -0.788222 -0.539264
vn 0.304163 -0.93374 -0.188719
vn 0.309087 -0.920963 0.237259
vn 0.263296 -0.494433 -0.828378
vn 0.309617 -0.460193 0.832082
vn 0.624012 -0.748636 -0.223947
vn 0.725043 -0.670733 0.156302
vn 0.53903 -0.538932 0.647301
vn 0.635054 -0.430728 -0.641233
vn 0.924498 -0.319214 -0.208342
vn 0.882797 -0.271594 0.383282
vn 0.795136 -0.0331846 -0.605523
vn 0.619804 0.0355111 0.783952
vn 0.204288 0.327224 -0.9226
vn 0.914445 0.189603 -0.357549
vn 0.995355 -0.0682743 -0.0678768
vn -0.0276163 0.713407 -0.700206
vn 0.269703 0.677633 -0.684159
vn 0.313809 0.913447 -0.259109
vn 0.631209 0.669339 0.391869
vn 0.655161 0.725014 -0.21241
vn -0.796415 -0.456789 -0.396316
vn -0.806222 -0.591553 0.00839478
vn -0.265046 -0.432059 0.862018
vn 0.843508 0.53704 0.00909113
vn 0.825062 0.409134 0.389721
vn -0.674408 -0.626365 -0.390947
vn -0.616057 -0.285056 -0.734313
vn -0.319105 -0.877695 -0.357523
vn -0.367734 -0.562309 -0.740662
vn -0.224767 -0.064504 -0.972275
vn 0.0687682 -0.963165 -0.259971
vn 0.0427332 -0.803476 -0.593801
vn 0.0378683 -0.459726 -0.887253
vn 0.279798 0.383198 -0.880269
vn 0.439976 -0.607271 -0.661546
vn 0.456596 -0.826749 -0.328642
vn 0.429959 -0.0583038 -0.900964
vn 0.853575 -0.339417 -0.395228
vn 0.490573 0.459318 -0.740517
vn -0.605623 -0.794282 0.048344
vn -0.632197 -0.655023 0.41385
vn -0.236668 -0.970684 0.0419682
vn -0.34885 -0.813585 0.46517
vn -0.349762 -0.552899 0.756286
vn 0.0786621 -0.996174 0.0380812
vn 0.0703654 -0.933461 0.351708
vn 0.0163633 -0.656805 0.753883
vn 0.0647202 -0.300469 0.951593
vn 0.388831 -0.920415 0.0405866
vn 0.448953 -0.787648 0.421962
vn 0.374467 -0.47686 0.795222
vn 0.396953 -0.112758 0.910886
vn 0.647014 -0.761839 0.0312168
vn 0.776765 -0.492012 0.393141
vn 0.712804 -0.15237 0.684612
vn 0.984357 0.0119956 0.175778
vn 0.724379 0.212377 0.655874
vn 0.873057 0.449445 0.189131
vn 0.884438 -0.312191 0.346851
vn 0.644497 -0.341338 0.684187
vn -0.0919623 -0.227413 0.969446
vn 0.738936 -0.196084 0.644611
vn -0.751142 -0.636696 -0.174367
vn -0.259616 -0.925481 -0.275835
vn -0.749753 -0.635976 -0.182773
vn -0.259616 -0.925481 -0.275835
vn -0.474193 -0.189187 -0.859854
vn -0.259616 -0.925481 -0.275835
vn -0.701739 -0.544622 -0.459293
vn -0.701739 -0.544622 -0.459293
vn 0.393467 -0.45801 -0.797126
vn 0.415973 -0.908798 -0.0324412
vn -0.701739 -0.544622 -0.459293
vn 0.393467 -0.45801 -0.797126
vn 0.415973 -0.908798 -0.0324412
vn 0.58278 -0.440653 -0.682783
vn 0.58278 -0.440653 -0.682783
vn 0.878625 0.207665 -0.429992
vn 0.989701 -0.0619881 -0.129036
vn 0.393467 -0.45801 -0.797126
vn 0.415973 -0.908798 -0.0324412
vn 0.58278 -0.440653 -0.682783
vn 0.989701 -0.0619881 -0.129036
vn 0.959602 -0.0618036 0.274488
vn 0.962714 0.0224903 0.269586
vn 0.647205 0.365722 -0.66886
vn 0.989701 -0.0619881 -0.129036
vn 0.458147 0.615372 -0.64142
vn 0.819547 0.570361 0.0550538
vn 0.859081 0.373176 0.350314
vn 0.803704 0.404291 0.436588
vn 0.225595 0.821167 -0.524206
vn 0.534097 0.783022 0.318774
vn -0.568825 -0.538954 -0.621263
vn 0.580037 0.192741 0.79146
vn -0.710665 -0.213489 -0.670356
vn -0.492007 -0.588172 -0.641858
vn -0.00441903 0.144308 -0.989523
vn 0.866772 0.340009 0.36483
vn -0.463641 -0.813443 -0.351208
vn 0.720297 0.400562 -0.566324
vn -0.477266 -0.193542 -0.85718
vn 0.146545 -0.258737 -0.954767
vn 0.181895 0.366723 -0.912375
vn 0.710419 0.34717 -0.612191
vn 0.7676 0.54365 0.339463
vn 0.777288 0.309239 0.547901
vn 0.593168 0.54599 -0.591647
vn 0.927656 0.262455 -0.265653
vn 0.9628 -0.269066 0.024896
g grp1
usemtl mtl1
f 28//28 3//3 1//1 
f 2//2 34//34 31//31 
f 31//31 1//1 2//2 
f 1//1 4//4 2//2 
f 5//5 2//2 4//4 
f 2//2 5//5 44//44 
f 51//51 44//44 5//5 
f 1//1 6//6 4//4 
f 9//9 5//5 4//4 
f 3//3 43//43 8//8 
f 3//3 8//8 1//1 
f 8//8 43//43 10//10 
f 7//7 5//5 9//9 
f 51//51 5//5 7//7 
f 4//4 6//6 9//9 
f 1//1 8//8 6//6 
f 58//58 7//7 12//12 
f 6//6 8//8 13//13 
f 13//13 9//9 6//6 
f 9//9 11//11 7//7 
f 9//9 13//13 11//11 
f 7//7 11//11 12//12 
f 12//12 11//11 14//14 
f 11//11 13//13 14//14 
f 13//13 17//17 14//14 
f 58//58 12//12 63//63 
f 55//55 15//15 10//10 
f 13//13 16//16 17//17 
f 13//13 15//15 16//16 
f 13//13 8//8 15//15 
f 10//10 15//15 8//8 
f 55//55 66//66 15//15 
f 63//63 14//14 68//68 
f 12//12 14//14 63//63 
f 15//15 18//18 16//16 
f 68//68 14//14 17//17 
f 15//15 66//66 18//18 
f 17//17 16//16 75//75 
f 93//93 19//19 92//92 
f 19//19 93//93 23//23 
f 92//92 19//19 96//96 
f 93//93 94//94 99//99 
f 20//20 96//96 19//19 
f 93//93 99//99 24//24 
f 99//99 21//21 24//24 
f 22//22 103//103 20//20 
f 106//106 103//103 25//25 
f 19//19 23//23 20//20 
f 93//93 24//24 23//23 
f 23//23 22//22 20//20 
f 25//25 103//103 22//22 
f 23//23 26//26 22//22 
f 23//23 28//28 1//1 
f 24//24 28//28 23//23 
f 28//28 24//24 29//29 
f 21//21 29//29 24//24 
f 116//116 29//29 21//21 
f 26//26 25//25 22//22 
f 32//32 25//25 26//26 
f 27//27 25//25 32//32 
f 25//25 27//27 106//106 
f 30//30 27//27 32//32 
f 31//31 26//26 23//23 
f 116//116 37//37 29//29 
f 30//30 32//32 33//33 
f 23//23 1//1 31//31 
f 26//26 31//31 34//34 
f 32//32 26//26 34//34 
f 28//28 29//29 3//3 
f 37//37 3//3 29//29 
f 38//38 37//37 116//116 
f 38//38 116//116 39//39 
f 36//36 30//30 33//33 
f 36//36 33//33 41//41 
f 36//36 119//119 30//30 
f 34//34 2//2 44//44 
f 35//35 34//34 44//44 
f 34//34 35//35 32//32 
f 32//32 35//35 33//33 
f 33//33 35//35 41//41 
f 3//3 37//37 43//43 
f 38//38 40//40 37//37 
f 39//39 40//40 38//38 
f 35//35 44//44 41//41 
f 41//41 44//44 45//45 
f 42//42 41//41 45//45 
f 36//36 41//41 42//42 
f 36//36 42//42 119//119 
f 42//42 122//122 119//119 
f 48//48 43//43 37//37 
f 40//40 48//48 37//37 
f 47//47 48//48 40//40 
f 124//124 40//40 39//39 
f 124//124 47//47 40//40 
f 45//45 44//44 51//51 
f 42//42 45//45 46//46 
f 122//122 42//42 46//46 
f 51//51 52//52 45//45 
f 46//46 45//45 52//52 
f 48//48 49//49 43//43 
f 50//50 48//48 47//47 
f 47//47 128//128 50//50 
f 125//125 128//128 47//47 
f 49//49 10//10 43//43 
f 52//52 51//51 57//57 
f 54//54 46//46 52//52 
f 51//51 7//7 57//57 
f 57//57 53//53 52//52 
f 46//46 54//54 126//126 
f 7//7 58//58 57//57 
f 52//52 53//53 54//54 
f 126//126 54//54 62//62 
f 49//49 55//55 10//10 
f 49//49 48//48 56//56 
f 50//50 130//130 48//48 
f 56//56 48//48 130//130 
f 49//49 60//60 55//55 
f 61//61 60//60 49//49 
f 61//61 49//49 56//56 
f 128//128 130//130 50//50 
f 56//56 130//130 61//61 
f 59//59 54//54 53//53 
f 62//62 54//54 59//59 
f 59//59 53//53 57//57 
f 57//57 58//58 64//64 
f 63//63 64//64 58//58 
f 70//70 55//55 60//60 
f 55//55 70//70 66//66 
f 61//61 130//130 132//132 
f 57//57 64//64 59//59 
f 65//65 62//62 59//59 
f 64//64 63//63 68//68 
f 67//67 59//59 64//64 
f 64//64 68//68 67//67 
f 140//140 62//62 65//65 
f 65//65 59//59 67//67 
f 61//61 134//134 60//60 
f 67//67 68//68 69//69 
f 65//65 67//67 73//73 
f 140//140 65//65 73//73 
f 68//68 17//17 74//74 
f 68//68 74//74 69//69 
f 67//67 69//69 73//73 
f 74//74 17//17 75//75 
f 18//18 72//72 76//76 
f 16//16 18//18 75//75 
f 66//66 72//72 18//18 
f 18//18 76//76 75//75 
f 76//76 78//78 75//75 
f 70//70 72//72 66//66 
f 71//71 70//70 60//60 
f 60//60 134//134 71//71 
f 70//70 79//79 72//72 
f 75//75 83//83 74//74 
f 81//81 69//69 74//74 
f 73//73 69//69 144//144 
f 75//75 78//78 83//83 
f 74//74 83//83 82//82 
f 82//82 81//81 74//74 
f 69//69 81//81 144//144 
f 72//72 77//77 76//76 
f 76//76 84//84 78//78 
f 76//76 77//77 84//84 
f 79//79 77//77 72//72 
f 77//77 79//79 80//80 
f 77//77 80//80 84//84 
f 142//142 70//70 71//71 
f 79//79 142//142 80//80 
f 144//144 81//81 149//149 
f 78//78 146//146 83//83 
f 83//83 146//146 150//150 
f 82//82 83//83 150//150 
f 84//84 146//146 78//78 
f 84//84 152//152 146//146 
f 84//84 80//80 152//152 
f 86//86 92//92 85//85 
f 155//155 85//85 158//158 
f 90//90 87//87 158//158 
f 90//90 158//158 85//85 
f 90//90 89//89 87//87 
f 163//163 159//159 87//87 
f 87//87 89//89 163//163 
f 85//85 92//92 90//90 
f 96//96 89//89 90//90 
f 97//97 89//89 96//96 
f 163//163 89//89 91//91 
f 166//166 163//163 91//91 
f 93//93 92//92 86//86 
f 94//94 86//86 88//88 
f 88//88 95//95 94//94 
f 88//88 171//171 95//95 
f 89//89 97//97 91//91 
f 167//167 166//166 91//91 
f 92//92 96//96 90//90 
f 97//97 100//100 91//91 
f 167//167 91//91 100//100 
f 95//95 99//99 94//94 
f 93//93 86//86 94//94 
f 95//95 102//102 99//99 
f 97//97 96//96 20//20 
f 97//97 20//20 103//103 
f 98//98 167//167 100//100 
f 171//171 175//175 95//95 
f 101//101 175//175 176//176 
f 100//100 97//97 103//103 
f 173//173 98//98 104//104 
f 173//173 104//104 178//178 
f 175//175 102//102 95//95 
f 102//102 175//175 101//101 
f 176//176 179//179 101//101 
f 99//99 102//102 21//21 
f 21//21 102//102 109//109 
f 102//102 101//101 109//109 
f 100//100 103//103 106//106 
f 101//101 179//179 114//114 
f 114//114 179//179 115//115 
f 101//101 113//113 109//109 
f 106//106 107//107 100//100 
f 98//98 100//100 107//107 
f 98//98 107//107 108//108 
f 104//104 98//98 108//108 
f 107//107 106//106 27//27 
f 111//111 107//107 27//27 
f 107//107 111//111 108//108 
f 108//108 110//110 104//104 
f 114//114 980//980 101//101 
f 111//111 27//27 30//30 
f 108//108 111//111 110//110 
f 110//110 112//112 104//104 
f 105//105 104//104 112//112 
f 105//105 112//112 115//115 
f 118//118 109//109 113//113 
f 118//118 980//980 114//114 
f 116//116 21//21 109//109 
f 111//111 117//117 110//110 
f 111//111 30//30 119//119 
f 117//117 111//111 119//119 
f 112//112 110//110 117//117 
f 115//115 112//112 123//123 
f 112//112 117//117 123//123 
f 118//118 121//121 116//116 
f 109//109 118//118 116//116 
f 121//121 39//39 116//116 
f 121//121 118//118 114//114 
f 117//117 119//119 122//122 
f 117//117 122//122 123//123 
f 114//114 115//115 120//120 
f 120//120 121//121 114//114 
f 122//122 126//126 123//123 
f 124//124 39//39 121//121 
f 115//115 123//123 120//120 
f 124//124 121//121 125//125 
f 125//125 121//121 120//120 
f 122//122 46//46 126//126 
f 126//126 127//127 123//123 
f 125//125 47//47 124//124 
f 120//120 123//123 127//127 
f 120//120 127//127 125//125 
f 125//125 127//127 129//129 
f 129//129 128//128 125//125 
f 126//126 62//62 127//127 
f 129//129 127//127 131//131 
f 127//127 62//62 131//131 
f 128//128 133//133 130//130 
f 128//128 129//129 133//133 
f 132//132 130//130 133//133 
f 62//62 136//136 131//131 
f 131//131 136//136 135//135 
f 129//129 131//131 135//135 
f 129//129 135//135 133//133 
f 133//133 135//135 138//138 
f 61//61 132//132 137//137 
f 137//137 132//132 133//133 
f 133//133 138//138 137//137 
f 140//140 136//136 62//62 
f 136//136 140//140 141//141 
f 135//135 136//136 141//141 
f 138//138 135//135 141//141 
f 137//137 134//134 61//61 
f 137//137 139//139 134//134 
f 139//139 143//143 134//134 
f 137//137 180//180 139//139 
f 134//134 143//143 71//71 
f 140//140 73//73 145//145 
f 144//144 145//145 73//73 
f 182//182 140//140 145//145 
f 140//140 182//182 141//141 
f 141//141 181//181 138//138 
f 141//141 183//183 181//181 
f 142//142 79//79 70//70 
f 142//142 147//147 80//80 
f 143//143 142//142 71//71 
f 143//143 147//147 142//142 
f 145//145 144//144 149//149 
f 82//82 149//149 81//81 
f 190//190 182//182 145//145 
f 148//148 152//152 80//80 
f 147//147 148//148 80//80 
f 82//82 150//150 151//151 
f 151//151 149//149 82//82 
f 145//145 149//149 191//191 
f 201//201 150//150 146//146 
f 199//199 201//201 146//146 
f 152//152 199//199 146//146 
f 152//152 148//148 194//194 
f 147//147 195//195 148//148 
f 195//195 194//194 148//148 
f 151//151 150//150 201//201 
f 213//213 156//156 223//223 
f 157//157 223//223 156//156 
f 86//86 153//153 215//215 
f 154//154 86//86 215//215 
f 158//158 213//213 155//155 
f 213//213 158//158 156//156 
f 154//154 88//88 86//86 
f 159//159 157//157 156//156 
f 160//160 157//157 159//159 
f 229//229 157//157 160//160 
f 153//153 85//85 155//155 
f 85//85 153//153 86//86 
f 154//154 218//218 228//228 
f 228//228 164//164 161//161 
f 156//156 158//158 87//87 
f 159//159 156//156 87//87 
f 160//160 159//159 166//166 
f 162//162 160//160 166//166 
f 229//229 160//160 162//162 
f 230//230 229//229 162//162 
f 168//168 230//230 162//162 
f 228//228 88//88 154//154 
f 88//88 228//228 161//161 
f 166//166 159//159 163//163 
f 161//161 171//171 88//88 
f 170//170 164//164 231//231 
f 234//234 165//165 233//233 
f 231//231 233//233 170//170 
f 233//233 165//165 170//170 
f 170//170 165//165 169//169 
f 165//165 232//232 174//174 
f 165//165 174//174 169//169 
f 232//232 173//173 174//174 
f 171//171 161//161 164//164 
f 167//167 162//162 166//166 
f 162//162 167//167 168//168 
f 170//170 172//172 164//164 
f 172//172 170//170 169//169 
f 172//172 171//171 164//164 
f 173//173 178//178 174//174 
f 169//169 174//174 177//177 
f 174//174 178//178 177//177 
f 172//172 175//175 171//171 
f 169//169 177//177 176//176 
f 169//169 176//176 172//172 
f 172//172 176//176 175//175 
f 98//98 168//168 167//167 
f 168//168 98//98 173//173 
f 177//177 178//178 105//105 
f 178//178 104//104 105//105 
f 177//177 105//105 179//179 
f 176//176 177//177 179//179 
f 179//179 105//105 115//115 
f 137//137 138//138 180//180 
f 138//138 181//181 180//180 
f 181//181 183//183 184//184 
f 184//184 183//183 185//185 
f 186//186 180//180 181//181 
f 181//181 184//184 186//186 
f 139//139 187//187 143//143 
f 187//187 139//139 180//180 
f 187//187 180//180 186//186 
f 141//141 182//182 183//183 
f 183//183 182//182 192//192 
f 183//183 192//192 185//185 
f 236//236 186//186 184//184 
f 184//184 185//185 237//237 
f 184//184 237//237 236//236 
f 192//192 237//237 185//185 
f 235//235 187//187 186//186 
f 195//195 147//147 143//143 
f 189//189 195//195 143//143 
f 188//188 189//189 143//143 
f 143//143 187//187 188//188 
f 188//188 278//278 240//240 
f 190//190 145//145 191//191 
f 192//192 182//182 190//190 
f 191//191 198//198 190//190 
f 193//193 192//192 190//190 
f 190//190 198//198 193//193 
f 237//237 192//192 193//193 
f 194//194 200//200 152//152 
f 152//152 200//200 199//199 
f 195//195 196//196 194//194 
f 240//240 189//189 188//188 
f 239//239 196//196 195//195 
f 189//189 239//239 195//195 
f 196//196 239//239 242//242 
f 198//198 191//191 197//197 
f 149//149 151//151 197//197 
f 191//191 149//149 197//197 
f 244//244 151//151 201//201 
f 194//194 203//203 200//200 
f 200//200 202//202 199//199 
f 200//200 203//203 202//202 
f 199//199 202//202 201//201 
f 201//201 202//202 245//245 
f 244//244 201//201 245//245 
f 248//248 245//245 202//202 
f 196//196 203//203 194//194 
f 202//202 203//203 248//248 
f 196//196 242//242 203//203 
f 251//251 210//210 208//208 
f 251//251 293//293 210//210 
f 204//204 205//205 255//255 
f 253//253 209//209 303//303 
f 210//210 293//293 258//258 
f 211//211 259//259 303//303 
f 209//209 211//211 303//303 
f 986//986 211//211 210//210 
f 986//986 210//210 984//984 
f 254//254 153//153 253//253 
f 214//214 205//205 204//204 
f 206//206 205//205 213//213 
f 205//205 214//214 213//213 
f 208//208 153//153 204//204 
f 214//214 204//204 153//153 
f 153//153 208//208 209//209 
f 253//253 153//153 209//209 
f 210//210 209//209 208//208 
f 211//211 209//209 210//210 
f 215//215 153//153 254//254 
f 213//213 223//223 206//206 
f 213//213 214//214 155//155 
f 155//155 214//214 153//153 
f 206//206 223//223 207//207 
f 224//224 207//207 223//223 
f 212//212 207//207 224//224 
f 225//225 212//212 224//224 
f 215//215 217//217 216//216 
f 216//216 217//217 218//218 
f 217//217 215//215 254//254 
f 254//254 218//218 217//217 
f 981//981 219//219 228//228 
f 220//220 219//219 982//982 
f 222//222 219//219 220//220 
f 228//228 219//219 222//222 
f 221//221 222//222 220//220 
f 221//221 274//274 983//983 
f 229//229 225//225 224//224 
f 157//157 224//224 223//223 
f 157//157 229//229 224//224 
f 216//216 154//154 215//215 
f 218//218 154//154 216//216 
f 274//274 227//227 226//226 
f 274//274 226//226 983//983 
f 274//274 276//276 227//227 
f 275//275 225//225 230//230 
f 275//275 232//232 277//277 
f 228//228 222//222 231//231 
f 233//233 983//983 226//226 
f 229//229 230//230 225//225 
f 228//228 231//231 164//164 
f 233//233 231//231 983//983 
f 233//233 226//226 227//227 
f 277//277 234//234 227//227 
f 227//227 234//234 233//233 
f 277//277 232//232 234//234 
f 168//168 173//173 232//232 
f 168//168 275//275 230//230 
f 275//275 168//168 232//232 
f 232//232 165//165 234//234 
f 186//186 236//236 235//235 
f 238//238 235//235 236//236 
f 187//187 278//278 188//188 
f 278//278 187//187 235//235 
f 279//279 236//236 237//237 
f 278//278 235//235 238//238 
f 236//236 279//279 238//238 
f 240//240 239//239 189//189 
f 241//241 193//193 198//198 
f 237//237 280//280 279//279 
f 237//237 193//193 280//280 
f 193//193 241//241 280//280 
f 243//243 241//241 198//198 
f 240//240 281//281 239//239 
f 281//281 242//242 239//239 
f 281//281 246//246 242//242 
f 246//246 203//203 242//242 
f 283//283 281//281 240//240 
f 283//283 240//240 282//282 
f 243//243 198//198 197//197 
f 197//197 151//151 287//287 
f 244//244 245//245 289//289 
f 203//203 247//247 248//248 
f 203//203 246//246 247//247 
f 151//151 244//244 287//287 
f 255//255 249//249 294//294 
f 294//294 250//250 204//204 
f 251//251 208//208 250//250 
f 250//250 208//208 204//204 
f 253//253 296//296 254//254 
f 300//300 256//256 257//257 
f 300//300 257//257 301//301 
f 294//294 204//204 255//255 
f 300//300 249//249 256//256 
f 249//249 255//255 256//256 
f 261//261 260//260 252//252 
f 303//303 295//295 253//253 
f 298//298 303//303 988//988 
f 298//298 988//988 262//262 
f 330//330 298//298 262//262 
f 330//330 262//262 265//265 
f 304//304 220//220 299//299 
f 255//255 205//205 256//256 
f 205//205 206//206 256//256 
f 256//256 207//207 257//257 
f 257//257 207//207 212//212 
f 305//305 257//257 212//212 
f 261//261 252//252 263//263 
f 252//252 264//264 263//263 
f 293//293 260//260 258//258 
f 987//987 985//985 989//989 
f 988//988 303//303 259//259 
f 991//991 994//994 990//990 
f 1001//1001 995//995 992//992 
f 1002//1002 993//993 996//996 
f 998//998 1003//1003 997//997 
f 220//220 982//982 299//299 
f 304//304 221//221 220//220 
f 308//308 221//221 304//304 
f 274//274 221//221 308//308 
f 206//206 207//207 256//256 
f 277//277 307//307 306//306 
f 999//999 267//267 271//271 
f 271//271 267//267 268//268 
f 1005//1005 273//273 1006//1006 
f 1006//1006 273//273 270//270 
f 268//268 270//270 269//269 
f 269//269 270//270 276//276 
f 273//273 277//277 276//276 
f 273//273 276//276 270//270 
f 271//271 272//272 999//999 
f 268//268 272//272 271//271 
f 307//307 277//277 273//273 
f 272//272 268//268 269//269 
f 269//269 276//276 272//272 
f 264//264 273//273 1005//1005 
f 299//299 218//218 254//254 
f 305//305 212//212 225//225 
f 266//266 276//276 274//274 
f 305//305 275//275 306//306 
f 275//275 305//305 225//225 
f 277//277 306//306 275//275 
f 277//277 227//227 276//276 
f 238//238 279//279 309//309 
f 310//310 309//309 279//279 
f 278//278 238//238 309//309 
f 279//279 280//280 310//310 
f 278//278 282//282 240//240 
f 278//278 311//311 282//282 
f 243//243 197//197 288//288 
f 243//243 288//288 284//284 
f 243//243 284//284 241//241 
f 280//280 241//241 284//284 
f 284//284 288//288 313//313 
f 287//287 288//288 197//197 
f 247//247 290//290 248//248 
f 286//286 246//246 281//281 
f 247//247 246//246 286//286 
f 281//281 283//283 285//285 
f 285//285 286//286 281//281 
f 290//290 247//247 286//286 
f 316//316 286//286 285//285 
f 316//316 315//315 286//286 
f 287//287 244//244 350//350 
f 288//288 287//287 350//350 
f 248//248 289//289 245//245 
f 244//244 289//289 350//350 
f 286//286 315//315 290//290 
f 290//290 315//315 319//319 
f 290//290 318//318 248//248 
f 248//248 318//318 289//289 
f 292//292 323//323 250//250 
f 323//323 324//324 250//250 
f 324//324 251//251 250//250 
f 292//292 294//294 291//291 
f 294//294 292//292 250//250 
f 324//324 293//293 251//251 
f 332//332 331//331 295//295 
f 331//331 297//297 296//296 
f 295//295 331//331 296//296 
f 291//291 294//294 249//249 
f 291//291 249//249 300//300 
f 322//322 300//300 301//301 
f 291//291 300//300 322//322 
f 260//260 293//293 252//252 
f 293//293 329//329 252//252 
f 296//296 253//253 295//295 
f 303//303 332//332 295//295 
f 332//332 303//303 298//298 
f 297//297 364//364 299//299 
f 398//398 304//304 299//299 
f 337//337 304//304 398//398 
f 334//334 302//302 329//329 
f 333//333 307//307 302//302 
f 252//252 329//329 302//302 
f 296//296 297//297 254//254 
f 265//265 1007//1007 335//335 
f 1007//1007 338//338 335//335 
f 266//266 336//336 339//339 
f 254//254 297//297 299//299 
f 337//337 308//308 304//304 
f 305//305 301//301 257//257 
f 302//302 264//264 252//252 
f 264//264 302//302 273//273 
f 276//276 266//266 272//272 
f 338//338 272//272 266//266 
f 307//307 273//273 302//302 
f 1000//1000 1008//1008 1004//1004 
f 266//266 274//274 308//308 
f 336//336 266//266 308//308 
f 311//311 278//278 309//309 
f 312//312 311//311 309//309 
f 312//312 309//309 310//310 
f 284//284 313//313 314//314 
f 284//284 310//310 280//280 
f 284//284 314//314 310//310 
f 312//312 310//310 314//314 
f 311//311 372//372 282//282 
f 340//340 283//283 282//282 
f 341//341 311//311 312//312 
f 283//283 317//317 285//285 
f 283//283 340//340 317//317 
f 317//317 316//316 285//285 
f 340//340 342//342 317//317 
f 344//344 288//288 350//350 
f 1009//1009 313//313 288//288 
f 315//315 345//345 319//319 
f 315//315 316//316 346//346 
f 346//346 345//345 315//315 
f 346//346 377//377 345//345 
f 316//316 317//317 346//346 
f 343//343 313//313 1009//1009 
f 344//344 350//350 381//381 
f 348//348 290//290 319//319 
f 319//319 345//345 348//348 
f 290//290 348//348 318//318 
f 348//348 349//349 318//318 
f 348//348 345//345 351//351 
f 289//289 318//318 349//349 
f 355//355 354//354 323//323 
f 321//321 356//356 320//320 
f 355//355 320//320 356//356 
f 321//321 320//320 292//292 
f 323//323 292//292 320//320 
f 355//355 323//323 320//320 
f 359//359 322//322 301//301 
f 359//359 353//353 322//322 
f 321//321 292//292 291//291 
f 291//291 322//322 321//321 
f 327//327 359//359 301//301 
f 357//357 293//293 324//324 
f 293//293 357//357 389//389 
f 293//293 389//389 325//325 
f 329//329 325//325 366//366 
f 334//334 329//329 366//366 
f 360//360 326//326 332//332 
f 360//360 332//332 361//361 
f 363//363 326//326 360//360 
f 297//297 331//331 362//362 
f 362//362 331//331 363//363 
f 331//331 326//326 363//363 
f 364//364 297//297 362//362 
f 327//327 301//301 305//305 
f 327//327 367//367 393//393 
f 293//293 325//325 329//329 
f 298//298 361//361 332//332 
f 330//330 361//361 298//298 
f 332//332 326//326 331//331 
f 364//364 398//398 299//299 
f 369//369 336//336 337//337 
f 327//327 305//305 367//367 
f 367//367 306//306 328//328 
f 367//367 305//305 306//306 
f 328//328 306//306 307//307 
f 333//333 328//328 307//307 
f 334//334 333//333 302//302 
f 330//330 335//335 368//368 
f 265//265 335//335 330//330 
f 339//339 369//369 370//370 
f 339//339 370//370 338//338 
f 371//371 335//335 338//338 
f 266//266 339//339 338//338 
f 339//339 336//336 369//369 
f 336//336 308//308 337//337 
f 372//372 311//311 341//341 
f 282//282 372//372 340//340 
f 314//314 313//313 374//374 
f 313//313 343//343 374//374 
f 374//374 312//312 314//314 
f 372//372 341//341 404//404 
f 346//346 317//317 342//342 
f 340//340 373//373 342//342 
f 372//372 373//373 340//340 
f 346//346 342//342 347//347 
f 343//343 1009//1009 376//376 
f 381//381 376//376 1009//1009 
f 343//343 376//376 374//374 
f 377//377 379//379 345//345 
f 351//351 345//345 379//379 
f 348//348 351//351 382//382 
f 346//346 347//347 378//378 
f 377//377 346//346 378//378 
f 381//381 350//350 380//380 
f 350//350 289//289 349//349 
f 348//348 382//382 349//349 
f 351//351 383//383 382//382 
f 356//356 388//388 355//355 
f 386//386 357//357 354//354 
f 352//352 353//353 385//385 
f 359//359 419//419 353//353 
f 386//386 389//389 357//357 
f 354//354 324//324 323//323 
f 357//357 324//324 354//354 
f 391//391 392//392 362//362 
f 363//363 391//391 362//362 
f 356//356 321//321 352//352 
f 322//322 352//352 321//321 
f 352//352 322//322 353//353 
f 393//393 359//359 327//327 
f 325//325 395//395 366//366 
f 389//389 395//395 325//325 
f 396//396 366//366 395//395 
f 366//366 396//396 365//365 
f 425//425 361//361 330//330 
f 358//358 363//363 360//360 
f 365//365 333//333 366//366 
f 333//333 365//365 328//328 
f 366//366 333//333 334//334 
f 400//400 369//369 337//337 
f 368//368 425//425 330//330 
f 335//335 402//402 368//368 
f 371//371 402//402 335//335 
f 338//338 370//370 371//371 
f 1010//1010 371//371 370//370 
f 410//410 374//374 376//376 
f 341//341 312//312 374//374 
f 378//378 347//347 375//375 
f 375//375 347//347 342//342 
f 375//375 342//342 403//403 
f 403//403 342//342 373//373 
f 372//372 404//404 373//373 
f 404//404 403//403 373//373 
f 375//375 403//403 408//408 
f 375//375 408//408 407//407 
f 378//378 375//375 407//407 
f 383//383 351//351 379//379 
f 377//377 378//378 406//406 
f 406//406 379//379 377//377 
f 378//378 407//407 406//406 
f 380//380 350//350 349//349 
f 349//349 382//382 443//443 
f 443//443 380//380 349//349 
f 383//383 537//537 382//382 
f 383//383 471//471 537//537 
f 388//388 384//384 355//355 
f 355//355 384//384 386//386 
f 385//385 353//353 419//419 
f 387//387 388//388 356//356 
f 354//354 355//355 386//386 
f 352//352 385//385 387//387 
f 387//387 356//356 352//352 
f 386//386 414//414 389//389 
f 389//389 432//432 395//395 
f 395//395 432//432 396//396 
f 390//390 422//422 358//358 
f 422//422 418//418 391//391 
f 358//358 422//422 391//391 
f 418//418 392//392 391//391 
f 360//360 390//390 358//358 
f 390//390 360//360 361//361 
f 358//358 391//391 363//363 
f 436//436 390//390 361//361 
f 361//361 425//425 436//436 
f 392//392 364//364 362//362 
f 392//392 434//434 364//364 
f 364//364 434//434 398//398 
f 434//434 462//462 398//398 
f 394//394 393//393 367//367 
f 328//328 394//394 367//367 
f 328//328 365//365 397//397 
f 397//397 365//365 396//396 
f 328//328 397//397 394//394 
f 398//398 399//399 337//337 
f 400//400 337//337 399//399 
f 401//401 370//370 369//369 
f 401//401 369//369 400//400 
f 1010//1010 370//370 401//401 
f 374//374 410//410 405//405 
f 406//406 407//407 441//441 
f 376//376 381//381 409//409 
f 376//376 409//409 410//410 
f 471//471 383//383 440//440 
f 406//406 440//440 379//379 
f 406//406 441//441 440//440 
f 379//379 440//440 383//383 
f 407//407 408//408 467//467 
f 441//441 407//407 467//467 
f 382//382 537//537 514//514 
f 514//514 443//443 382//382 
f 412//412 411//411 444//444 
f 387//387 411//411 412//412 
f 385//385 431//431 411//411 
f 431//431 428//428 411//411 
f 385//385 419//419 431//431 
f 412//412 444//444 415//415 
f 412//412 384//384 388//388 
f 387//387 412//412 388//388 
f 415//415 413//413 384//384 
f 384//384 413//413 386//386 
f 384//384 412//412 415//415 
f 414//414 386//386 413//413 
f 416//416 451//451 419//419 
f 411//411 387//387 385//385 
f 422//422 435//435 418//418 
f 433//433 435//435 422//422 
f 416//416 419//419 359//359 
f 393//393 416//416 359//359 
f 393//393 420//420 416//416 
f 394//394 420//420 393//393 
f 394//394 417//417 420//420 
f 396//396 1011//1011 397//397 
f 421//421 1011//1011 396//396 
f 432//432 421//421 396//396 
f 397//397 417//417 394//394 
f 452//452 421//421 432//432 
f 459//459 436//436 425//425 
f 433//433 390//390 436//436 
f 422//422 390//390 433//433 
f 418//418 434//434 392//392 
f 424//424 399//399 423//423 
f 423//423 399//399 398//398 
f 463//463 398//398 462//462 
f 424//424 438//438 400//400 
f 426//426 425//425 368//368 
f 426//426 368//368 402//402 
f 437//437 426//426 402//402 
f 399//399 424//424 400//400 
f 437//437 401//401 438//438 
f 401//401 400//400 438//438 
f 401//401 437//437 1010//1010 
f 374//374 405//405 427//427 
f 403//403 468//468 408//408 
f 403//403 404//404 468//468 
f 341//341 374//374 427//427 
f 404//404 341//341 427//427 
f 405//405 465//465 427//427 
f 467//467 408//408 468//468 
f 405//405 410//410 439//439 
f 409//409 439//439 410//410 
f 470//470 381//381 442//442 
f 470//470 409//409 381//381 
f 442//442 381//381 380//380 
f 513//513 442//442 380//380 
f 513//513 380//380 443//443 
f 445//445 444//444 428//428 
f 428//428 446//446 445//445 
f 428//428 450//450 446//446 
f 431//431 450//450 428//428 
f 428//428 444//444 411//411 
f 415//415 444//444 447//447 
f 415//415 447//447 429//429 
f 415//415 429//429 413//413 
f 429//429 414//414 413//413 
f 430//430 414//414 429//429 
f 389//389 430//430 449//449 
f 458//458 420//420 417//417 
f 389//389 414//414 430//430 
f 389//389 449//449 432//432 
f 452//452 432//432 449//449 
f 436//436 454//454 433//433 
f 416//416 457//457 451//451 
f 457//457 416//416 420//420 
f 421//421 1012//1012 1011//1011 
f 1012//1012 421//421 452//452 
f 463//463 423//423 398//398 
f 461//461 437//437 438//438 
f 531//531 427//427 465//465 
f 469//469 404//404 427//427 
f 470//470 439//439 409//409 
f 512//512 470//470 442//442 
f 429//429 447//447 448//448 
f 429//429 448//448 430//430 
f 430//430 448//448 484//484 
f 484//484 449//449 430//430 
f 450//450 431//431 419//419 
f 419//419 451//451 450//450 
f 450//450 482//482 446//446 
f 483//483 451//451 457//457 
f 491//491 482//482 450//450 
f 491//491 450//450 451//451 
f 1012//1012 452//452 488//488 
f 453//453 455//455 435//435 
f 453//453 435//435 433//433 
f 418//418 435//435 455//455 
f 453//453 477//477 455//455 
f 455//455 434//434 418//418 
f 478//478 453//453 454//454 
f 478//478 477//477 453//453 
f 434//434 455//455 456//456 
f 434//434 456//456 462//462 
f 458//458 457//457 420//420 
f 457//457 476//476 483//483 
f 458//458 476//476 457//457 
f 453//453 433//433 454//454 
f 436//436 459//459 454//454 
f 425//425 460//460 459//459 
f 438//438 424//424 464//464 
f 464//464 424//424 423//423 
f 464//464 423//423 463//463 
f 461//461 438//438 464//464 
f 425//425 426//426 460//460 
f 461//461 426//426 437//437 
f 405//405 466//466 465//465 
f 466//466 532//532 465//465 
f 467//467 468//468 508//508 
f 469//469 468//468 404//404 
f 439//439 466//466 405//405 
f 470//470 527//527 439//439 
f 512//512 527//527 470//470 
f 512//512 442//442 513//513 
f 445//445 473//473 444//444 
f 472//472 473//473 445//445 
f 472//472 445//445 446//446 
f 479//479 474//474 473//473 
f 482//482 472//472 446//446 
f 480//480 473//473 472//472 
f 479//479 473//473 480//480 
f 473//473 474//474 447//447 
f 444//444 473//473 447//447 
f 474//474 448//448 447//447 
f 474//474 484//484 448//448 
f 476//476 488//488 497//497 
f 484//484 481//481 449//449 
f 481//481 475//475 452//452 
f 481//481 452//452 449//449 
f 489//489 454//454 459//459 
f 489//489 478//478 454//454 
f 459//459 505//505 489//489 
f 455//455 486//486 456//456 
f 486//486 487//487 456//456 
f 477//477 486//486 455//455 
f 485//485 486//486 477//477 
f 478//478 485//485 477//477 
f 458//458 488//488 476//476 
f 506//506 459//459 460//460 
f 462//462 456//456 487//487 
f 462//462 487//487 463//463 
f 525//525 464//464 463//463 
f 507//507 461//461 464//464 
f 460//460 426//426 461//461 
f 469//469 427//427 526//526 
f 509//509 469//469 526//526 
f 439//439 528//528 466//466 
f 466//466 528//528 532//532 
f 472//472 482//482 490//490 
f 490//490 480//480 472//472 
f 474//474 495//495 484//484 
f 493//493 474//474 479//479 
f 493//493 495//495 474//474 
f 484//484 495//495 481//481 
f 492//492 491//491 483//483 
f 491//491 451//451 483//483 
f 476//476 497//497 492//492 
f 496//496 488//488 475//475 
f 494//494 475//475 481//481 
f 496//496 475//475 494//494 
f 485//485 478//478 489//489 
f 504//504 485//485 489//489 
f 505//505 504//504 489//489 
f 476//476 492//492 483//483 
f 475//475 488//488 452//452 
f 496//496 497//497 488//488 
f 506//506 505//505 459//459 
f 498//498 506//506 460//460 
f 460//460 461//461 498//498 
f 507//507 464//464 525//525 
f 443//443 514//514 513//513 
f 502//502 501//501 480//480 
f 480//480 501//501 479//479 
f 501//501 493//493 479//479 
f 480//480 490//490 502//502 
f 500//500 490//490 482//482 
f 482//482 491//491 500//500 
f 522//522 481//481 495//495 
f 522//522 494//494 481//481 
f 530//530 485//485 504//504 
f 517//517 486//486 485//485 
f 525//525 463//463 487//487 
f 486//486 517//517 503//503 
f 532//532 531//531 465//465 
f 526//526 427//427 531//531 
f 440//440 499//499 471//471 
f 511//511 499//499 440//440 
f 559//559 514//514 537//537 
f 500//500 518//518 490//490 
f 519//519 518//518 500//500 
f 501//501 516//516 493//493 
f 493//493 516//516 495//495 
f 529//529 522//522 495//495 
f 495//495 516//516 529//529 
f 485//485 530//530 517//517 
f 571//571 530//530 504//504 
f 487//487 543//543 525//525 
f 487//487 503//503 543//543 
f 519//519 500//500 491//491 
f 496//496 524//524 497//497 
f 506//506 574//574 505//505 
f 487//487 486//486 503//503 
f 498//498 461//461 507//507 
f 509//509 468//468 469//469 
f 468//468 509//509 508//508 
f 441//441 467//467 510//510 
f 510//510 467//467 508//508 
f 440//440 441//441 511//511 
f 527//527 512//512 534//534 
f 471//471 499//499 537//537 
f 499//499 511//511 535//535 
f 537//537 499//499 535//535 
f 501//501 502//502 515//515 
f 501//501 515//515 516//516 
f 518//518 515//515 502//502 
f 530//530 570//570 517//517 
f 570//570 587//587 517//517 
f 587//587 503//503 517//517 
f 502//502 490//490 518//518 
f 541//541 518//518 519//519 
f 492//492 520//520 491//491 
f 521//521 520//520 492//492 
f 524//524 550//550 521//521 
f 523//523 524//524 496//496 
f 523//523 496//496 494//494 
f 523//523 494//494 522//522 
f 568//568 504//504 505//505 
f 574//574 568//568 505//505 
f 521//521 492//492 497//497 
f 524//524 521//521 497//497 
f 508//508 546//546 510//510 
f 526//526 547//547 509//509 
f 509//509 547//547 508//508 
f 511//511 441//441 510//510 
f 528//528 439//439 527//527 
f 527//527 555//555 528//528 
f 513//513 514//514 538//538 
f 513//513 538//538 536//536 
f 536//536 512//512 513//513 
f 515//515 539//539 540//540 
f 540//540 516//516 515//515 
f 540//540 542//542 516//516 
f 518//518 539//539 515//515 
f 519//519 549//549 541//541 
f 519//519 491//491 549//549 
f 539//539 518//518 541//541 
f 545//545 524//524 523//523 
f 571//571 504//504 568//568 
f 506//506 588//588 574//574 
f 587//587 543//543 503//503 
f 507//507 525//525 575//575 
f 520//520 521//521 1013//1013 
f 545//545 550//550 524//524 
f 588//588 506//506 498//498 
f 547//547 546//546 508//508 
f 551//551 526//526 531//531 
f 528//528 555//555 532//532 
f 510//510 533//533 511//511 
f 510//510 546//546 533//533 
f 511//511 533//533 556//556 
f 533//533 546//546 553//553 
f 553//553 556//556 533//533 
f 534//534 512//512 536//536 
f 514//514 559//559 538//538 
f 542//542 529//529 516//516 
f 540//540 539//539 548//548 
f 560//560 539//539 541//541 
f 539//539 560//560 548//548 
f 540//540 548//548 542//542 
f 529//529 579//579 522//522 
f 587//587 569//569 543//543 
f 525//525 543//543 603//603 
f 569//569 603//603 543//543 
f 544//544 491//491 520//520 
f 544//544 549//549 491//491 
f 1013//1013 544//544 520//520 
f 526//526 551//551 552//552 
f 547//547 526//526 552//552 
f 546//546 547//547 554//554 
f 553//553 546//546 554//554 
f 534//534 555//555 527//527 
f 537//537 535//535 557//557 
f 511//511 556//556 535//535 
f 536//536 567//567 534//534 
f 529//529 578//578 579//579 
f 573//573 578//578 542//542 
f 576//576 549//549 544//544 
f 579//579 523//523 522//522 
f 529//529 542//542 578//578 
f 552//552 561//561 547//547 
f 561//561 554//554 547//547 
f 564//564 553//553 554//554 
f 556//556 553//553 566//566 
f 566//566 553//553 564//564 
f 555//555 534//534 594//594 
f 536//536 538//538 558//558 
f 567//567 536//536 558//558 
f 538//538 559//559 558//558 
f 537//537 557//557 559//559 
f 560//560 541//541 577//577 
f 577//577 541//541 549//549 
f 542//542 548//548 573//573 
f 572//572 548//548 560//560 
f 572//572 560//560 577//577 
f 562//562 552//552 551//551 
f 561//561 552//552 562//562 
f 551//551 531//531 563//563 
f 562//562 551//551 563//563 
f 563//563 531//531 532//532 
f 561//561 565//565 554//554 
f 554//554 565//565 564//564 
f 561//561 582//582 565//565 
f 582//582 561//561 562//562 
f 624//624 562//562 563//563 
f 583//583 557//557 535//535 
f 535//535 556//556 583//583 
f 567//567 558//558 584//584 
f 571//571 568//568 601//601 
f 571//571 570//570 530//530 
f 591//591 578//578 573//573 
f 575//575 605//605 507//507 
f 605//605 589//589 507//507 
f 589//589 498//498 507//507 
f 549//549 576//576 635//635 
f 593//593 577//577 549//549 
f 622//622 577//577 593//593 
f 622//622 572//572 577//577 
f 549//549 635//635 593//593 
f 572//572 573//573 548//548 
f 576//576 580//580 639//639 
f 581//581 523//523 579//579 
f 1014//1014 545//545 523//523 
f 580//580 576//576 544//544 
f 1013//1013 580//580 544//544 
f 545//545 580//580 550//550 
f 1014//1014 580//580 545//545 
f 563//563 532//532 611//611 
f 565//565 610//610 564//564 
f 582//582 610//610 565//565 
f 623//623 582//582 562//562 
f 623//623 609//609 582//582 
f 610//610 582//582 609//609 
f 625//625 611//611 532//532 
f 555//555 625//625 532//532 
f 608//608 566//566 564//564 
f 610//610 608//608 564//564 
f 566//566 595//595 556//556 
f 594//594 534//534 567//567 
f 557//557 585//585 559//559 
f 558//558 559//559 586//586 
f 584//584 558//558 586//586 
f 559//559 585//585 586//586 
f 597//597 567//567 584//584 
f 614//614 568//568 574//574 
f 571//571 613//613 570//570 
f 570//570 613//613 587//587 
f 617//617 569//569 587//587 
f 590//590 588//588 498//498 
f 615//615 588//588 590//590 
f 604//604 525//525 603//603 
f 634//634 605//605 575//575 
f 575//575 525//525 604//604 
f 589//589 590//590 498//498 
f 622//622 592//592 572//572 
f 592//592 591//591 573//573 
f 572//572 592//592 573//573 
f 591//591 592//592 620//620 
f 637//637 581//581 579//579 
f 1014//1014 606//606 580//580 
f 562//562 624//624 623//623 
f 611//611 624//624 563//563 
f 608//608 595//595 566//566 
f 598//598 567//567 597//597 
f 596//596 594//594 567//567 
f 596//596 567//567 598//598 
f 598//598 597//597 640//640 
f 640//640 596//596 598//598 
f 596//596 640//640 642//642 
f 557//557 612//612 585//585 
f 583//583 612//612 557//557 
f 584//584 586//586 599//599 
f 599//599 626//626 584//584 
f 586//586 585//585 600//600 
f 597//597 584//584 626//626 
f 586//586 600//600 599//599 
f 585//585 612//612 600//600 
f 645//645 626//626 599//599 
f 600//600 645//645 599//599 
f 645//645 600//600 646//646 
f 601//601 613//613 571//571 
f 602//602 568//568 614//614 
f 601//601 568//568 1015//1015 
f 617//617 587//587 613//613 
f 569//569 617//617 603//603 
f 614//614 574//574 588//588 
f 589//589 616//616 590//590 
f 615//615 614//614 588//588 
f 632//632 604//604 603//603 
f 604//604 634//634 575//575 
f 619//619 589//589 605//605 
f 590//590 616//616 615//615 
f 618//618 605//605 634//634 
f 621//621 591//591 620//620 
f 578//578 591//591 621//621 
f 579//579 578//578 621//621 
f 638//638 606//606 1014//1014 
f 635//635 576//576 639//639 
f 580//580 607//607 639//639 
f 606//606 607//607 580//580 
f 555//555 594//594 641//641 
f 624//624 611//611 652//652 
f 644//644 583//583 556//556 
f 627//627 613//613 601//601 
f 629//629 601//601 1015//1015 
f 617//617 613//613 627//627 
f 628//628 601//601 629//629 
f 628//628 627//627 601//601 
f 627//627 647//647 617//617 
f 629//629 602//602 614//614 
f 619//619 633//633 616//616 
f 619//619 618//618 633//633 
f 647//647 603//603 617//617 
f 649//649 618//618 634//634 
f 634//634 604//604 632//632 
f 589//589 619//619 616//616 
f 618//618 619//619 605//605 
f 636//636 620//620 592//592 
f 592//592 622//622 636//636 
f 651//651 637//637 579//579 
f 676//676 593//593 635//635 
f 625//625 652//652 611//611 
f 641//641 625//625 555//555 
f 596//596 641//641 594//594 
f 642//642 641//641 596//596 
f 583//583 644//644 643//643 
f 612//612 583//583 643//643 
f 626//626 640//640 597//597 
f 612//612 646//646 600//600 
f 629//629 614//614 648//648 
f 670//670 648//648 614//614 
f 632//632 603//603 647//647 
f 630//630 670//670 614//614 
f 649//649 633//633 618//618 
f 634//634 632//632 672//672 
f 649//649 634//634 672//672 
f 614//614 615//615 630//630 
f 615//615 616//616 631//631 
f 616//616 633//633 631//631 
f 622//622 704//704 636//636 
f 704//704 622//622 650//650 
f 650//650 593//593 676//676 
f 650//650 622//622 593//593 
f 636//636 675//675 620//620 
f 620//620 675//675 621//621 
f 708//708 638//638 637//637 
f 706//706 637//637 651//651 
f 651//651 621//621 675//675 
f 579//579 621//621 651//651 
f 606//606 638//638 708//708 
f 606//606 677//677 607//607 
f 638//638 581//581 637//637 
f 609//609 623//623 653//653 
f 625//625 710//710 652//652 
f 556//556 656//656 644//644 
f 556//556 595//595 656//656 
f 655//655 656//656 595//595 
f 608//608 655//655 595//595 
f 643//643 644//644 661//661 
f 626//626 645//645 662//662 
f 626//626 662//662 658//658 
f 640//640 626//626 658//658 
f 643//643 646//646 612//612 
f 662//662 645//645 664//664 
f 666//666 697//697 667//667 
f 628//628 666//666 667//667 
f 627//627 628//628 667//667 
f 629//629 648//648 666//666 
f 629//629 666//666 628//628 
f 633//633 649//649 674//674 
f 631//631 633//633 674//674 
f 673//673 631//631 674//674 
f 673//673 615//615 631//631 
f 630//630 615//615 673//673 
f 635//635 639//639 678//678 
f 678//678 639//639 607//607 
f 705//705 651//651 675//675 
f 651//651 705//705 706//706 
f 708//708 677//677 606//606 
f 624//624 679//679 623//623 
f 608//608 657//657 655//655 
f 609//609 654//654 610//610 
f 653//653 654//654 609//609 
f 654//654 608//608 610//610 
f 623//623 679//679 653//653 
f 655//655 657//657 680//680 
f 657//657 608//608 654//654 
f 642//642 659//659 641//641 
f 625//625 641//641 660//660 
f 641//641 659//659 660//660 
f 660//660 710//710 625//625 
f 655//655 684//684 656//656 
f 640//640 659//659 642//642 
f 659//659 640//640 658//658 
f 663//663 686//686 658//658 
f 659//659 658//658 686//686 
f 686//686 685//685 659//659 
f 683//683 661//661 644//644 
f 663//663 658//658 662//662 
f 663//663 662//662 664//664 
f 664//664 645//645 646//646 
f 643//643 690//690 646//646 
f 697//697 666//666 665//665 
f 648//648 696//696 665//665 
f 665//665 666//666 648//648 
f 648//648 670//670 696//696 
f 667//667 668//668 627//627 
f 667//667 697//697 668//668 
f 668//668 647//647 627//627 
f 668//668 669//669 647//647 
f 669//669 632//632 647//647 
f 668//668 739//739 669//669 
f 669//669 700//700 632//632 
f 700//700 702//702 672//672 
f 700//700 672//672 632//632 
f 630//630 671//671 670//670 
f 673//673 671//671 630//630 
f 703//703 674//674 649//649 
f 703//703 649//649 672//672 
f 703//703 672//672 702//702 
f 701//701 671//671 673//673 
f 698//698 674//674 699//699 
f 674//674 703//703 699//699 
f 698//698 701//701 673//673 
f 674//674 698//698 673//673 
f 678//678 676//676 635//635 
f 607//607 677//677 678//678 
f 652//652 710//710 624//624 
f 624//624 710//710 679//679 
f 660//660 715//715 710//710 
f 681//681 680//680 657//657 
f 654//654 681//681 657//657 
f 654//654 682//682 681//681 
f 653//653 682//682 654//654 
f 682//682 712//712 681//681 
f 653//653 709//709 682//682 
f 681//681 712//712 711//711 
f 680//680 681//681 711//711 
f 656//656 683//683 644//644 
f 656//656 684//684 687//687 
f 684//684 655//655 680//680 
f 656//656 687//687 683//683 
f 680//680 711//711 684//684 
f 687//687 684//684 720//720 
f 685//685 714//714 659//659 
f 714//714 660//660 659//659 
f 683//683 688//688 661//661 
f 688//688 683//683 687//687 
f 718//718 688//688 687//687 
f 714//714 685//685 689//689 
f 686//686 689//689 685//685 
f 694//694 663//663 664//664 
f 692//692 663//663 694//694 
f 664//664 646//646 694//694 
f 690//690 693//693 646//646 
f 693//693 690//690 695//695 
f 661//661 691//691 643//643 
f 643//643 691//691 690//690 
f 690//690 691//691 695//695 
f 688//688 691//691 661//661 
f 717//717 731//731 691//691 
f 731//731 695//695 691//691 
f 686//686 663//663 692//692 
f 692//692 694//694 726//726 
f 646//646 693//693 694//694 
f 694//694 693//693 725//725 
f 693//693 695//695 725//725 
f 694//694 725//725 726//726 
f 737//737 736//736 665//665 
f 697//697 736//736 738//738 
f 738//738 668//668 697//697 
f 668//668 738//738 739//739 
f 737//737 665//665 696//696 
f 736//736 697//697 665//665 
f 700//700 669//669 739//739 
f 741//741 696//696 670//670 
f 741//741 670//670 671//671 
f 671//671 742//742 741//741 
f 742//742 671//671 701//701 
f 742//742 701//701 740//740 
f 699//699 703//703 702//702 
f 698//698 744//744 701//701 
f 699//699 744//744 698//698 
f 792//792 702//702 700//700 
f 743//743 702//702 792//792 
f 743//743 699//699 702//702 
f 701//701 744//744 740//740 
f 822//822 650//650 676//676 
f 707//707 675//675 636//636 
f 707//707 636//636 704//704 
f 793//793 705//705 675//675 
f 707//707 793//793 675//675 
f 705//705 793//793 816//816 
f 705//705 816//816 706//706 
f 825//825 706//706 816//816 
f 706//706 825//825 637//637 
f 637//637 825//825 708//708 
f 709//709 653//653 679//679 
f 679//679 745//745 709//709 
f 682//682 713//713 712//712 
f 684//684 711//711 748//748 
f 713//713 682//682 709//709 
f 716//716 711//711 712//712 
f 711//711 716//716 748//748 
f 713//713 709//709 745//745 
f 712//712 713//713 716//716 
f 684//684 748//748 720//720 
f 715//715 660//660 714//714 
f 679//679 710//710 746//746 
f 761//761 710//710 715//715 
f 745//745 679//679 746//746 
f 718//718 687//687 720//720 
f 716//716 750//750 748//748 
f 715//715 714//714 761//761 
f 723//723 714//714 689//689 
f 688//688 717//717 691//691 
f 731//731 717//717 734//734 
f 718//718 717//717 688//688 
f 734//734 717//717 719//719 
f 718//718 719//719 717//717 
f 718//718 720//720 721//721 
f 719//719 718//718 721//721 
f 785//785 734//734 719//719 
f 722//722 686//686 692//692 
f 723//723 686//686 722//722 
f 689//689 686//686 723//723 
f 729//729 723//723 722//722 
f 724//724 723//723 729//729 
f 714//714 723//723 724//724 
f 692//692 726//726 727//727 
f 722//722 692//692 727//727 
f 725//725 732//732 728//728 
f 727//727 726//726 728//728 
f 726//726 725//725 728//728 
f 722//722 727//727 729//729 
f 727//727 728//728 730//730 
f 729//729 727//727 730//730 
f 730//730 728//728 767//767 
f 729//729 760//760 724//724 
f 760//760 729//729 730//730 
f 732//732 695//695 731//731 
f 725//725 695//695 732//732 
f 732//732 731//731 733//733 
f 733//733 731//731 734//734 
f 732//732 735//735 728//728 
f 735//735 732//732 733//733 
f 728//728 735//735 767//767 
f 733//733 734//734 766//766 
f 735//735 769//769 767//767 
f 766//766 735//735 733//733 
f 768//768 769//769 735//735 
f 787//787 788//788 738//738 
f 737//737 790//790 789//789 
f 737//737 789//789 736//736 
f 789//789 787//787 736//736 
f 736//736 787//787 738//738 
f 741//741 737//737 696//696 
f 700//700 739//739 791//791 
f 803//803 743//743 792//792 
f 743//743 803//803 744//744 
f 791//791 792//792 700//700 
f 743//743 744//744 699//699 
f 707//707 821//821 853//853 
f 853//853 793//793 707//707 
f 822//822 704//704 650//650 
f 821//821 707//707 704//704 
f 713//713 753//753 716//716 
f 753//753 750//750 716//716 
f 710//710 761//761 747//747 
f 765//765 747//747 761//761 
f 746//746 710//710 747//747 
f 750//750 749//749 748//748 
f 749//749 720//720 748//748 
f 752//752 753//753 713//713 
f 750//750 751//751 749//749 
f 749//749 751//751 759//759 
f 786//786 759//759 751//751 
f 785//785 759//759 786//786 
f 752//752 713//713 745//745 
f 753//753 754//754 750//750 
f 750//750 754//754 751//751 
f 755//755 786//786 751//751 
f 786//786 755//755 776//776 
f 752//752 756//756 753//753 
f 756//756 754//754 753//753 
f 754//754 755//755 751//751 
f 782//782 755//755 758//758 
f 776//776 755//755 782//782 
f 752//752 794//794 756//756 
f 745//745 746//746 757//757 
f 758//758 756//756 794//794 
f 756//756 758//758 754//754 
f 755//755 754//754 758//758 
f 757//757 746//746 781//781 
f 719//719 721//721 785//785 
f 759//759 785//785 721//721 
f 720//720 749//749 721//721 
f 749//749 759//759 721//721 
f 714//714 724//724 761//761 
f 760//760 730//730 762//762 
f 762//762 730//730 767//767 
f 724//724 763//763 761//761 
f 763//763 724//724 760//760 
f 764//764 760//760 762//762 
f 764//764 762//762 772//772 
f 773//773 772//772 762//762 
f 773//773 762//762 767//767 
f 763//763 760//760 764//764 
f 763//763 764//764 778//778 
f 763//763 765//765 761//761 
f 763//763 778//778 765//765 
f 772//772 778//778 764//764 
f 765//765 778//778 783//783 
f 746//746 747//747 781//781 
f 747//747 765//765 781//781 
f 735//735 766//766 768//768 
f 767//767 769//769 773//773 
f 769//769 768//768 774//774 
f 770//770 771//771 766//766 
f 771//771 768//768 766//766 
f 773//773 769//769 774//774 
f 775//775 768//768 771//771 
f 768//768 775//775 774//774 
f 776//776 771//771 770//770 
f 777//777 775//775 771//771 
f 776//776 777//777 771//771 
f 772//772 779//779 778//778 
f 774//774 779//779 773//773 
f 774//774 780//780 779//779 
f 775//775 777//777 780//780 
f 775//775 780//780 774//774 
f 773//773 779//779 772//772 
f 782//782 784//784 776//776 
f 778//778 779//779 783//783 
f 777//777 784//784 780//780 
f 784//784 777//777 776//776 
f 781//781 765//765 783//783 
f 782//782 795//795 784//784 
f 795//795 783//783 784//784 
f 780//780 783//783 779//779 
f 784//784 783//783 780//780 
f 766//766 734//734 785//785 
f 785//785 770//770 766//766 
f 770//770 785//785 786//786 
f 776//776 770//770 786//786 
f 787//787 797//797 788//788 
f 797//797 799//799 788//788 
f 798//798 787//787 789//789 
f 788//788 799//799 738//738 
f 804//804 790//790 741//741 
f 738//738 799//799 739//739 
f 790//790 737//737 741//741 
f 741//741 742//742 804//804 
f 742//742 740//740 804//804 
f 740//740 802//802 804//804 
f 744//744 803//803 740//740 
f 676//676 678//678 823//823 
f 823//823 678//678 824//824 
f 824//824 678//678 677//677 
f 752//752 745//745 757//757 
f 794//794 752//752 757//757 
f 758//758 794//794 782//782 
f 757//757 781//781 795//795 
f 757//757 795//795 794//794 
f 783//783 795//795 781//781 
f 782//782 794//794 795//795 
f 809//809 796//796 798//798 
f 807//807 812//812 796//796 
f 809//809 798//798 806//806 
f 806//806 798//798 810//810 
f 797//797 787//787 798//798 
f 812//812 799//799 797//797 
f 812//812 808//808 799//799 
f 796//796 812//812 797//797 
f 796//796 797//797 798//798 
f 810//810 798//798 789//789 
f 810//810 789//789 790//790 
f 800//800 799//799 808//808 
f 810//810 790//790 804//804 
f 799//799 800//800 739//739 
f 813//813 801//801 800//800 
f 811//811 804//804 802//802 
f 802//802 803//803 814//814 
f 803//803 801//801 815//815 
f 1016//1016 801//801 813//813 
f 739//739 800//800 791//791 
f 800//800 801//801 791//791 
f 802//802 740//740 803//803 
f 801//801 792//792 791//791 
f 792//792 801//801 803//803 
f 806//806 805//805 809//809 
f 805//805 807//807 796//796 
f 796//796 809//809 805//805 
f 807//807 805//805 817//817 
f 819//819 808//808 812//812 
f 819//819 818//818 808//808 
f 819//819 812//812 807//807 
f 800//800 808//808 818//818 
f 800//800 818//818 813//813 
f 806//806 810//810 828//828 
f 810//810 804//804 828//828 
f 802//802 814//814 811//811 
f 803//803 815//815 814//814 
f 823//823 822//822 676//676 
f 825//825 832//832 708//708 
f 1018//1018 704//704 822//822 
f 1017//1017 806//806 826//826 
f 1019//1019 806//806 840//840 
f 840//840 806//806 828//828 
f 805//805 806//806 1017//1017 
f 804//804 811//811 828//828 
f 811//811 831//831 830//830 
f 820//820 837//837 1020//1020 
f 831//831 811//811 814//814 
f 820//820 1016//1016 813//813 
f 815//815 1020//1020 814//814 
f 1020//1020 815//815 820//820 
f 822//822 823//823 862//862 
f 708//708 832//832 677//677 
f 839//839 1017//1017 826//826 
f 818//818 835//835 836//836 
f 836//836 829//829 818//818 
f 827//827 807//807 817//817 
f 807//807 827//827 819//819 
f 819//819 827//827 835//835 
f 835//835 818//818 819//819 
f 829//829 813//813 818//818 
f 829//829 820//820 813//813 
f 840//840 828//828 811//811 
f 837//837 820//820 829//829 
f 811//811 830//830 840//840 
f 831//831 838//838 830//830 
f 837//837 838//838 1020//1020 
f 846//846 845//845 832//832 
f 832//832 845//845 677//677 
f 846//846 832//832 825//825 
f 827//827 833//833 834//834 
f 834//834 835//835 827//827 
f 817//817 833//833 827//827 
f 842//842 837//837 836//836 
f 836//836 837//837 829//829 
f 861//861 838//838 860//860 
f 860//860 838//838 837//837 
f 861//861 830//830 838//838 
f 853//853 816//816 793//793 
f 677//677 845//845 824//824 
f 844//844 825//825 816//816 
f 817//817 847//847 833//833 
f 851//851 833//833 847//847 
f 851//851 834//834 833//833 
f 817//817 839//839 847//847 
f 851//851 852//852 834//834 
f 834//834 852//852 841//841 
f 835//835 834//834 841//841 
f 835//835 841//841 836//836 
f 836//836 841//841 842//842 
f 822//822 843//843 1018//1018 
f 821//821 1021//1021 853//853 
f 843//843 822//822 1023//1023 
f 823//823 824//824 874//874 
f 846//846 876//876 845//845 
f 844//844 846//846 825//825 
f 858//858 851//851 847//847 
f 847//847 839//839 857//857 
f 851//851 858//858 852//852 
f 855//855 839//839 849//849 
f 857//857 839//839 855//855 
f 850//850 849//849 1019//1019 
f 859//859 848//848 869//869 
f 849//849 839//839 826//826 
f 840//840 850//850 1019//1019 
f 848//848 841//841 852//852 
f 842//842 841//841 848//848 
f 848//848 859//859 842//842 
f 859//859 837//837 842//842 
f 859//859 860//860 837//837 
f 830//830 1022//1022 850//850 
f 840//840 830//830 850//850 
f 853//853 1021//1021 889//889 
f 862//862 823//823 874//874 
f 816//816 875//875 844//844 
f 863//863 844//844 875//875 
f 863//863 846//846 844//844 
f 857//857 854//854 847//847 
f 854//854 858//858 847//847 
f 854//854 866//866 858//858 
f 848//848 858//858 870//870 
f 858//858 866//866 870//870 
f 856//856 855//855 849//849 
f 850//850 856//856 849//849 
f 859//859 869//869 873//873 
f 848//848 852//852 858//858 
f 872//872 850//850 1022//1022 
f 873//873 860//860 859//859 
f 871//871 861//861 873//873 
f 861//861 860//860 873//873 
f 1022//1022 871//871 872//872 
f 890//890 876//876 863//863 
f 875//875 890//890 863//863 
f 863//863 876//876 846//846 
f 877//877 864//864 878//878 
f 877//877 882//882 866//866 
f 877//877 866//866 864//864 
f 864//864 865//865 878//878 
f 867//867 865//865 855//855 
f 866//866 882//882 870//870 
f 864//864 854//854 857//857 
f 857//857 865//865 864//864 
f 855//855 865//865 857//857 
f 864//864 866//866 854//854 
f 868//868 872//872 885//885 
f 872//872 871//871 885//885 
f 885//885 871//871 886//886 
f 869//869 848//848 870//870 
f 867//867 855//855 856//856 
f 868//868 867//867 856//856 
f 872//872 868//868 856//856 
f 850//850 872//872 856//856 
f 886//886 871//871 873//873 
f 889//889 891//891 853//853 
f 888//888 862//862 874//874 
f 891//891 816//816 853//853 
f 877//877 895//895 882//882 
f 882//882 899//899 870//870 
f 882//882 895//895 899//899 
f 900//900 870//870 899//899 
f 867//867 879//879 865//865 
f 881//881 879//879 867//867 
f 893//893 865//865 879//879 
f 893//893 878//878 865//865 
f 900//900 869//869 870//870 
f 898//898 884//884 883//883 
f 869//869 900//900 883//883 
f 881//881 867//867 868//868 
f 868//868 880//880 881//881 
f 885//885 880//880 868//868 
f 880//880 885//885 884//884 
f 884//884 885//885 886//886 
f 869//869 883//883 886//886 
f 883//883 884//884 886//886 
f 886//886 873//873 869//869 
f 889//889 901//901 891//891 
f 889//889 1021//1021 887//887 
f 887//887 843//843 1023//1023 
f 1023//1023 888//888 887//887 
f 889//889 887//887 915//915 
f 891//891 875//875 816//816 
f 892//892 874//874 824//824 
f 892//892 845//845 876//876 
f 845//845 892//892 824//824 
f 895//895 877//877 894//894 
f 878//878 893//893 894//894 
f 877//877 878//878 894//894 
f 893//893 879//879 905//905 
f 896//896 899//899 895//895 
f 907//907 899//899 896//896 
f 899//899 907//907 900//900 
f 906//906 905//905 881//881 
f 907//907 908//908 900//900 
f 883//883 900//900 908//908 
f 909//909 883//883 908//908 
f 881//881 905//905 879//879 
f 880//880 884//884 897//897 
f 880//880 906//906 881//881 
f 906//906 880//880 897//897 
f 883//883 909//909 898//898 
f 898//898 909//909 897//897 
f 897//897 884//884 898//898 
f 910//910 915//915 887//887 
f 919//919 891//891 901//901 
f 910//910 887//887 888//888 
f 875//875 891//891 925//925 
f 925//925 933//933 875//875 
f 890//890 875//875 933//933 
f 965//965 944//944 904//904 
f 904//904 894//894 902//902 
f 904//904 896//896 895//895 
f 904//904 895//895 894//894 
f 893//893 903//903 902//902 
f 894//894 893//893 902//902 
f 905//905 903//903 893//893 
f 903//903 942//942 902//902 
f 942//942 943//943 902//902 
f 902//902 943//943 904//904 
f 942//942 903//903 948//948 
f 903//903 905//905 948//948 
f 955//955 905//905 906//906 
f 896//896 904//904 944//944 
f 907//907 896//896 944//944 
f 969//969 908//908 907//907 
f 955//955 906//906 897//897 
f 946//946 945//945 897//897 
f 897//897 1029//1029 955//955 
f 946//946 897//897 909//909 
f 946//946 909//909 908//908 
f 911//911 910//910 912//912 
f 910//910 888//888 913//913 
f 910//910 913//913 912//912 
f 913//913 888//888 937//937 
f 911//911 914//914 924//924 
f 914//914 911//911 1024//1024 
f 1025//1025 912//912 913//913 
f 938//938 913//913 937//937 
f 916//916 901//901 889//889 
f 916//916 889//889 915//915 
f 916//916 920//920 917//917 
f 917//917 918//918 916//916 
f 916//916 918//918 901//901 
f 918//918 919//919 901//901 
f 911//911 920//920 915//915 
f 920//920 916//916 915//915 
f 911//911 915//915 910//910 
f 940//940 890//890 933//933 
f 917//917 920//920 921//921 
f 921//921 922//922 917//917 
f 922//922 923//923 917//917 
f 917//917 923//923 918//918 
f 918//918 923//923 919//919 
f 924//924 920//920 911//911 
f 921//921 920//920 924//924 
f 891//891 919//919 925//925 
f 921//921 926//926 922//922 
f 926//926 923//923 922//922 
f 924//924 929//929 921//921 
f 928//928 925//925 919//919 
f 928//928 919//919 923//923 
f 924//924 914//914 929//929 
f 1025//1025 913//913 934//934 
f 913//913 938//938 934//934 
f 927//927 923//923 926//926 
f 921//921 929//929 926//926 
f 926//926 929//929 930//930 
f 926//926 930//930 927//927 
f 927//927 930//930 931//931 
f 928//928 923//923 927//927 
f 928//928 927//927 931//931 
f 914//914 932//932 929//929 
f 935//935 930//930 932//932 
f 930//930 929//929 932//932 
f 930//930 936//936 931//931 
f 935//935 936//936 930//930 
f 1028//1028 933//933 931//931 
f 933//933 928//928 931//931 
f 933//933 925//925 928//928 
f 1026//1026 932//932 914//914 
f 932//932 1026//1026 935//935 
f 940//940 933//933 1028//1028 
f 938//938 941//941 1026//1026 
f 1026//1026 941//941 935//935 
f 1027//1027 941//941 940//940 
f 940//940 1028//1028 1027//1027 
f 937//937 888//888 874//874 
f 890//890 940//940 876//876 
f 939//939 937//937 874//874 
f 939//939 874//874 892//892 
f 876//876 940//940 892//892 
f 892//892 940//940 939//939 
f 939//939 938//938 937//937 
f 938//938 939//939 941//941 
f 941//941 939//939 940//940 
f 947//947 961//961 943//943 
f 947//947 942//942 948//948 
f 943//943 942//942 947//947 
f 943//943 961//961 962//962 
f 962//962 965//965 904//904 
f 944//944 969//969 907//907 
f 962//962 904//904 943//943 
f 969//969 944//944 965//965 
f 973//973 908//908 969//969 
f 947//947 950//950 949//949 
f 961//961 949//949 963//963 
f 961//961 947//947 949//949 
f 950//950 948//948 951//951 
f 950//950 947//947 948//948 
f 951//951 948//948 905//905 
f 963//963 952//952 966//966 
f 950//950 954//954 953//953 
f 952//952 949//949 953//953 
f 949//949 950//950 953//953 
f 952//952 963//963 949//949 
f 954//954 950//950 951//951 
f 958//958 951//951 955//955 
f 955//955 951//951 905//905 
f 952//952 970//970 966//966 
f 953//953 954//954 956//956 
f 953//953 957//957 952//952 
f 953//953 956//956 957//957 
f 952//952 957//957 970//970 
f 956//956 954//954 958//958 
f 958//958 954//954 951//951 
f 956//956 959//959 957//957 
f 970//970 957//957 974//974 
f 958//958 959//959 956//956 
f 955//955 960//960 958//958 
f 955//955 1029//1029 960//960 
f 974//974 957//957 959//959 
f 977//977 1031//1031 959//959 
f 959//959 958//958 1030//1030 
f 977//977 959//959 1030//1030 
f 977//977 1030//1030 979//979 
f 945//945 979//979 1030//1030 
f 961//961 963//963 964//964 
f 962//962 961//961 964//964 
f 964//964 965//965 962//962 
f 966//966 967//967 963//963 
f 963//963 967//967 964//964 
f 964//964 967//967 968//968 
f 968//968 965//965 964//964 
f 965//965 968//968 969//969 
f 967//967 971//971 968//968 
f 968//968 971//971 972//972 
f 969//969 968//968 972//972 
f 972//972 973//973 969//969 
f 966//966 970//970 967//967 
f 970//970 971//971 967//967 
f 970//970 974//974 971//971 
f 974//974 975//975 971//971 
f 975//975 972//972 971//971 
f 976//976 972//972 975//975 
f 973//973 972//972 976//976 
f 973//973 976//976 978//978 
f 975//975 1031//1031 977//977 
f 976//976 975//975 977//977 
f 976//976 977//977 978//978 
f 979//979 978//978 977//977 
f 979//979 945//945 946//946 
f 979//979 946//946 978//978 
f 978//978 946//946 908//908 
f 978//978 908//908 973//973 
