#
# Compatibility version : 4.3
# File ID : FJ3935
# Representation ID : BP29164
# Build-up logic : FMA 3.0 is_a
# Concept ID : FMA53068
# English name : Left buccal nerve
# Bounds(mm): (28.478400,-153.684800,1456.859000)-(46.469000,-107.227600,1497.191500)
# Volume(cm3): 0.022800
#
v 28.5184 -153.467 1463.49
v 28.5181 -153.633 1463.49
v 28.5193 -153.583 1463.45
v 28.5694 -153.674 1463.5
v 28.5658 -153.636 1463.44
v 28.5726 -153.584 1463.41
v 28.5838 -153.463 1463.43
v 28.6155 -153.659 1463.44
v 28.6619 -153.679 1463.5
v 28.6157 -153.636 1463.42
v 28.6662 -153.648 1463.44
v 28.6656 -153.586 1463.4
v 28.7083 -153.418 1463.43
v 28.7434 -153.617 1463.5
v 28.7203 -153.581 1463.43
v 28.7619 -153.469 1463.44
v 28.5158 -153.625 1463.59
v 28.4855 -153.579 1463.54
v 28.5492 -153.483 1463.65
v 28.5319 -153.435 1463.59
v 28.5181 -153.645 1463.54
v 28.5686 -153.669 1463.59
v 28.5689 -153.621 1463.65
v 28.6655 -153.498 1463.7
v 28.6602 -153.677 1463.59
v 28.6668 -153.635 1463.64
v 28.7231 -153.635 1463.59
v 28.7329 -153.515 1463.69
v 28.8301 -153.448 1463.69
v 28.8022 -153.12 1463.54
v 28.9025 -153.368 1463.54
v 28.9835 -153.286 1463.67
v 28.9215 -152.848 1463.69
v 28.9702 -152.779 1463.8
v 29.1082 -152.927 1463.88
v 29.1611 -152.988 1463.81
v 29.2119 -152.885 1463.67
v 29.227 -152.921 1463.75
v 29.2874 -152.727 1463.92
v 29.4197 -152.604 1463.89
v 29.3272 -152.348 1463.74
v 29.3255 -152.199 1463.86
v 29.3372 -152.459 1464.02
v 29.2829 -152.408 1464
v 29.3069 -152.211 1463.92
v 29.3658 -152.173 1464.02
v 29.5462 -152.403 1463.88
v 29.2687 -141.058 1456.88
v 29.3809 -140.943 1456.9
v 29.2006 -141.062 1456.93
v 29.1742 -141.054 1456.97
v 29.1743 -141.054 1457.03
v 29.2301 -140.996 1457.12
v 29.198 -140.966 1456.92
v 29.1731 -140.96 1457.02
v 29.2171 -141.115 1456.98
v 29.2297 -141.099 1457.07
v 29.2651 -141.122 1456.93
v 29.2678 -141.145 1456.98
v 29.2672 -141.143 1457.03
v 29.2977 -141.04 1457.15
v 29.2699 -140.957 1456.87
v 29.3171 -141.148 1456.98
v 29.3389 -141.141 1457.04
v 29.3571 -141.111 1457.1
v 29.317 -141.11 1456.91
v 29.3877 -140.968 1457.21
v 29.3911 -141.107 1456.94
v 29.4164 -141.117 1457.01
v 29.4158 -141.04 1456.91
v 29.2079 -140.909 1456.97
v 29.2778 -140.883 1457.1
v 29.2974 -140.883 1456.93
v 29.3758 -140.823 1457.02
v 29.3875 -140.885 1456.93
v 29.5691 -152.189 1464.09
v 29.6841 -152.17 1463.98
v 29.6341 -152.049 1463.83
v 29.6694 -152.133 1464.06
v 29.7592 -151.971 1463.92
v 29.7212 -151.487 1464.05
v 29.7821 -151.474 1463.99
v 29.7659 -151.401 1464.17
v 29.8702 -151.369 1464.28
v 29.6622 -140.787 1457.36
v 29.9888 -140.56 1457.43
v 30.0425 -151.511 1464.09
v 30.0101 -151.444 1464.27
v 30.0517 -151.166 1464.04
v 30.1164 -151.076 1464.38
v 30.1707 -151.241 1464.27
v 30.2179 -150.557 1464.23
v 30.3354 -150.24 1464.43
v 30.1058 -140.831 1457.43
v 30.0797 -140.772 1457.54
v 30.1155 -140.791 1457.3
v 30.3338 -140.565 1457.71
v 30.292 -140.475 1457.43
v 30.3876 -140.451 1457.71
v 30.4055 -150.648 1464.47
v 30.4468 -150.142 1464.55
v 30.5181 -150.154 1464.27
v 30.4854 -149.926 1464.41
v 30.6105 -149.777 1464.37
v 30.762 -150.064 1464.45
v 30.658 -150.137 1464.31
v 30.7117 -149.911 1464.64
v 30.4468 -140.569 1457.43
v 30.3354 -140.546 1457.38
v 30.7868 -149.975 1464.55
v 30.9101 -149.609 1464.67
v 30.9812 -148.765 1464.72
v 30.9171 -149.265 1464.77
v 31.0296 -149.179 1464.79
v 31.1553 -148.956 1464.52
v 31.129 -148.545 1464.61
v 31.1466 -140.335 1458.09
v 31.304 -148.747 1464.61
v 31.2383 -148.516 1464.58
v 31.5206 -148.311 1464.82
v 31.3367 -148.194 1464.96
v 31.418 -148.186 1464.98
v 31.5463 -148.09 1464.96
v 31.3121 -147.992 1464.76
v 31.2962 -148.136 1464.93
v 31.4339 -147.646 1464.88
v 31.502 -140.268 1458.2
v 31.2078 -140.084 1457.94
v 31.5224 -139.959 1458.16
v 31.6248 -147.399 1464.78
v 31.7016 -147.404 1464.77
v 31.8493 -147.267 1464.81
v 31.9556 -140.095 1458.18
v 31.5722 -140.054 1457.98
v 31.9511 -139.913 1458.48
v 32.1271 -146.753 1464.95
v 32.2582 -145.867 1465
v 32.0706 -146.143 1465.23
v 32.129 -146.171 1465.29
v 32.0662 -139.975 1458.18
v 32.0255 -139.811 1458.48
v 32.2846 -140.019 1458.46
v 32.3473 -145.844 1465
v 32.3376 -145.851 1465.35
v 32.6388 -145.406 1465.1
v 32.5758 -145.73 1465.19
v 32.5195 -144.961 1465.32
v 32.7437 -144.531 1465.46
v 32.7098 -144.531 1465.3
v 32.6424 -139.8 1458.77
v 32.7716 -144.734 1465.14
v 32.9369 -144.839 1465.4
v 32.759 -144.64 1465.49
v 33.0058 -144.414 1465.19
v 33.0517 -143.94 1465.27
v 33.021 -143.831 1465.48
v 33.1216 -143.965 1465.6
v 33.1168 -139.405 1458.74
v 33.1467 -144.364 1465.3
v 33.2991 -143.665 1465.27
v 33.1912 -144.045 1465.58
v 33.2596 -143.324 1465.46
v 33.2372 -143.476 1465.6
v 33.5293 -143.554 1465.57
v 33.3112 -143.274 1465.4
v 33.4221 -143.205 1465.67
v 33.5511 -143.364 1465.34
v 33.5863 -143.483 1465.46
v 33.6003 -142.683 1465.62
v 33.688 -142.525 1465.51
v 33.6984 -142.658 1465.41
v 33.9597 -142.73 1465.48
v 33.9317 -142.592 1465.41
v 33.7666 -139.4 1458.93
v 33.7413 -139.309 1458.91
v 33.8377 -139.449 1459.03
v 33.7135 -139.333 1459.27
v 33.7891 -139.468 1459.18
v 34.0981 -142.521 1465.65
v 33.9666 -142.197 1465.78
v 34.0077 -142.286 1465.8
v 34.0909 -142.401 1465.76
v 34.0081 -141.947 1465.63
v 34.0885 -142.078 1465.45
v 34.0469 -141.918 1465.73
v 34.2592 -141.621 1465.56
v 34.276 -141.626 1465.81
v 34.2787 -141.523 1465.71
v 34.3789 -107.786 1496.93
v 34.3239 -107.663 1496.93
v 34.3272 -107.619 1496.82
v 34.3456 -107.617 1497.07
v 34.3618 -107.488 1496.72
v 34.3107 -107.521 1497.02
v 34.3051 -107.476 1496.92
v 34.3318 -107.511 1497.07
v 34.3222 -107.476 1496.82
v 34.3298 -107.422 1497.02
v 34.3434 -107.376 1496.87
v 34.3415 -107.373 1496.96
v 34.4802 -141.747 1465.51
v 34.5955 -141.715 1465.62
v 34.441 -141.722 1465.86
v 34.6173 -141.669 1465.77
v 34.4832 -141.424 1465.88
v 34.6496 -141.252 1465.53
v 34.5987 -141.065 1465.69
v 34.5949 -108.129 1496.66
v 34.5919 -108.128 1496.76
v 34.7463 -108.318 1496.45
v 34.717 -108.269 1496.77
v 34.3931 -107.766 1496.76
v 34.4715 -107.673 1496.56
v 34.4612 -107.889 1496.98
v 34.4251 -107.766 1497.08
v 34.4197 -107.658 1497.14
v 34.5207 -107.765 1497.15
v 34.5787 -107.956 1497.03
v 34.6721 -107.918 1497.1
v 34.6614 -107.758 1497.17
v 34.5186 -107.658 1497.18
v 34.6191 -107.653 1497.19
v 34.4402 -107.442 1496.62
v 34.5154 -107.392 1496.56
v 34.4679 -107.336 1496.67
v 34.5726 -107.301 1496.61
v 34.5647 -107.255 1496.71
v 34.6327 -107.53 1496.4
v 34.7147 -107.399 1496.41
v 34.3713 -107.517 1497.11
v 34.368 -107.419 1497.08
v 34.373 -107.384 1496.76
v 34.367 -107.368 1497.02
v 34.4171 -107.365 1497.07
v 34.4211 -107.301 1496.81
v 34.4168 -107.301 1496.96
v 34.4631 -107.459 1497.15
v 34.4657 -107.33 1497.06
v 34.4692 -107.365 1497.1
v 34.5176 -107.325 1497.06
v 34.5177 -107.246 1496.86
v 34.5173 -107.267 1496.96
v 34.5682 -107.411 1497.13
v 34.6188 -107.296 1497.01
v 34.622 -107.248 1496.91
v 34.6359 -107.233 1496.8
v 34.7096 -107.515 1497.15
v 34.4589 -107.561 1497.17
v 34.5229 -107.555 1497.18
v 34.8515 -140.868 1465.59
v 35.1228 -140.91 1465.63
v 35.0127 -141.134 1465.8
v 34.9898 -141.023 1465.92
v 35.0308 -140.857 1465.57
v 34.8431 -140.773 1465.86
v 35.074 -140.747 1465.97
v 35.0757 -140.43 1465.81
v 34.688 -139.085 1459.64
v 35.0705 -138.635 1459.65
v 35.1607 -108.896 1496.14
v 34.8468 -108.49 1496.52
v 35.0534 -108.67 1496.54
v 35.1139 -108.543 1496.7
v 34.8293 -108.331 1496.27
v 34.8246 -108.322 1496.81
v 34.8268 -108.074 1497.01
v 34.8644 -108.231 1496.91
v 34.9339 -108.044 1497.01
v 34.7752 -107.863 1497.12
v 34.7627 -107.663 1497.16
v 34.8778 -107.721 1497.11
v 35.013 -107.932 1497.01
v 35.0581 -107.67 1496.98
v 35.1265 -107.892 1496.94
v 34.8572 -107.559 1496.26
v 35.0841 -107.513 1496.26
v 34.7632 -107.278 1496.56
v 34.8627 -107.272 1496.66
v 34.9554 -107.39 1496.37
v 34.961 -107.324 1496.51
v 35.0113 -107.335 1496.57
v 35.1014 -107.401 1496.46
v 35.1116 -107.403 1496.62
v 34.7654 -107.377 1497.03
v 34.8167 -107.311 1496.91
v 34.8071 -107.267 1496.81
v 34.8653 -107.564 1497.09
v 34.9197 -107.306 1496.76
v 35.0087 -107.478 1496.92
v 35.0124 -107.391 1496.81
v 35.1338 -107.485 1496.77
v 35.1606 -140.945 1465.73
v 35.3764 -140.664 1465.86
v 35.4891 -140.407 1465.99
v 35.524 -140.507 1465.81
v 35.4465 -140.281 1465.62
v 35.193 -140.465 1465.98
v 35.3423 -140.146 1465.74
v 35.3289 -140.181 1465.94
v 35.5233 -139.905 1465.87
v 35.2815 -138.936 1459.7
v 35.3962 -138.821 1459.63
v 35.6214 -109.441 1495.75
v 35.2693 -108.952 1495.86
v 35.186 -108.906 1496.28
v 35.3293 -108.928 1496.38
v 35.4186 -108.846 1496.46
v 35.5443 -108.661 1495.53
v 35.2878 -108.577 1495.74
v 35.1494 -108.462 1496.75
v 35.3199 -108.477 1496.68
v 35.2388 -108.109 1495.9
v 35.4023 -108.084 1495.87
v 35.543 -108.404 1496.55
v 35.4661 -107.988 1495.95
v 35.289 -107.778 1496.74
v 35.238 -107.57 1496.27
v 35.2661 -107.562 1496.6
v 35.2148 -107.477 1496.47
v 35.364 -107.641 1496.4
v 35.6611 -140.316 1465.74
v 35.757 -140.206 1465.94
v 35.869 -140.112 1465.83
v 35.8091 -140.063 1465.7
v 35.8194 -139.752 1465.69
v 35.761 -139.835 1466.05
v 35.9141 -139.495 1465.96
v 35.6323 -138.772 1459.98
v 35.6006 -138.63 1459.69
v 35.6452 -138.529 1459.73
v 35.5273 -138.605 1460.05
v 35.2966 -138.601 1459.92
v 35.8665 -109.431 1495.11
v 35.7465 -109.518 1495.79
v 35.8829 -109.459 1495.9
v 35.9922 -109.324 1494.99
v 35.8023 -109.143 1496.16
v 35.8057 -108.455 1495.59
v 35.75 -108.84 1496.31
v 35.6623 -108.447 1495.59
v 35.8232 -108.285 1495.88
v 35.893 -108.375 1496
v 36.3265 -139.632 1465.91
v 36.3522 -139.275 1465.72
v 36.2042 -139.602 1466.08
v 36.321 -139.599 1466.01
v 36.1456 -139.243 1465.88
v 36.2524 -139.214 1465.78
v 36.3604 -139.093 1466.07
v 36.0115 -138.521 1460.23
v 36.3842 -138.178 1460.41
v 36.423 -109.68 1495.55
v 36.2768 -109.303 1494.83
v 36.624 -139.147 1465.75
v 36.7029 -139.213 1465.84
v 36.5049 -138.883 1465.98
v 36.6524 -139.062 1466.15
v 36.6976 -138.369 1460.28
v 36.463 -138.059 1460.26
v 36.6338 -138.353 1460.17
v 36.6764 -138.276 1460.15
v 36.3871 -138.105 1460.33
v 36.5873 -110.526 1494.47
v 36.5294 -110.306 1494.38
v 36.5197 -110.128 1494.36
v 36.4608 -109.343 1495.58
v 36.4087 -109.207 1494.89
v 36.4802 -109.16 1494.98
v 36.5708 -109.174 1495.1
v 37.2393 -138.676 1466.14
v 37.3211 -138.676 1465.99
v 36.8478 -138.719 1465.79
v 36.8505 -138.6 1465.87
v 36.6975 -138.369 1460.36
v 36.7676 -110.734 1494.48
v 36.9351 -110.83 1494.5
v 37.0627 -109.846 1494.84
v 37.1276 -110.158 1494.83
v 37.3413 -138.26 1466.21
v 37.4188 -138.063 1466.14
v 37.5964 -137.865 1466.04
v 37.1769 -138.165 1460.53
v 37.172 -138.14 1460.63
v 37.2405 -138.123 1460.49
v 37.3892 -138.004 1460.48
v 37.2718 -138.033 1460.75
v 37.2334 -137.906 1460.38
v 37.1278 -137.836 1460.4
v 37.1083 -110.89 1494.47
v 37.1966 -110.485 1493.71
v 37.263 -110.35 1493.77
v 37.3636 -110.297 1493.82
v 37.4508 -110.285 1493.88
v 37.4972 -110.249 1494.14
v 37.309 -110.043 1494.2
v 37.8224 -138.095 1465.88
v 37.9508 -137.859 1465.86
v 37.7066 -137.484 1460.8
v 37.7991 -111.812 1492.86
v 37.8812 -112.097 1493.2
v 37.8633 -111.869 1493.54
v 37.6972 -110.665 1494.14
v 37.5854 -110.406 1494.19
v 38.08 -137.589 1460.76
v 38.0894 -137.731 1460.94
v 38.0863 -137.713 1460.84
v 38.2753 -137.566 1460.87
v 38.1408 -137.351 1460.85
v 37.9264 -137.41 1461.06
v 38.2558 -137.327 1461.27
v 37.9513 -112.211 1492.9
v 37.998 -112.236 1492.75
v 38.1055 -112.29 1493.08
v 37.9567 -111.713 1492.7
v 38.1281 -111.549 1492.68
v 38.4069 -111.501 1493.28
v 38.1429 -111.358 1492.84
v 38.3241 -137.57 1461.17
v 38.531 -137.064 1461.13
v 38.5807 -137.02 1461.28
v 38.7641 -112.935 1492.44
v 38.3418 -112.238 1493.16
v 38.3627 -111.407 1492.89
v 38.7859 -111.852 1492.58
v 38.471 -111.485 1493.07
v 38.7681 -137.368 1461.19
v 39.0155 -137.228 1461.43
v 38.7934 -137.165 1461.51
v 39.1122 -136.867 1466.37
v 38.8957 -136.918 1461.56
v 39.0284 -136.946 1461.65
v 38.7484 -136.936 1465.98
v 39.1726 -113.547 1491.38
v 39.1191 -113.154 1491.28
v 39.1256 -113.382 1491.3
v 38.88 -113.222 1492.01
v 39.0623 -112.379 1491.82
v 39.0065 -112.446 1492.62
v 38.7256 -112.389 1492.88
v 39.0426 -112.21 1492.07
v 39.1112 -112.238 1492.34
v 39.1459 -137.081 1461.61
v 39.4058 -136.959 1461.43
v 39.3091 -136.887 1466.25
v 39.2521 -136.619 1461.57
v 39.3494 -136.617 1461.47
v 39.8012 -114.207 1490.72
v 39.5715 -113.91 1491.27
v 39.1966 -113.2 1492.14
v 39.2707 -112.939 1491.26
v 39.5218 -136.792 1461.44
v 39.7967 -136.764 1461.74
v 39.9088 -136.674 1461.9
v 39.747 -136.521 1461.56
v 39.5506 -136.473 1461.86
v 39.6931 -136.483 1461.99
v 39.7352 -136.567 1462
v 39.622 -136.18 1466.4
v 40.053 -114.273 1490.12
v 39.9658 -114.049 1491.15
v 39.8431 -113.762 1491.44
v 40.0064 -113.694 1491.37
v 39.8929 -113.53 1490.54
v 40.0446 -113.446 1490.61
v 39.9491 -113.378 1491.48
v 39.8248 -113.015 1491.32
v 39.5609 -112.79 1491.44
v 39.7475 -113.005 1491.67
v 39.8654 -113.073 1491.44
v 40.1387 -136.458 1461.78
v 40.2763 -136.285 1461.83
v 40.0414 -136.531 1462.06
v 40.0013 -136.485 1462.1
v 40.1798 -136.484 1461.85
v 39.9463 -136.276 1466.09
v 39.9663 -136.16 1466.03
v 40.0639 -136.221 1466.17
v 40.1689 -135.995 1462.06
v 40.2987 -136.052 1461.9
v 40.3113 -135.966 1461.97
v 40.2975 -135.953 1462.28
v 39.9622 -135.745 1466.17
v 39.958 -135.756 1466.34
v 40.3462 -114.311 1489.79
v 40.0216 -114.268 1490.89
v 40.749 -136.071 1462.17
v 40.6912 -136.05 1462.08
v 40.6057 -136.183 1462.28
v 40.5948 -135.868 1462.5
v 40.6344 -136.18 1462.21
v 40.4908 -135.809 1466.17
v 40.3923 -135.928 1466.26
v 40.4714 -135.796 1466.39
v 40.7236 -135.641 1462.55
v 40.7289 -135.554 1462.45
v 40.3106 -135.631 1466.48
v 40.5744 -135.623 1466.46
v 40.6167 -113.922 1490.1
v 40.7577 -135.859 1462.57
v 40.8003 -135.782 1462.13
v 40.7798 -135.533 1462.33
v 40.8598 -135.567 1462.25
v 40.9381 -135.784 1462.2
v 41.0946 -135.805 1462.41
v 41.1136 -135.784 1462.55
v 41.0882 -135.742 1462.64
v 40.8109 -135.424 1466.12
v 41.1371 -135.321 1462.84
v 40.8553 -135.007 1466.12
v 41.087 -134.989 1466.1
v 40.9424 -134.834 1466.45
v 41.1778 -114.484 1489.88
v 40.9112 -114.157 1489.94
v 40.9583 -114.211 1490.06
v 41.1885 -135.64 1462.37
v 41.1744 -135.428 1462.85
v 41.5228 -135.428 1462.7
v 41.4199 -135.307 1462.5
v 41.2517 -135.091 1462.82
v 41.5023 -135.395 1462.6
v 41.2435 -135.017 1466.49
v 41.2819 -135.061 1466.27
v 41.2865 -135.063 1466.37
v 41.5315 -134.988 1462.65
v 41.472 -134.89 1462.78
v 41.3072 -134.398 1466.33
v 41.5278 -115.668 1488.26
v 41.6518 -135.299 1462.88
v 41.7307 -135.038 1463.16
v 41.822 -135.059 1463.12
v 41.9535 -134.907 1462.88
v 41.8481 -134.683 1463.34
v 41.6689 -134.677 1466.36
v 41.823 -134.493 1466.45
v 41.809 -134.565 1463.29
v 41.8341 -134.465 1463.15
v 41.8454 -134.378 1466.22
v 41.5995 -134.306 1466.59
v 41.6781 -134.375 1466.6
v 41.9145 -133.798 1466.27
v 41.9011 -133.736 1466.41
v 41.7331 -133.983 1466.51
v 41.9643 -134.993 1463.01
v 41.9955 -134.934 1462.96
v 42.0173 -134.928 1463.12
v 41.9658 -134.428 1463.04
v 42.1527 -134.494 1463.02
v 42.3499 -134.56 1463.3
v 42.2886 -134.496 1463.51
v 42.3439 -134.512 1463.46
v 42.1807 -134.093 1466.32
v 42.3076 -133.974 1466.42
v 42.2248 -133.93 1466.59
v 42.299 -133.491 1466.65
v 41.9385 -115.734 1487.88
v 42.1221 -115.717 1487.83
v 42.3703 -134.177 1463.73
v 42.5739 -134.226 1463.37
v 42.481 -133.758 1463.49
v 42.5224 -133.929 1463.36
v 42.5382 -134.148 1463.3
v 42.61 -133.965 1463.37
v 42.4278 -133.954 1463.81
v 42.4941 -133.687 1466.3
v 42.5436 -133.691 1466.4
v 42.4082 -133.832 1466.51
v 42.4243 -133.727 1463.71
v 42.5265 -133.344 1466.22
v 42.6219 -133.359 1466.24
v 42.6553 -133.555 1466.49
v 42.6532 -132.822 1466.4
v 42.7093 -132.861 1466.3
v 42.4371 -133.099 1466.53
v 42.4691 -116.843 1487.22
v 42.4842 -115.854 1487.7
v 42.3216 -115.609 1488.09
v 42.7549 -134.055 1463.66
v 42.7928 -133.815 1463.52
v 42.8211 -133.964 1463.65
v 42.9215 -133.442 1463.68
v 43.0129 -133.702 1463.86
v 43.0332 -133.649 1463.97
v 43.0469 -133.604 1463.79
v 42.9238 -133.347 1464.25
v 43.0378 -133.547 1464.12
v 43.0093 -133.428 1464.23
v 42.8791 -133.248 1466.38
v 42.8521 -133.268 1466.58
v 42.9252 -133.217 1466.48
v 42.9775 -133.091 1464.35
v 42.8159 -132.859 1466.26
v 42.8404 -133.056 1466.7
v 42.979 -133.015 1466.66
v 43.0296 -132.882 1464.38
v 43.0769 -132.242 1466.63
v 42.7949 -117.082 1487.36
v 42.6666 -116.922 1486.86
v 42.7437 -116.749 1486.79
v 42.8559 -116.598 1486.8
v 43.0217 -116.501 1486.89
v 43.1245 -116.496 1486.96
v 42.9602 -116.305 1487.66
v 43.0121 -116.313 1487.49
v 43.2613 -133.207 1463.96
v 43.4219 -133.034 1464.15
v 43.4184 -132.847 1464.6
v 43.4171 -132.991 1464.46
v 43.4205 -132.809 1464.13
v 43.5279 -132.906 1464.36
v 43.1739 -132.744 1466.33
v 43.303 -132.692 1466.45
v 43.2063 -132.521 1464.38
v 43.3579 -132.457 1464.3
v 43.4048 -132.536 1464.23
v 43.3305 -132.286 1464.64
v 43.3757 -132.319 1464.79
v 43.394 -132.468 1464.79
v 43.3862 -132.242 1466.31
v 43.3543 -131.935 1466.73
v 43.4697 -132.047 1466.79
v 43.3395 -131.986 1466.36
v 43.3055 -131.887 1466.46
v 43.5172 -117.941 1485.86
v 43.5033 -117.702 1486.57
v 43.2833 -117.532 1486.01
v 43.2407 -117.581 1486.12
v 43.2408 -117.636 1486.51
v 43.4002 -117.238 1485.99
v 43.2436 -117.325 1486.08
v 43.4829 -117.065 1486.14
v 43.5164 -116.948 1486.34
v 43.0834 -116.968 1487.45
v 43.0139 -116.547 1487.67
v 43.6849 -132.619 1464.63
v 43.8227 -132.307 1464.58
v 43.5595 -132.402 1464.89
v 43.595 -132.057 1466.35
v 43.5558 -132.308 1466.62
v 43.6937 -132.104 1466.47
v 43.7235 -131.992 1466.42
v 43.8198 -131.934 1464.64
v 43.6461 -131.785 1465.13
v 43.6548 -131.872 1465.14
v 43.6883 -131.949 1466.75
v 43.698 -131.612 1464.94
v 43.8633 -131.418 1464.98
v 43.841 -131.265 1465.34
v 43.7854 -131.029 1466.61
v 43.6112 -117.974 1485.54
v 43.5787 -117.904 1486.23
v 43.7523 -117.745 1486.46
v 43.8306 -117.938 1486.21
v 43.6314 -117.802 1485.46
v 43.7457 -117.671 1485.39
v 43.8688 -117.516 1485.48
v 43.8524 -117.674 1486.44
v 43.8571 -117.251 1486.46
v 43.5697 -116.902 1486.54
v 43.5618 -117.296 1486.92
v 43.6128 -117.173 1486.89
v 43.5845 -117.047 1486.92
v 43.9462 -132.07 1465.04
v 44.0412 -131.978 1464.96
v 43.984 -131.664 1466.6
v 44.0872 -131.675 1464.9
v 44.168 -131.654 1465.01
v 44.293 -131.432 1465.4
v 44.1673 -131.318 1466.53
v 44.0928 -131.152 1465.12
v 44.18 -131.232 1465.1
v 44.0508 -131.088 1465.69
v 44.2491 -131.05 1465.8
v 44.3152 -131.178 1465.68
v 44.1741 -131.172 1466.44
v 44.186 -130.99 1466.4
v 44.2258 -131.141 1466.77
v 44.1574 -130.504 1465.81
v 44.2625 -130.489 1465.6
v 43.963 -130.799 1466.5
v 44.3201 -130.698 1466.88
v 44.1988 -130.447 1465.72
v 44.2935 -130.064 1466.77
v 44.3371 -118.558 1484.08
v 44.3193 -118.668 1484.11
v 43.9951 -118.408 1484.89
v 44.0515 -118.352 1484.68
v 44.098 -118.286 1484.6
v 43.9458 -118.393 1485.2
v 44.1377 -118.568 1485.01
v 44.1911 -118.452 1485.37
v 44.2515 -118.365 1485.51
v 44.15 -118.021 1484.73
v 44.3133 -117.934 1484.76
v 44.102 -118.051 1485.95
v 44.1919 -117.976 1485.93
v 44.0108 -117.428 1485.67
v 44.135 -117.497 1485.69
v 44.2125 -117.59 1485.81
v 44.2682 -117.722 1485.84
v 43.9751 -117.638 1486.33
v 44.0361 -117.536 1486.25
v 44.4631 -130.951 1465.43
v 44.4586 -130.806 1466.65
v 44.5525 -130.587 1465.59
v 44.5572 -130.856 1465.64
v 44.6679 -130.55 1466
v 44.4729 -130.726 1466.55
v 44.6399 -130.426 1466.73
v 44.3867 -130.378 1465.64
v 44.3963 -130.106 1466.31
v 44.4655 -130.048 1466.46
v 44.4651 -130.045 1466.41
v 44.5155 -130.12 1466.41
v 44.5155 -130.149 1466.44
v 44.623 -130.147 1466.47
v 44.6655 -130.153 1466.42
v 44.7155 -130.079 1466.46
v 44.7155 -130.09 1466.51
v 44.4112 -130.167 1466.92
v 44.7555 -130.121 1466.81
v 44.6495 -129.951 1465.94
v 44.4023 -129.99 1466.51
v 44.465 -129.907 1466.46
v 44.4655 -129.71 1466.59
v 44.4957 -129.698 1466.55
v 44.5195 -129.54 1466.56
v 44.6099 -129.335 1466.49
v 44.518 -129.516 1466.67
v 44.5949 -129.316 1466.76
v 44.7413 -129.297 1467
v 44.6623 -129.103 1466.88
v 44.6626 -119.073 1484.11
v 44.7053 -119.093 1483.11
v 44.5922 -118.802 1483.47
v 44.6656 -118.694 1483.45
v 44.3508 -118.825 1484.24
v 44.4112 -118.46 1484.02
v 44.5108 -118.323 1484.08
v 44.4727 -118.567 1485.12
v 44.601 -118.444 1485.14
v 44.3583 -118.326 1485.49
v 44.5786 -118.168 1484.32
v 44.4007 -117.91 1484.82
v 44.4405 -117.851 1485.03
v 44.7321 -118.204 1484.94
v 44.5114 -118.13 1485.42
v 44.8783 -129.936 1466.14
v 44.9083 -129.968 1466.25
v 44.9155 -129.798 1466.6
v 44.8814 -129.878 1466.64
v 44.7548 -129.958 1466.9
v 44.8725 -129.593 1466.23
v 44.8289 -129.439 1466.99
v 44.8865 -129.248 1467.07
v 44.9451 -129.371 1467
v 44.9609 -129.44 1466.95
v 45.0248 -129.455 1466.88
v 45.0251 -129.339 1466.97
v 45.0641 -129.499 1466.73
v 45.1518 -129.141 1467.04
v 45.1378 -129.27 1466.69
v 45.1515 -129.011 1466.73
v 45.1147 -128.878 1466.74
v 44.8908 -128.808 1466.75
v 45.0573 -128.767 1466.78
v 44.9845 -128.218 1467.25
v 45.0869 -128.11 1467.28
v 45.0041 -128.017 1467.82
v 45.1142 -128.249 1467.81
v 44.9943 -127.883 1467.7
v 45.1609 -127.361 1468.36
v 45.0052 -119.541 1482.94
v 45.0107 -119.471 1482.11
v 44.8628 -119.428 1482.91
v 45.0201 -119.089 1484
v 44.7691 -119.078 1484.14
v 44.9999 -119.058 1482.53
v 45.1445 -119.001 1483.93
v 44.7612 -118.962 1484.37
v 44.8543 -118.813 1484.51
v 44.8151 -118.587 1483.47
v 44.9647 -118.608 1483.39
v 45.0439 -118.564 1483.58
v 45.0978 -118.58 1483.66
v 44.804 -118.299 1484.12
v 44.8403 -118.266 1484.52
v 44.975 -118.625 1484.45
v 45.0772 -118.571 1484.11
v 44.8169 -118.579 1484.76
v 45.3554 -128.541 1467.2
v 45.2607 -128.528 1467.59
v 45.2165 -128.038 1467.32
v 45.3595 -128.074 1467.36
v 45.2414 -128.371 1467.74
v 45.4428 -128.284 1467.57
v 45.4442 -128.104 1467.45
v 45.4615 -127.245 1467.96
v 45.4595 -127.431 1468.52
v 45.3114 -127.209 1468.64
v 45.3554 -126.862 1468.31
v 45.4552 -126.932 1468.22
v 45.2597 -126.715 1468.72
v 45.3573 -126.357 1469.22
v 45.4126 -126.552 1469.2
v 45.4688 -125.962 1469.2
v 45.4748 -125.607 1469.9
v 45.4967 -125.46 1469.84
v 45.5585 -124.99 1470.46
v 45.5528 -120.531 1479.57
v 45.5339 -120.417 1479.5
v 45.4011 -120.213 1480.69
v 45.3823 -120.027 1480.47
v 45.17 -119.838 1481.82
v 45.2702 -119.948 1481.76
v 45.459 -119.75 1482.44
v 45.157 -119.558 1483
v 45.365 -119.484 1481.31
v 45.3704 -119.214 1481.9
v 45.4232 -119.198 1483.23
v 45.1489 -119.357 1483.45
v 45.2802 -119.322 1483.37
v 45.3803 -119.073 1482.3
v 45.1623 -118.918 1482.66
v 45.3964 -118.967 1483.25
v 45.3795 -118.911 1483.11
v 45.2052 -118.829 1483.88
v 45.6021 -127.672 1467.93
v 45.5919 -127.464 1467.94
v 45.6084 -127.334 1468.53
v 45.5669 -126.838 1468.31
v 45.6078 -127.066 1468.17
v 45.7446 -127.022 1468.42
v 45.7416 -126.769 1468.51
v 45.7356 -127.021 1468.71
v 45.8233 -126.737 1468.82
v 45.6183 -126.351 1468.73
v 45.7106 -126.372 1468.75
v 45.5582 -126.097 1468.97
v 45.7698 -125.894 1469.17
v 45.8252 -126.196 1468.98
v 45.9111 -126.056 1469.21
v 45.6135 -126.175 1469.66
v 45.8489 -126.039 1469.76
v 45.9457 -125.583 1469.58
v 45.5593 -125.733 1470
v 45.7144 -125.394 1469.65
v 45.6209 -125.208 1470.54
v 45.7149 -125.292 1470.56
v 45.9012 -125.158 1470.75
v 45.6441 -124.864 1470.33
v 45.7181 -124.884 1470.22
v 45.9155 -125.001 1470.08
v 45.6606 -124.627 1471.14
v 45.922 -124.56 1471.47
v 45.9094 -124.556 1470.55
v 45.6504 -124.488 1470.87
v 45.867 -124.182 1471.01
v 45.6624 -124.334 1471.4
v 45.6602 -124.215 1471.35
v 45.7668 -124.152 1471.85
v 45.8498 -124.384 1471.67
v 45.7633 -124.16 1471.12
v 45.7742 -123.759 1471.71
v 45.8685 -123.728 1471.63
v 45.8714 -123.988 1472.19
v 45.7346 -123.533 1472.35
v 45.7554 -123.575 1472.51
v 45.8165 -123.622 1472.62
v 45.9173 -123.262 1473.32
v 45.7868 -123.237 1472.61
v 45.868 -123.055 1472.72
v 45.8192 -122.925 1473.63
v 45.831 -122.496 1474.4
v 45.8729 -122.619 1474.36
v 45.8905 -122.399 1474.86
v 45.8284 -122.342 1474.37
v 45.8912 -122.106 1475.53
v 45.9132 -121.977 1474.8
v 45.8218 -121.872 1475.66
v 45.8314 -121.786 1475.56
v 45.8353 -121.593 1476.7
v 45.7887 -121.439 1476.66
v 45.7883 -121.243 1476.9
v 45.8599 -121.156 1476.79
v 45.7221 -121.056 1477.97
v 45.8572 -121.219 1478.06
v 45.6965 -120.692 1478.32
v 45.6186 -120.497 1480.24
v 45.7743 -120.376 1478.76
v 45.5881 -120.189 1479.56
v 45.6401 -120.274 1481.03
v 45.9046 -120.17 1481
v 45.718 -120.088 1481.47
v 45.6706 -119.875 1480.1
v 45.9293 -119.733 1480.94
v 45.8939 -119.813 1481.47
v 45.8777 -119.681 1481.52
v 45.7559 -119.722 1481.99
v 45.616 -119.784 1482.19
v 45.8134 -119.627 1480.92
v 45.7713 -119.463 1481.79
v 45.5924 -119.22 1482.16
v 45.6299 -119.291 1482.5
v 45.5859 -119.486 1482.64
v 45.6364 -119.4 1482.54
v 45.9812 -125.809 1469.86
v 46.0166 -125.612 1469.71
v 46.1015 -125.265 1470.31
v 46.0813 -124.907 1470.33
v 46.1588 -124.839 1470.59
v 46.0546 -124.913 1470.96
v 46.1361 -124.866 1470.9
v 46.0649 -124.52 1470.67
v 46.0099 -124.209 1470.98
v 46.1843 -124.402 1470.97
v 46.2358 -124.285 1471.56
v 46.1656 -124.248 1471.78
v 45.9685 -123.793 1471.49
v 46.1093 -123.827 1471.49
v 46.2701 -123.959 1471.62
v 46.059 -124.001 1472.23
v 46.3062 -123.867 1471.99
v 46.0637 -123.46 1471.96
v 46.21 -123.735 1471.72
v 45.9693 -123.447 1471.98
v 46.2598 -123.372 1472.25
v 46.2989 -123.483 1472.19
v 45.9656 -123.5 1472.98
v 46.0654 -123.584 1472.88
v 46.1643 -123.621 1472.78
v 46.326 -123.463 1472.8
v 46.068 -123.243 1473.46
v 46.1651 -123.291 1472.25
v 45.9683 -123.046 1472.61
v 46.0656 -123.183 1472.37
v 46.0692 -122.953 1472.73
v 46.1619 -123.017 1472.65
v 46.2628 -122.968 1472.83
v 46.3406 -123.062 1472.84
v 46.2583 -123.132 1473.58
v 46.0157 -122.81 1474.24
v 46.1653 -122.849 1474.2
v 46.1656 -122.706 1473.17
v 45.9674 -122.443 1473.72
v 46.0657 -122.462 1473.6
v 46.265 -122.776 1474.29
v 45.9656 -122.407 1475.01
v 46.1124 -122.494 1474.95
v 46.2592 -122.489 1474.91
v 46.2688 -122.366 1473.85
v 46.1693 -122.143 1474.22
v 46.3113 -122.087 1474.44
v 46.0176 -122.104 1475.79
v 46.1651 -121.991 1476.13
v 46.3083 -122.009 1475.97
v 46.0642 -121.914 1474.71
v 46.1632 -121.792 1474.95
v 46.2578 -121.727 1475.15
v 45.9605 -121.631 1476.97
v 46.0632 -121.666 1476.97
v 46.1505 -121.583 1477.19
v 46.1179 -121.385 1475.9
v 46.0062 -121.223 1476.36
v 46.2119 -121.161 1476.5
v 46.3064 -121.098 1476.82
v 45.9542 -121.115 1478.53
v 46.2137 -121.193 1478.15
v 46.0489 -120.867 1477.24
v 46.3005 -120.969 1478.42
v 46.304 -120.63 1478.77
v 46.2729 -120.671 1479.05
v 46.0054 -120.688 1479.7
v 46.1138 -120.695 1479.52
v 46.0648 -120.507 1478.25
v 46.1628 -120.448 1478.56
v 46.2624 -120.57 1478.44
v 46.1469 -120.241 1479.33
v 46.2464 -120.441 1478.99
v 46.1628 -120.289 1479.97
v 46.1331 -120.14 1480.01
v 46.095 -120.365 1480.19
v 45.9487 -120.041 1479.62
v 46.0358 -119.988 1480.74
v 46.375 -123.147 1472.88
v 46.3848 -122.534 1473.77
v 46.4282 -122.623 1474.15
v 46.3572 -122.624 1474.46
v 46.3986 -122.209 1474.39
v 46.445 -122.329 1474.4
v 46.3602 -121.664 1475.45
v 46.4387 -121.922 1475.13
v 46.4631 -121.768 1475.78
v 46.3727 -121.73 1476.49
v 46.4352 -121.56 1476.58
v 46.4416 -121.394 1476.59
v 46.4127 -121.385 1476.35
v 46.3709 -120.95 1477.58
v 46.3714 -120.988 1478.01
v 28.5726 -153.584 1463.41
v 28.5838 -153.463 1463.43
v 28.5158 -153.625 1463.59
v 28.5689 -153.621 1463.65
v 28.6602 -153.677 1463.59
v 28.6602 -153.677 1463.59
v 29.2687 -141.058 1456.88
v 29.1742 -141.054 1456.97
v 29.1743 -141.054 1457.03
v 29.198 -140.966 1456.92
v 29.2297 -141.099 1457.07
v 29.2678 -141.145 1456.98
v 29.2672 -141.143 1457.03
v 29.2699 -140.957 1456.87
v 29.2079 -140.909 1456.97
v 29.7659 -151.401 1464.17
v 31.5722 -140.054 1457.98
v 33.1168 -139.405 1458.74
v 34.5955 -141.715 1465.62
v 34.6173 -141.669 1465.77
v 40.8553 -135.007 1466.12
v 41.5995 -134.306 1466.59
v 42.299 -133.491 1466.65
v 42.481 -133.758 1463.49
v 42.4243 -133.727 1463.71
v 43.3543 -131.935 1466.73
v 43.7854 -131.029 1466.61
v 43.963 -130.799 1466.5
v 44.2935 -130.064 1466.77
v 44.4655 -130.048 1466.46
v 44.4655 -130.048 1466.46
v 44.4655 -130.048 1466.46
v 44.4655 -130.048 1466.46
v 44.4651 -130.045 1466.41
v 44.4651 -130.045 1466.41
v 44.5155 -130.12 1466.41
v 44.5155 -130.12 1466.41
v 44.5155 -130.12 1466.41
v 44.5155 -130.149 1466.44
v 44.5155 -130.149 1466.44
v 44.623 -130.147 1466.47
v 44.623 -130.147 1466.47
v 44.623 -130.147 1466.47
v 44.623 -130.147 1466.47
v 44.6655 -130.153 1466.42
v 44.7155 -130.079 1466.46
v 44.465 -129.907 1466.46
v 44.465 -129.907 1466.46
v 44.5949 -129.316 1466.76
v 44.9451 -129.371 1467
v 45.0107 -119.471 1482.11
v 45.3823 -120.027 1480.47
v 45.6186 -120.497 1480.24
vn -0.853437 0.387883 -0.348126
vn -0.753527 -0.560529 -0.343517
vn -0.775338 -0.0837224 -0.625973
vn -0.311839 -0.92913 -0.198679
vn -0.436323 -0.605843 -0.665264
vn -0.211923 -0.158674 -0.964319
vn -0.64271 0.404482 -0.650629
vn -0.0582821 -0.830599 -0.553812
vn 0.318601 -0.924572 -0.208948
vn -0.0369234 -0.546111 -0.836898
vn 0.369236 -0.670889 -0.643095
vn 0.22857 -0.209303 -0.950762
vn 0.0054405 0.221648 -0.975111
vn 0.727715 -0.629303 -0.272779
vn 0.604581 -0.371118 -0.704808
vn 0.498866 -0.0967959 -0.861257
vn -0.702779 -0.629682 0.331062
vn -0.995274 -0.084966 0.0470154
vn -0.733684 0.0988768 0.672258
vn -0.897364 0.394937 0.196883
vn -0.723143 -0.689666 0.0377463
vn -0.325932 -0.859473 0.393796
vn -0.591924 -0.0820062 0.801811
vn -0.179346 -0.2289 0.956786
vn -0.0768772 -0.996282 0.0388979
vn 0.193399 -0.638981 0.744513
vn 0.632587 -0.724028 0.274988
vn 0.226958 -0.458384 0.859287
vn 0.537989 -0.572575 0.618648
vn -0.481011 0.515265 -0.709317
vn 0.792639 -0.400134 -0.460018
vn 0.799929 -0.58766 0.121529
vn -0.783852 0.571246 -0.243419
vn -0.827635 0.409376 0.383967
vn 0.239772 -0.420705 0.874938
vn 0.64903 -0.575481 0.497576
vn 0.747545 -0.302167 -0.591499
vn 0.846097 -0.52967 -0.0597499
vn 0.493912 -0.510442 0.703918
vn 0.769058 -0.558421 0.31099
vn -0.275722 0.402348 -0.87298
vn -0.74391 0.542682 -0.389991
vn -0.151468 -0.181819 0.971596
vn -0.55817 0.10065 0.823599
vn -0.867017 0.491913 0.079397
vn -0.777738 0.297462 0.553751
vn 0.864226 -0.458617 -0.206841
vn -0.474101 -0.324106 -0.818648
vn 0.275848 0.168422 -0.946331
vn -0.698488 -0.397449 -0.595103
vn -0.802204 -0.572895 -0.168106
vn -0.776199 -0.621878 0.103838
vn -0.679609 0.0245652 0.733163
vn -0.823577 0.075054 -0.562217
vn -0.944003 0.297916 0.141787
vn -0.671982 -0.73307 -0.10511
vn -0.673304 -0.708498 0.211403
vn -0.323366 -0.771324 -0.548172
vn -0.369683 -0.896697 -0.243452
vn -0.567039 -0.815373 0.116765
vn -0.350843 -0.454605 0.818684
vn -0.54263 -0.0180698 -0.839777
vn 0.131605 -0.957282 -0.257471
vn 0.127649 -0.974451 0.184801
vn -0.0555302 -0.816135 0.575187
vn 0.144712 -0.67264 -0.725681
vn -0.414865 -0.179098 0.892082
vn 0.432292 -0.740674 -0.51432
vn 0.406074 -0.901841 -0.147602
vn 0.414825 -0.30938 -0.855689
vn -0.532345 0.831801 -0.157213
vn -0.602736 0.680095 0.417348
vn -0.256848 0.773535 -0.579373
vn -0.330273 0.926455 -0.180556
vn 0.0927275 0.594936 -0.798406
vn 0.243249 -0.382092 0.891535
vn 0.842181 -0.5164 0.155121
vn 0.374111 0.0304709 -0.926883
vn 0.630818 -0.514521 0.580807
vn 0.748597 -0.262535 -0.608833
vn -0.812873 0.499627 -0.299349
vn -0.506006 0.449707 -0.736017
vn -0.871178 0.48708 -0.0616646
vn -0.514702 0.0607715 0.855213
vn -0.540534 0.25881 0.800525
vn -0.448455 0.8763 0.176029
vn 0.882522 -0.405732 -0.237772
vn 0.425555 -0.424991 0.798928
vn 0.0483232 0.213051 -0.975845
vn -0.0170367 -0.226125 0.973949
vn 0.783179 -0.492915 0.379031
vn -0.692341 0.456231 -0.559032
vn -0.911817 0.393497 0.117264
vn 0.264117 -0.939633 0.217561
vn -0.144652 -0.62704 0.765439
vn 0.527374 -0.689036 -0.497098
vn -0.41919 -0.0875838 0.903664
vn -0.00579813 0.784939 -0.619546
vn -0.536146 0.540071 0.648745
vn 0.453762 -0.401143 0.795729
vn -0.646531 0.138217 0.750262
vn -0.0822478 0.242312 -0.966706
vn -0.816083 0.43318 -0.382574
vn -0.504489 0.374171 -0.77813
vn 0.909451 -0.396151 -0.126344
vn 0.609482 -0.11971 -0.78371
vn 0.251208 -0.31435 0.915466
vn 0.461918 -0.0754866 -0.883704
vn 0.275901 0.399706 -0.874136
vn 0.741565 -0.448489 0.498937
vn 0.597531 -0.400319 0.694768
vn -0.917363 0.346797 0.19539
vn -0.216425 -0.102186 0.970937
vn 0.232714 -0.279109 0.931634
vn 0.423207 -0.0172414 -0.905869
vn -0.477661 0.345217 -0.807877
vn -0.249731 -0.435507 0.864851
vn 0.832427 -0.26633 -0.485935
vn -0.141663 0.231516 -0.962461
vn 0.895568 -0.408458 0.176408
vn -0.333117 -0.0277412 0.942477
vn 0.0666496 -0.197065 0.978122
vn 0.54236 -0.351634 0.763019
vn -0.769506 0.401496 -0.49665
vn -0.718543 0.179636 0.671884
vn -0.925527 0.377873 -0.0247172
vn 0.0322084 -0.819051 0.572816
vn -0.191383 0.919067 -0.344512
vn -0.402207 0.90687 0.125759
vn -0.36744 0.288838 -0.884059
vn 0.0513441 0.137558 -0.989162
vn 0.442637 -0.0412216 -0.895753
vn 0.501973 -0.59268 -0.629884
vn 0.364362 0.157346 -0.917869
vn -0.447226 0.102822 0.888491
vn 0.760493 -0.212138 -0.613716
vn -0.33586 0.263131 -0.904412
vn -0.796833 0.242302 0.553486
vn -0.451775 0.0480089 0.890839
vn 0.437892 -0.108683 -0.892434
vn -0.50747 0.618778 0.599657
vn 0.346987 -0.937797 -0.0116871
vn 0.100531 0.0958053 -0.99031
vn -0.0037861 -0.144168 0.989546
vn 0.654914 -0.173241 -0.735578
vn 0.906653 -0.338735 -0.251475
vn -0.911979 0.35692 0.202243
vn -0.757153 0.253182 0.602178
vn -0.86234 0.412893 -0.29307
vn -0.182117 -0.52539 0.831143
vn -0.088154 0.163072 -0.982668
vn 0.849898 -0.417986 0.320874
vn -0.47631 0.0940115 0.874237
vn 0.38531 -0.0597458 -0.920851
vn -0.48156 0.318127 -0.816636
vn -0.889567 0.38654 0.243428
vn -0.148103 -0.0541039 0.987491
vn 0.102955 0.622242 -0.776025
vn 0.829742 -0.319256 -0.457824
vn 0.0342559 0.0965097 -0.994742
vn 0.367871 -0.28691 0.884507
vn -0.883146 0.45182 -0.126147
vn -0.702988 0.263604 0.660546
vn 0.758318 -0.442969 0.47826
vn -0.728368 0.420871 -0.540692
vn -0.49728 0.15603 0.853444
vn 0.600399 -0.216789 -0.769756
vn 0.885003 -0.424905 -0.19033
vn -0.839563 0.411394 0.354809
vn -0.802652 0.483391 -0.349404
vn -0.475519 0.349385 -0.807349
vn 0.768594 -0.383935 -0.511719
vn 0.355558 -0.101031 -0.929178
vn 0.469669 -0.331273 -0.818333
vn 0.307704 0.230905 -0.923039
vn 0.463876 -0.776222 -0.426963
vn -0.359063 -0.120773 0.925466
vn 0.135143 -0.89046 0.434532
vn 0.842459 -0.504759 0.188366
vn -0.542905 0.223981 0.809374
vn -0.0656925 -0.0766953 0.994888
vn 0.501954 -0.375464 0.779146
vn -0.852455 0.519851 -0.0554554
vn -0.192298 0.222205 -0.955849
vn -0.786866 0.427923 0.444661
vn -0.638208 0.475211 -0.605694
vn -0.658933 0.369523 0.65518
vn -0.828889 0.543118 0.134034
vn -0.870874 -0.478627 0.111778
vn -0.962857 -0.269053 0.022722
vn -0.947866 -0.142696 -0.284935
vn -0.848649 -0.2571 0.46227
vn -0.879173 0.0860186 -0.468674
vn -0.973007 -0.0136995 0.230368
vn -0.991155 0.129068 -0.0308587
vn -0.839701 0.103691 0.533057
vn -0.947526 0.159673 -0.276945
vn -0.887523 0.335246 0.316091
vn -0.849232 0.510012 -0.136722
vn -0.835616 0.538569 0.108114
vn 0.482624 -0.231877 -0.844575
vn 0.835099 -0.549688 0.0212915
vn 0.304748 -0.304638 0.902399
vn 0.587411 -0.460928 0.665202
vn -0.389803 0.173381 0.90443
vn -0.078344 0.15253 -0.985189
vn -0.772074 0.589119 -0.238412
vn -0.857931 -0.502403 -0.107453
vn -0.79778 -0.592813 0.110092
vn -0.858814 -0.449272 -0.246159
vn -0.638964 -0.677065 0.365114
vn -0.892751 -0.351346 -0.282048
vn -0.815104 -0.0917152 -0.572008
vn -0.717705 -0.604415 0.345806
vn -0.680265 -0.494154 0.541342
vn -0.564783 -0.239865 0.789611
vn -0.330652 -0.437232 0.836359
vn -0.44918 -0.624628 0.638809
vn -0.129104 -0.507665 0.851827
vn 0.0328259 -0.261598 0.964619
vn -0.195798 -0.158155 0.967807
vn 0.101967 0.0164488 0.994652
vn -0.760804 0.250397 -0.598731
vn -0.593348 0.467426 -0.655325
vn -0.624075 0.625058 -0.468864
vn -0.384861 0.756614 -0.5286
vn -0.306292 0.909268 -0.281811
vn -0.613061 0.219086 -0.759051
vn -0.334796 0.616767 -0.712398
vn -0.630479 0.0832785 0.771726
vn -0.647031 0.394311 0.652588
vn -0.816917 0.423084 -0.391976
vn -0.668961 0.621099 0.408323
vn -0.44151 0.637248 0.631652
vn -0.61038 0.764747 -0.206394
vn -0.52805 0.823046 0.209184
vn -0.291379 0.362769 0.885153
vn -0.256348 0.797554 0.546071
vn -0.163342 0.619459 0.767848
vn -0.00229596 0.765146 0.643852
vn -0.25779 0.965635 0.0330751
vn -0.126471 0.917201 0.377818
vn 0.123898 0.530491 0.838587
vn 0.19034 0.801345 0.567113
vn 0.117629 0.951344 0.284793
vn 0.0357961 0.999054 -0.0246893
vn 0.277762 0.314775 0.907615
vn -0.363734 0.0470548 0.930314
vn -0.0145966 0.177689 0.983979
vn -0.44068 0.41567 -0.795625
vn 0.620053 -0.414752 -0.665969
vn 0.757936 -0.613199 0.222532
vn 0.483028 -0.458417 0.746015
vn 0.251011 -0.101581 -0.962639
vn -0.71394 0.478448 0.51125
vn -0.00579977 -0.103476 0.994615
vn -0.780573 0.621304 0.0684655
vn -0.0916299 -0.635601 0.76656
vn -0.293823 0.936124 -0.193237
vn -0.806715 -0.585473 -0.0802047
vn -0.76773 -0.634234 0.0913111
vn -0.474427 -0.730652 0.490985
vn -0.118656 -0.647422 0.752838
vn -0.833301 -0.238303 -0.49882
vn -0.382166 -0.684602 0.6207
vn 0.0516398 -0.493032 0.868477
vn -0.145968 -0.60223 0.784864
vn 0.270855 -0.369033 0.889074
vn 0.214388 -0.295774 0.93089
vn 0.307428 0.0239883 0.951269
vn 0.467919 -0.00723637 0.883742
vn 0.446034 -0.195 0.873515
vn 0.651138 0.212783 0.728521
vn 0.624778 -0.0301114 0.780222
vn -0.302306 0.436439 -0.847427
vn 0.147541 0.698333 -0.700401
vn -0.0352618 0.924155 -0.380387
vn 0.26409 0.96344 -0.0451741
vn 0.0587722 0.794919 -0.603862
vn 0.266931 0.921545 -0.281961
vn 0.455885 0.889549 -0.0295177
vn 0.4503 0.847798 -0.280121
vn 0.620547 0.770015 0.148315
vn 0.402586 0.597431 0.693542
vn 0.420299 0.784853 0.455361
vn 0.29851 0.932604 0.202834
vn 0.495274 0.317418 0.808671
vn 0.47537 0.854661 0.208751
vn 0.621774 0.501238 0.601795
vn 0.585673 0.708509 0.393703
vn 0.719777 0.545207 0.429733
vn 0.791753 -0.587373 -0.16769
vn 0.703007 -0.625375 0.338655
vn 0.364123 -0.415107 0.833727
vn 0.764927 -0.64297 -0.0384225
vn 0.0252572 0.0707441 -0.997175
vn -0.417681 0.242245 0.875705
vn -0.646161 0.600464 -0.471083
vn -0.652576 0.501989 0.567584
vn -0.748625 0.659662 0.0663812
vn 0.396334 -0.910667 -0.116638
vn 0.493547 -0.529368 -0.690058
vn -0.692616 -0.711165 0.120531
vn -0.850983 -0.358962 -0.383372
vn -0.60549 -0.740172 0.29245
vn -0.240707 -0.738538 0.629779
vn 0.129274 -0.572276 0.809808
vn -0.475578 0.323869 -0.817884
vn -0.651419 0.0915251 -0.753178
vn 0.146675 -0.497005 0.855261
vn 0.431583 -0.308168 0.847802
vn -0.372849 0.355392 -0.857135
vn -0.058278 0.558586 -0.827397
vn 0.674097 -0.0426212 0.737412
vn 0.29978 0.683459 -0.665594
vn 0.792673 0.265807 0.548649
vn 0.508202 0.744506 -0.432945
vn 0.792589 0.544966 0.273523
vn 0.664189 0.745008 -0.0617754
vn 0.765602 0.641711 -0.0453915
vn 0.738582 -0.577558 -0.34774
vn 0.652108 -0.630838 0.420474
vn 0.744069 -0.653958 -0.136752
vn 0.521726 -0.384624 -0.76149
vn -0.313455 0.368396 -0.875232
vn -0.365516 0.247983 0.897164
vn -0.682868 0.605561 0.408641
vn 0.1163 -0.848946 0.515524
vn 0.385238 0.00406766 -0.922808
vn 0.1284 0.54841 -0.826293
vn -0.415222 0.0694994 0.907062
vn -0.505773 0.585532 0.633519
vn -0.779586 -0.0740638 -0.621901
vn -0.381528 -0.790991 0.478298
vn 0.0570422 -0.667556 0.742371
vn -0.629181 0.189554 -0.753791
vn 0.348083 -0.453363 0.820548
vn 0.220532 0.716348 -0.661975
vn 0.57703 -0.211732 0.7888
vn -0.101417 0.596039 -0.796525
vn 0.618652 0.721785 -0.310315
vn 0.834079 0.519434 0.185743
vn 0.709961 -0.702826 0.0446131
vn -0.037589 0.131389 -0.990618
vn 0.35728 -0.431108 0.828551
vn 0.589636 -0.630595 0.504657
vn -0.690983 0.691037 -0.212154
vn -0.50843 0.558245 -0.655638
vn -0.567035 0.504361 0.651223
vn -0.230538 -0.380892 0.895418
vn -0.494073 0.299918 0.816052
vn 0.471946 -0.374772 0.798006
vn -0.316237 0.49968 -0.806421
vn 0.311772 -0.23015 -0.921862
vn 0.632634 -0.590237 -0.501393
vn -0.69536 0.708647 0.119557
vn 0.0636874 -0.162316 0.984681
vn 0.450401 -0.869382 -0.20326
vn -0.311078 0.922302 -0.229324
vn 0.507984 -0.672635 -0.538066
vn 0.473373 -0.268273 -0.839016
vn -0.494713 0.811226 0.311724
vn -0.827698 -0.534323 -0.171506
vn -0.842149 -0.234862 -0.485413
vn -0.766057 -0.0160186 -0.642573
vn 0.751723 0.0279652 0.658886
vn 0.0514993 0.7154 -0.696814
vn 0.350176 0.784508 -0.511784
vn 0.677236 0.720071 -0.151162
vn 0.448629 -0.55421 0.701129
vn 0.678572 -0.729072 -0.0894103
vn -0.260581 0.360246 -0.895723
vn -0.574107 0.656484 -0.489316
vn 0.314096 -0.933488 0.173044
vn -0.64455 -0.738591 0.197581
vn -0.346878 -0.785118 0.513093
vn 0.840681 0.270017 0.469411
vn 0.735859 -0.0336186 0.676299
vn -0.340246 0.274208 0.899468
vn -0.600559 0.600848 0.527552
vn -0.655512 0.733123 -0.181203
vn 0.399203 -0.916158 0.0359335
vn 0.210951 -0.879455 0.426683
vn 0.505758 -0.801422 -0.319266
vn 0.533628 -0.52169 -0.665643
vn -0.0306693 -0.660445 0.750248
vn 0.272401 0.27609 -0.921722
vn -0.0263694 0.725566 -0.687647
vn 0.0199005 -0.688903 0.72458
vn -0.410849 0.431889 -0.802917
vn -0.127071 0.629072 -0.766891
vn 0.185639 0.751573 -0.63299
vn 0.40936 0.781711 -0.470482
vn 0.769653 0.638412 -0.00805576
vn 0.612921 0.749465 -0.250259
vn 0.472519 -0.448665 -0.758569
vn 0.0478883 0.0372645 -0.998157
vn -0.40211 0.908523 -0.11355
vn -0.800662 -0.0828144 -0.593365
vn -0.579121 -0.765684 0.279904
vn -0.0899409 -0.735783 0.671219
vn 0.834688 0.190653 0.516669
vn 0.857036 0.419393 0.29933
vn 0.454085 -0.109157 -0.884246
vn 0.421109 -0.904591 0.0661951
vn 0.545755 -0.741128 -0.390999
vn 0.563563 -0.469806 -0.67947
vn -0.0802974 0.739241 -0.668637
vn -0.561412 0.680978 0.470198
vn -0.502811 0.201438 0.840597
vn -0.766842 -0.641664 -0.0148243
vn -0.855354 -0.410024 -0.316623
vn -0.357055 -0.799119 0.483653
vn -0.590213 0.261892 -0.763584
vn -0.247291 0.562894 -0.788668
vn 0.853991 0.27495 0.441703
vn 0.0823496 0.721514 -0.687485
vn 0.187386 -0.834148 0.518732
vn -0.340903 0.880373 -0.32974
vn -0.552574 0.813294 0.182249
vn -0.127017 -0.784911 0.60645
vn 0.203597 -0.602887 0.771411
vn 0.525368 0.772302 -0.357124
vn 0.689876 0.716733 -0.101806
vn 0.809503 0.578763 0.0986862
vn 0.558204 -0.791304 -0.249491
vn 0.384553 -0.887513 0.25385
vn -0.27479 -0.302218 0.912773
vn 0.139652 -0.245058 0.959398
vn -0.589897 0.42786 0.684804
vn -0.455276 0.00815992 0.890313
vn -0.389863 0.497799 -0.774728
vn -0.802848 -0.575037 -0.157376
vn -0.717369 0.110057 -0.687946
vn -0.845836 -0.261066 -0.465194
vn -0.57515 -0.784934 0.230394
vn 0.10007 0.766252 -0.6347
vn 0.747438 -0.0410592 0.663062
vn 0.525761 -0.349194 0.775653
vn 0.459309 0.801462 -0.383006
vn 0.814242 0.562051 0.145292
vn 0.0758578 -0.715927 0.694042
vn 0.614987 -0.576014 -0.538515
vn 0.60768 -0.710385 0.355075
vn -0.533898 0.845488 -0.0101172
vn -0.200965 0.78374 -0.587678
vn -0.652961 -0.752151 0.0889394
vn -0.403661 -0.835598 0.372604
vn 0.222116 -0.626918 0.746752
vn -0.390347 0.499134 -0.773624
vn 0.515249 -0.167008 -0.840611
vn 0.563285 -0.822825 -0.0752932
vn 0.390536 -0.857552 0.334793
vn 0.247508 0.334831 -0.909191
vn -0.639117 0.578137 0.507234
vn -0.557258 0.184372 0.809611
vn -0.333195 -0.235081 0.913082
vn -0.461005 0.429708 0.776418
vn -0.794073 -0.0351407 -0.606806
vn 0.103126 -0.723631 0.682439
vn 0.400081 -0.511167 0.760686
vn 0.624935 -0.265035 0.734311
vn -0.275259 0.616464 -0.737702
vn 0.128912 0.807033 -0.576263
vn 0.796034 0.0547085 0.602775
vn 0.661255 0.742128 -0.109484
vn 0.422352 0.820033 -0.386219
vn 0.853727 0.370494 0.365902
vn 0.812532 0.556246 0.174303
vn 0.622649 -0.390945 -0.677843
vn 0.508754 -0.0609435 -0.858752
vn 0.177494 -0.750142 0.637011
vn -0.0507235 -0.568674 0.820998
vn 0.656334 -0.651753 -0.380058
vn 0.551558 -0.557945 -0.620066
vn 0.346026 -0.302646 -0.888072
vn 0.656687 -0.698981 -0.283175
vn -0.543579 0.828925 -0.131928
vn 0.0567317 0.547575 -0.834831
vn -0.251722 0.770084 -0.586179
vn -0.681087 0.514076 0.521389
vn -0.649796 0.712339 -0.265213
vn -0.659507 0.672805 0.335236
vn -0.619589 0.285209 -0.731277
vn -0.12293 -0.809961 0.573456
vn 0.695605 -0.611222 -0.377547
vn 0.657681 -0.376502 -0.652459
vn 0.403576 -0.827102 0.391189
vn -0.523197 0.0142157 0.852093
vn 0.595022 -0.803659 0.00898529
vn 0.642781 -0.643708 -0.415298
vn 0.678986 -0.732647 0.0469672
vn 0.544574 -0.631632 0.551797
vn -0.703594 0.380597 0.600084
vn -0.694929 0.702069 0.155475
vn -0.25957 0.179605 0.948876
vn 0.326419 -0.423302 0.845142
vn 0.428875 0.833769 -0.3477
vn -0.170483 -0.440806 0.881264
vn 0.298948 0.289064 -0.909435
vn -0.448065 0.807268 -0.384131
vn -0.104114 0.657301 -0.746402
vn 0.554459 -0.0769959 -0.828642
vn 0.706922 -0.669247 -0.228844
vn 0.554017 -0.80333 0.218464
vn 0.223214 -0.727615 0.648654
vn 0.495197 -0.445258 -0.746006
vn -0.658505 0.176259 0.731645
vn -0.577534 0.634069 -0.514209
vn 0.166891 -0.0847878 -0.982323
vn -0.631089 0.572789 0.523106
vn 0.8486 0.389863 0.35761
vn 0.651224 0.752284 -0.0998746
vn 0.790193 0.597154 0.137848
vn 0.693348 -0.355234 -0.626959
vn -0.37108 -0.234415 0.898526
vn 0.723626 -0.677208 -0.133244
vn 0.517293 0.0465696 -0.85454
vn -0.760911 0.586725 0.277069
vn 0.738451 -0.413859 -0.532363
vn 0.474458 -0.526174 0.705713
vn 0.683622 -0.652462 -0.327038
vn 0.674761 -0.698703 0.237723
vn 0.0280223 0.536986 -0.843126
vn -0.50105 0.77442 -0.386294
vn -0.706173 0.690919 -0.154762
vn -0.751383 0.0678096 -0.656373
vn 0.571538 -0.776078 0.266545
vn -0.0602241 -0.528519 0.846782
vn 0.361612 -0.738519 0.569058
vn 0.703016 -0.199033 -0.682755
vn -0.485804 -0.14693 0.86163
vn 0.728968 -0.683341 -0.0406278
vn 0.661137 -0.643228 0.386206
vn -0.779985 0.342714 0.523613
vn -0.700492 0.700993 -0.133863
vn 0.518919 -0.422628 -0.74304
vn -0.490231 0.384391 0.782251
vn 0.0807337 -0.160087 0.983796
vn -0.551501 0.51492 -0.656281
vn -0.758472 0.651684 0.00528604
vn -0.614721 0.500977 0.609213
vn 0.740423 -0.669908 -0.0547421
vn 0.789422 -0.498239 -0.358568
vn 0.625885 -0.739713 0.247168
vn -0.331392 0.70515 -0.626851
vn 0.427383 0.197433 -0.882249
vn 0.77967 -0.624162 -0.050376
vn 0.237974 -0.665106 0.707815
vn 0.541941 -0.723991 0.426774
vn 0.705202 -0.604088 -0.371172
vn 0.750202 -0.660445 0.031786
vn 0.456586 -0.457632 0.762956
vn -0.127499 0.021381 0.991608
vn -0.436146 0.492669 -0.75303
vn -0.088887 0.732657 -0.674768
vn -0.301041 -0.355753 0.884768
vn 0.806907 -0.332239 -0.488383
vn -0.624367 0.68873 -0.368532
vn 0.062243 0.504334 -0.861263
vn 0.654009 -0.0451298 -0.755139
vn 0.459058 0.205892 -0.864219
vn -0.664535 -0.00169671 0.747255
vn 0.628031 -0.473354 -0.617668
vn 0.763907 -0.614548 -0.19692
vn 0.674791 -0.611253 0.413554
vn -0.845607 0.359955 0.394186
vn -0.0681909 0.133395 -0.988714
vn 0.342934 -0.212121 -0.915096
vn 0.758441 -0.62922 0.169851
vn -0.725915 0.575927 -0.375972
vn -0.503272 0.432067 -0.748355
vn -0.766675 0.561844 0.31071
vn -0.825391 -0.514021 -0.233478
vn 0.30284 0.839823 -0.45054
vn 0.570877 0.796815 -0.19795
vn 0.736404 -0.659902 0.149127
vn 0.669076 -0.00250999 -0.74319
vn 0.838415 -0.512271 -0.186114
vn 0.380931 0.301168 -0.874179
vn 0.837627 -0.544862 -0.0388172
vn 0.679385 -0.663733 0.312882
vn 0.848319 -0.323712 -0.419006
vn -0.397098 -0.306676 0.865022
vn 0.387707 -0.67796 0.624543
vn 0.00449872 -0.550356 0.834918
vn 0.740979 -0.541672 -0.396915
vn 0.677742 -0.559801 0.476748
vn 0.796179 -0.603577 0.0423613
vn -0.689432 -0.0438451 0.723022
vn -0.212832 0.225729 -0.950657
vn 0.185414 -0.215711 0.958692
vn 0.51464 -0.436565 0.737941
vn -0.876263 0.270752 0.398569
vn -0.831004 0.528094 0.174785
vn -0.225301 -0.843979 0.486764
vn -0.836358 -0.150625 -0.527083
vn -0.660198 0.256003 -0.706117
vn -0.28258 0.634233 -0.71965
vn 0.10232 0.814312 -0.571337
vn 0.361152 0.841918 -0.400928
vn 0.851208 0.392048 0.348918
vn 0.770485 0.631786 0.0848495
vn 0.768559 -0.0896437 -0.633468
vn 0.873529 -0.283142 -0.395952
vn 0.21382 -0.617035 0.75733
vn 0.534855 -0.663242 0.523489
vn 0.604289 0.142189 -0.783975
vn 0.868181 -0.494816 -0.0376589
vn 0.581155 -0.36787 -0.7259
vn 0.800692 -0.547554 -0.243055
vn -0.806039 0.566879 -0.170145
vn -0.343338 0.633546 -0.693353
vn 0.121125 0.48039 -0.868651
vn -0.916332 0.347361 0.199189
vn -0.82867 0.0868574 0.552957
vn -0.572098 -0.189466 0.798001
vn 0.0891394 0.00542853 -0.996004
vn -0.790607 0.456436 0.408175
vn -0.0310229 -0.0578783 0.997842
vn -0.448783 0.354328 -0.820393
vn -0.786128 0.531017 -0.316264
vn -0.802659 -0.584031 -0.121024
vn 0.0305334 -0.798606 0.601079
vn -0.844344 -0.0642892 -0.531931
vn -0.868453 -0.33866 -0.362075
vn -0.592573 -0.791112 0.151654
vn -0.43992 0.564177 -0.698695
vn -0.723863 0.235468 -0.648519
vn -0.0713737 0.783752 -0.616959
vn 0.260902 0.856712 -0.444944
vn 0.376615 -0.564621 0.734414
vn 0.787684 0.00953336 0.616006
vn 0.756184 -0.60168 0.257231
vn 0.87175 -0.18926 -0.451922
vn -0.289883 -0.412025 0.863831
vn 0.441707 -0.220284 -0.869695
vn 0.770292 -0.541515 0.336766
vn 0.80934 -0.506917 -0.296655
vn 0.678305 -0.383134 -0.626985
vn 0.363636 0.360469 -0.858971
vn -0.827866 0.0488878 0.558791
vn -0.669255 -0.14229 0.729281
vn 0.445677 -0.345631 0.825779
vn -0.736098 0.574497 -0.357929
vn -0.414353 0.626377 -0.660275
vn -0.92891 0.263948 0.259724
vn -0.782102 0.432659 0.448466
vn -0.891641 -0.287054 -0.350108
vn -0.264774 -0.875658 0.403879
vn 0.328985 -0.655964 0.679323
vn 0.113353 -0.805823 0.581207
vn -0.821129 0.122013 -0.557548
vn -0.575338 0.485731 -0.658067
vn -0.117043 0.807302 -0.578416
vn 0.551757 -0.473421 0.686612
vn 0.866392 0.399338 0.299825
vn 0.571289 0.79747 -0.194091
vn 0.644007 -0.310924 0.698986
vn 0.800752 -0.0425811 0.597481
vn 0.858311 0.197619 0.473548
vn 0.608453 -0.629205 0.483618
vn 0.893063 -0.449812 -0.0104187
vn 0.853141 -0.51347 0.0921881
vn 0.696793 0.115196 -0.707961
vn 0.904616 -0.186354 -0.383331
vn 0.788272 -0.547535 0.280772
vn 0.821764 -0.440617 -0.361331
vn -0.0292332 0.557425 -0.829712
vn 0.407643 0.367029 -0.836132
vn -0.673739 -0.184464 0.715576
vn -0.0534897 -0.546822 0.835538
vn 0.443638 -0.628075 0.639302
vn 0.611844 -0.282463 -0.738825
vn 0.333622 -0.119327 -0.935124
vn 0.703125 -0.425658 0.569588
vn -0.941609 0.331639 0.0582067
vn -0.469421 0.614881 -0.633692
vn -0.814549 0.481024 -0.324231
vn 0.222458 -0.196199 0.954997
vn -0.774673 0.537045 -0.333862
vn -0.917887 0.389409 -0.0764534
vn -0.868949 0.177568 -0.461949
vn -0.931213 -0.123662 -0.342857
vn -0.87887 -0.424132 -0.218402
vn -0.908126 -0.108416 -0.404418
vn -0.830239 0.212138 -0.515462
vn -0.713314 -0.700648 0.0165718
vn -0.528307 -0.828361 0.186305
vn -0.0825624 -0.890403 0.447623
vn 0.226722 -0.78318 0.578988
vn -0.538799 0.58857 -0.602728
vn -0.115104 0.844756 -0.522626
vn 0.441044 -0.621884 0.647101
vn 0.685923 -0.37908 0.621135
vn 0.345264 0.871211 -0.348976
vn 0.639083 0.761779 -0.10614
vn 0.81596 0.564945 0.122664
vn 0.898557 0.260326 0.353308
vn 0.774768 -0.180456 0.605945
vn 0.870335 0.0928273 0.483631
vn 0.859861 -0.0303658 -0.509625
vn 0.891677 -0.452632 -0.00597572
vn 0.645325 0.226646 -0.729512
vn 0.94095 -0.309304 -0.137637
vn 0.807628 -0.517724 0.282311
vn 0.817038 -0.377199 -0.436085
vn 0.863843 -0.434835 0.254351
vn -0.126879 0.591049 -0.796594
vn -0.83432 -0.0895869 0.543952
vn -0.169168 0.151197 -0.973921
vn -0.681527 -0.304707 0.665338
vn -0.452114 -0.411345 0.791447
vn 0.0854577 0.0209874 -0.996121
vn 0.446618 -0.165971 -0.879196
vn 0.214966 -0.637553 0.739808
vn 0.341164 -0.643404 0.685301
vn 0.758782 -0.475523 -0.445116
vn -0.31724 0.0725839 0.945564
vn 0.781169 -0.38887 0.488421
vn 0.212116 0.496408 -0.841775
vn -0.731586 0.285491 -0.619094
vn -0.93086 -0.0119705 0.36518
vn -0.880821 0.403697 -0.247352
vn -0.918252 0.275454 -0.284495
vn -0.971373 0.22364 0.0801182
vn -0.833303 0.476838 -0.279698
vn -0.928063 0.335189 -0.162319
vn -0.926219 0.370458 -0.0698461
vn -0.626168 -0.112137 0.771582
vn -0.966073 0.13409 0.220734
vn -0.260939 -0.911536 0.317825
vn -0.953839 -0.159175 -0.254666
vn -0.855829 0.2742 -0.438601
vn -0.610726 0.609122 -0.50595
vn -0.824079 -0.559118 -0.0910056
vn -0.707826 0.465763 -0.531081
vn -0.371675 0.756512 -0.538097
vn 0.331077 -0.760968 0.557957
vn 0.664682 -0.467801 0.582546
vn 0.499933 -0.61196 0.612839
vn -0.000936676 0.89384 -0.448386
vn 0.182335 0.895927 -0.405054
vn 0.499036 0.839186 -0.216168
vn 0.911553 0.300675 0.280474
vn 0.862383 -0.0769477 0.500374
vn 0.882263 -0.000611952 -0.470756
vn 0.952063 -0.294823 -0.0815829
vn 0.792835 -0.578762 0.190913
vn 0.87945 -0.419935 -0.224104
vn 0.616651 -0.333532 0.71309
vn 0.56497 0.331529 -0.755578
vn -0.0853843 -0.179376 0.980068
vn -0.143751 -0.483583 0.863414
vn 0.515878 -0.478541 0.710541
vn 0.612019 -0.414328 0.673621
vn 0.691295 -0.443955 0.570101
vn 0.534069 -0.547422 0.644282
vn 0.895684 -0.423643 0.13519
vn 0.700143 -0.542312 0.464433
vn 0.964771 -0.164189 -0.20557
vn 0.808592 0.160096 -0.56617
vn 0.559841 0.371957 -0.740423
vn -0.268925 0.619326 -0.737642
vn 0.239697 0.525492 -0.816335
vn -0.641186 0.569305 -0.51456
vn -0.287837 0.63695 -0.715154
vn -0.885872 -0.128396 0.445808
vn -0.344372 -0.522155 0.780232
vn -0.943711 0.317341 -0.0932932
vn -0.880836 -0.185456 0.435584
vn -0.427169 -0.878665 0.213245
vn -0.959788 -0.221017 -0.173084
vn -0.814779 -0.578523 -0.0380215
vn 0.507025 -0.698994 0.504314
vn -0.00655911 -0.910194 0.41413
vn -0.639517 0.627791 -0.44373
vn 0.794533 -0.383075 0.471138
vn 0.223464 -0.838684 0.496663
vn 0.57329 -0.610438 0.546538
vn -0.285408 0.83024 -0.478794
vn 0.0853254 0.921728 -0.378335
vn 0.395348 0.884078 -0.249212
vn 0.598743 0.78928 -0.136174
vn 0.322849 0.895295 -0.306945
vn 0.777201 0.628596 0.0287429
vn 0.914295 -0.0204895 0.404531
vn 0.910936 0.362416 0.197105
vn 0.798434 -0.310762 0.515684
vn 0.959255 -0.0728694 -0.272982
vn 0.436229 -0.627444 0.644995
vn 0.0873993 0.596094 -0.798144
vn 0.574555 0.400427 -0.713824
vn 0.0343384 -0.617372 0.785921
vn 0.935791 -0.338294 0.0992586
vn 0.86606 0.136991 -0.480804
vn 0.290244 0.561582 -0.774845
vn 0.0546416 -0.659832 0.749424
vn -0.578273 -0.460312 0.673582
vn -0.438805 0.638265 -0.632509
vn -0.0682073 0.653422 -0.753915
vn -0.986596 0.15293 0.0569315
vn -0.919217 -0.163167 0.358353
vn -0.700847 -0.407136 0.585708
vn -0.697016 0.560018 -0.447826
vn -0.965475 -0.0991413 0.240894
vn -0.928384 0.327927 -0.174836
vn -0.995648 0.0819644 0.0443432
vn -0.920365 -0.391023 0.00541752
vn -0.987719 0.0508067 -0.147747
vn -0.868805 -0.495142 -0.00365157
vn -0.859232 0.40175 -0.316729
vn -0.874395 -0.482361 -0.0525549
vn -0.583282 -0.799086 0.145751
vn 0.324573 -0.853199 0.408293
vn -0.0402995 -0.93361 0.356018
vn -0.532271 0.751945 -0.38893
vn -0.125189 0.920084 -0.371178
vn 0.912641 -0.177539 0.368193
vn 0.289443 -0.844761 0.450113
vn 0.648276 -0.611215 0.454042
vn 0.203267 0.930105 -0.305921
vn -0.156493 0.898535 -0.410054
vn 0.945205 0.256675 0.201758
vn 0.815988 0.57763 0.022537
vn 0.941566 0.0292011 0.335559
vn 0.977371 -0.0937326 -0.18963
vn 0.835041 0.212008 -0.5077
vn 0.568956 -0.610525 0.550952
vn 0.292096 0.587785 -0.754446
vn 0.581685 0.440404 -0.683876
vn 0.958565 0.0344176 -0.282787
vn 0.791204 0.298993 -0.533478
vn 0.83913 -0.455066 0.297954
vn 0.978103 -0.208107 0.00257088
vn 0.0997736 0.662884 -0.742045
vn 0.484572 0.529074 -0.696613
vn -0.273824 0.682811 -0.67734
vn 0.34938 0.620402 -0.702165
vn 0.678935 0.427506 -0.596897
vn 0.915252 0.168139 -0.366119
vn -0.290641 -0.644402 0.7073
vn 0.378334 -0.688723 0.618485
vn 0.706012 0.43883 -0.555856
vn -0.729402 -0.426104 0.535171
vn -0.121039 0.717215 -0.686259
vn -0.746045 -0.450086 0.490754
vn -0.43564 -0.640105 0.632838
vn 0.0522028 -0.752735 0.656251
vn -0.71302 0.563573 -0.417119
vn -0.394963 0.705329 -0.588655
vn 0.375037 0.64754 -0.663354
vn -0.866835 -0.334997 0.36929
vn -0.0416587 -0.787322 0.615132
vn 0.072496 0.743701 -0.664569
vn -0.879858 0.409595 -0.241004
vn -0.218788 0.767565 -0.602475
vn -0.952751 -0.199162 0.229345
vn -0.980114 0.190614 -0.0551599
vn -0.718971 -0.534701 0.444044
vn -0.464178 -0.673071 0.575773
vn -0.596603 0.652474 -0.467271
vn -0.735286 0.577562 -0.35465
vn -0.444366 0.743314 -0.500023
vn -0.419456 -0.728849 0.541144
vn -0.996448 0.0834481 0.0112681
vn -0.949103 -0.236478 0.208042
vn -0.714611 -0.567092 0.409557
vn -0.56328 -0.709149 0.424056
vn -0.892145 0.404748 -0.20064
vn -0.673584 0.645886 -0.359327
vn -0.89996 -0.363871 0.240147
vn -0.947473 -0.285105 0.14495
vn -0.771581 -0.563501 0.295176
vn -0.784618 -0.562625 0.260439
vn -0.992182 0.119812 -0.0349212
vn -0.773996 -0.585895 0.240119
vn -0.743662 0.607012 -0.280185
vn -0.987594 -0.149483 0.0480849
vn -0.956701 0.260037 -0.130785
vn -0.864129 -0.482013 0.144724
vn -0.998151 -0.0548038 -0.0262852
vn -0.948355 0.276521 -0.155433
vn -0.779978 0.569214 -0.260057
vn -0.945284 -0.325089 0.0274754
vn -0.622756 -0.752535 0.214165
vn -0.932847 0.30493 -0.19187
vn -0.758489 -0.643828 0.100899
vn -0.594413 0.737195 -0.321273
vn -0.795614 0.527129 -0.298553
vn -0.0675838 -0.946411 0.315814
vn 0.727933 -0.594439 0.341696
vn 0.410214 -0.831754 0.374046
vn -0.260816 0.897037 -0.356792
vn 0.834484 0.549887 -0.0354932
vn 0.953781 -0.160586 0.253995
vn 0.967449 0.21302 0.136621
vn 0.87762 -0.346391 0.331355
vn 0.653485 -0.641805 0.401302
vn 0.549937 0.814746 -0.183736
vn 0.863509 0.503835 0.0223945
vn 0.628961 0.766312 -0.13105
vn 0.940473 0.31054 0.138112
vn 0.843389 -0.375793 0.384023
vn 0.963416 -0.0139631 0.267647
vn 0.808597 -0.485908 0.331758
vn 0.959654 0.0985969 -0.263329
vn 0.967085 -0.244193 0.0715301
vn 0.791324 0.391063 -0.469975
vn 0.980908 0.0618996 -0.184358
vn 0.47905 -0.701709 0.527367
vn 0.804107 -0.50174 0.318854
vn 0.560323 0.598813 -0.572242
vn 0.218096 0.745943 -0.629287
vn 0.852924 0.352041 -0.38547
vn 0.877923 -0.420591 0.22881
vn 0.6134 -0.664356 0.42705
vn -0.022224 0.799352 -0.600452
vn 0.407787 0.711236 -0.572585
vn 0.955989 0.184291 -0.228301
vn 0.0774407 -0.824372 0.560726
vn 0.986228 -0.16348 0.0250707
vn 0.146425 0.804585 -0.575502
vn 0.709672 0.533203 -0.4605
vn -0.183832 0.815671 -0.548531
vn 0.695844 0.575326 -0.429884
vn 0.88143 0.355256 -0.311247
vn -0.341695 -0.791497 0.506732
vn 0.00695549 -0.850997 0.525124
vn 0.35724 -0.801298 0.479897
vn 0.782011 -0.553721 0.286098
vn -0.0572547 -0.868227 0.492852
vn 0.42902 0.735525 -0.524352
vn -0.350071 0.805002 -0.47898
vn 0.0370326 0.836684 -0.546432
vn -0.0261126 0.858213 -0.512629
vn 0.293982 0.806239 -0.513374
vn 0.594728 0.677404 -0.432922
vn 0.844194 0.435391 -0.312683
vn 0.411361 -0.811087 0.415836
vn -0.364421 -0.82845 0.425285
vn 0.114708 -0.891212 0.438842
vn 0.235428 0.843519 -0.482751
vn -0.501752 0.770722 -0.392725
vn -0.162311 0.870777 -0.464115
vn 0.418676 -0.818214 0.394
vn -0.563488 -0.751743 0.342585
vn -0.132325 -0.902853 0.409079
vn 0.324384 -0.862615 0.388161
vn 0.523685 0.745702 -0.411926
vn 0.149075 0.884259 -0.442564
vn 0.529681 0.761586 -0.373397
vn -0.372944 -0.860699 0.34657
vn 0.098521 -0.92293 0.372149
vn 0.471176 -0.813279 0.341425
vn -0.29862 0.866047 -0.400984
vn 0.0504239 0.909812 -0.411947
vn 0.337412 0.861705 -0.378969
vn -0.509288 -0.813108 0.281925
vn -0.140386 -0.929842 0.340126
vn 0.146359 -0.926615 0.346358
vn -0.0348515 0.923579 -0.381822
vn -0.424695 0.834891 -0.350131
vn 0.309629 0.889015 -0.337316
vn 0.608271 0.752395 -0.2528
vn -0.16535 -0.936041 0.310622
vn 0.522342 -0.79002 0.320979
vn -0.132831 0.925754 -0.354028
vn 0.853208 -0.465968 0.234327
vn 0.987439 0.149953 0.049776
vn 0.963303 -0.203189 0.175387
vn 0.346022 -0.872274 0.345552
vn 0.679232 -0.664618 0.31133
vn 0.211354 0.925674 -0.313779
vn 0.518025 0.821204 -0.23932
vn 0.758696 0.631976 -0.158074
vn 0.706416 0.693464 -0.141718
vn 0.900295 0.432177 -0.0518922
vn 0.9891 -0.0155711 0.146419
vn 0.937364 0.347825 0.0191347
vn 0.894012 -0.363976 0.261275
vn 0.297366 0.91401 -0.275972
vn 0.985214 0.0909831 0.145172
vn 0.983559 0.121765 -0.133358
vn 0.840784 0.460998 -0.283835
vn 0.958663 -0.265144 0.103266
vn 0.656526 -0.685578 0.314573
vn 0.797385 0.535216 -0.278784
vn 0.981877 0.157389 -0.105573
vn 0.661844 0.690977 -0.290713
vn 0.912153 0.373959 -0.167727
vn 0.997672 0.0646073 -0.0218291
vn 0.78387 -0.569538 0.247334
vn 0.96036 -0.248184 0.12694
vn 0.989488 0.143487 -0.0180236
vn 0.873811 0.458806 -0.161093
vn 0.918848 0.386227 -0.0809149
vn 0.99351 -0.0672854 0.09171
vn -0.579915 0.180685 -0.794387
vn -0.121836 0.279459 -0.952396
vn -0.797613 -0.0476614 0.601284
vn -0.214891 -0.638389 0.739108
vn 0.52442 -0.80229 0.285156
vn -0.0596395 -0.775057 0.62907
vn 0.216395 -0.129148 -0.967726
vn -0.968457 0.0159689 -0.248669
vn -0.919035 -0.0923649 0.383201
vn -0.455325 0.637893 -0.621105
vn -0.454057 -0.552548 0.698944
vn -0.0140711 -0.99638 0.0838437
vn -0.0697994 -0.928588 0.364488
vn -0.0599324 0.463102 -0.884277
vn -0.894866 0.370484 -0.248912
vn -0.794999 0.28507 0.535455
vn 0.0740546 0.690044 -0.719969
vn -0.180941 0.914465 -0.36196
vn 0.705966 -0.422401 -0.568498
vn 0.817513 -0.572138 0.0658124
vn -0.204513 0.278085 -0.938533
vn -0.0909185 0.00390784 0.995851
vn -0.58619 0.417409 0.694371
vn -0.109906 0.592195 -0.798264
vn -0.686534 0.673796 -0.273257
vn -0.428428 0.188968 0.883595
vn -0.779752 0.424989 -0.459751
vn -0.445869 0.248468 -0.859921
vn -0.72578 0.283347 0.626863
vn -0.704681 0.444401 -0.553112
vn -0.545873 0.11394 -0.830085
vn -0.861442 -0.455163 -0.225267
vn -0.999961 -0.00356507 0.00803687
vn -0.827634 -0.560708 -0.0250862
vn -0.999961 -0.00356507 0.00803687
vn -0.861442 -0.455163 -0.225267
vn 0.216012 -0.604123 -0.767056
vn -0.211628 -0.974878 -0.0694728
vn -0.850149 -0.325788 -0.413653
vn 0.216012 -0.604123 -0.767056
vn 0.216012 -0.604123 -0.767056
vn -0.211628 -0.974878 -0.0694728
vn 0.518536 -0.678227 0.5207
vn 0.579375 -0.796954 -0.170845
vn -0.211628 -0.974878 -0.0694728
vn 0.719279 -0.679289 -0.14562
vn -0.999961 -0.00356507 0.00803687
vn -0.750196 0.15249 -0.643391
vn -0.846355 0.161618 0.507507
vn -0.0631662 -0.345111 0.936434
vn -0.843926 0.374402 -0.384203
vn -0.971611 -0.217464 -0.0931759
vn -0.298511 -0.915839 0.268572
g grp1
usemtl mtl1
f 2//2 21//21 18//18 
f 3//3 2//2 18//18 
f 1//1 3//3 18//18 
f 18//18 20//20 1//1 
f 33//33 1//1 20//20 
f 2//2 5//5 4//4 
f 21//21 2//2 4//4 
f 5//5 3//3 6//6 
f 2//2 3//3 5//5 
f 3//3 7//7 999//999 
f 3//3 1//1 7//7 
f 33//33 7//7 1//1 
f 5//5 10//10 8//8 
f 4//4 5//5 8//8 
f 10//10 5//5 6//6 
f 7//7 33//33 30//30 
f 9//9 25//25 4//4 
f 4//4 25//25 22//22 
f 8//8 10//10 11//11 
f 4//4 8//8 9//9 
f 8//8 11//11 9//9 
f 11//11 10//10 12//12 
f 12//12 10//10 6//6 
f 12//12 6//6 13//13 
f 13//13 6//6 1000//1000 
f 1003//1003 9//9 27//27 
f 15//15 14//14 11//11 
f 11//11 14//14 9//9 
f 9//9 14//14 27//27 
f 15//15 11//11 12//12 
f 15//15 12//12 16//16 
f 16//16 12//12 13//13 
f 15//15 31//31 14//14 
f 14//14 32//32 27//27 
f 31//31 32//32 14//14 
f 18//18 21//21 17//17 
f 1001//1001 19//19 18//18 
f 18//18 19//19 20//20 
f 4//4 22//22 21//21 
f 22//22 17//17 21//21 
f 19//19 1001//1001 23//23 
f 1002//1002 17//17 22//22 
f 23//23 24//24 19//19 
f 20//20 19//19 34//34 
f 20//20 34//34 33//33 
f 26//26 1002//1002 22//22 
f 1002//1002 26//26 24//24 
f 26//26 22//22 1004//1004 
f 26//26 28//28 24//24 
f 27//27 29//29 26//26 
f 27//27 26//26 1003//1003 
f 29//29 28//28 26//26 
f 28//28 29//29 35//35 
f 13//13 1000//1000 30//30 
f 16//16 31//31 15//15 
f 31//31 16//16 37//37 
f 28//28 35//35 24//24 
f 32//32 29//29 27//27 
f 36//36 29//29 32//32 
f 29//29 36//36 35//35 
f 38//38 32//32 31//31 
f 36//36 32//32 38//38 
f 38//38 31//31 37//37 
f 39//39 35//35 36//36 
f 30//30 33//33 42//42 
f 30//30 41//41 13//13 
f 30//30 42//42 41//41 
f 13//13 41//41 78//78 
f 16//16 13//13 78//78 
f 35//35 43//43 24//24 
f 43//43 44//44 24//24 
f 19//19 24//24 44//44 
f 34//34 19//19 44//44 
f 40//40 39//39 36//36 
f 40//40 36//36 38//38 
f 47//47 38//38 37//37 
f 47//47 40//40 38//38 
f 45//45 42//42 33//33 
f 37//37 16//16 78//78 
f 37//37 78//78 80//80 
f 34//34 45//45 33//33 
f 44//44 46//46 34//34 
f 46//46 45//45 34//34 
f 39//39 76//76 35//35 
f 76//76 43//43 35//35 
f 39//39 79//79 76//76 
f 39//39 40//40 79//79 
f 41//41 42//42 82//82 
f 42//42 45//45 83//83 
f 81//81 42//42 83//83 
f 44//44 43//43 84//84 
f 81//81 82//82 42//42 
f 45//45 46//46 1014//1014 
f 62//62 48//48 54//54 
f 1005//1005 70//70 66//66 
f 49//49 1005//1005 1012//1012 
f 49//49 70//70 1005//1005 
f 50//50 56//56 51//51 
f 56//56 52//52 51//51 
f 56//56 57//57 52//52 
f 54//54 48//48 50//50 
f 1006//1006 54//54 50//50 
f 55//55 1006//1006 1007//1007 
f 55//55 1007//1007 53//53 
f 1007//1007 1009//1009 53//53 
f 55//55 54//54 1006//1006 
f 73//73 1008//1008 71//71 
f 1013//1013 54//54 55//55 
f 53//53 72//72 55//55 
f 56//56 50//50 58//58 
f 56//56 58//58 59//59 
f 59//59 60//60 56//56 
f 57//57 56//56 60//60 
f 58//58 50//50 48//48 
f 1009//1009 61//61 53//53 
f 1012//1012 1008//1008 73//73 
f 53//53 85//85 72//72 
f 58//58 66//66 63//63 
f 58//58 63//63 59//59 
f 63//63 64//64 1010//1010 
f 1010//1010 64//64 1011//1011 
f 64//64 65//65 1011//1011 
f 1011//1011 65//65 1009//1009 
f 1009//1009 65//65 61//61 
f 66//66 58//58 48//48 
f 53//53 61//61 67//67 
f 53//53 67//67 85//85 
f 1012//1012 75//75 49//49 
f 73//73 75//75 1012//1012 
f 63//63 66//66 68//68 
f 68//68 69//69 63//63 
f 69//69 64//64 63//63 
f 61//61 65//65 95//95 
f 70//70 68//68 66//66 
f 95//95 67//67 61//61 
f 75//75 109//109 49//49 
f 68//68 96//96 69//69 
f 69//69 94//94 64//64 
f 64//64 94//94 65//65 
f 95//95 65//65 94//94 
f 70//70 96//96 68//68 
f 49//49 108//108 70//70 
f 69//69 96//96 94//94 
f 96//96 70//70 108//108 
f 73//73 71//71 74//74 
f 71//71 55//55 72//72 
f 74//74 71//71 72//72 
f 74//74 72//72 86//86 
f 98//98 75//75 73//73 
f 98//98 73//73 74//74 
f 109//109 75//75 98//98 
f 47//47 37//37 80//80 
f 47//47 77//77 40//40 
f 77//77 47//47 87//87 
f 77//77 79//79 40//40 
f 76//76 90//90 43//43 
f 90//90 84//84 43//43 
f 47//47 80//80 87//87 
f 76//76 79//79 88//88 
f 76//76 88//88 90//90 
f 78//78 41//41 89//89 
f 89//89 41//41 82//82 
f 77//77 91//91 79//79 
f 91//91 88//88 79//79 
f 106//106 78//78 89//89 
f 91//91 77//77 87//87 
f 80//80 78//78 106//106 
f 80//80 106//106 87//87 
f 46//46 44//44 84//84 
f 84//84 1014//1014 46//46 
f 93//93 81//81 83//83 
f 84//84 101//101 1014//1014 
f 93//93 1014//1014 101//101 
f 108//108 49//49 109//109 
f 85//85 99//99 72//72 
f 72//72 99//99 86//86 
f 67//67 97//97 85//85 
f 85//85 97//97 99//99 
f 87//87 106//106 105//105 
f 87//87 105//105 91//91 
f 84//84 113//113 101//101 
f 113//113 84//84 90//90 
f 106//106 89//89 102//102 
f 102//102 89//89 82//82 
f 92//92 81//81 93//93 
f 82//82 81//81 92//92 
f 88//88 100//100 90//90 
f 92//92 102//102 82//82 
f 91//91 100//100 88//88 
f 103//103 104//104 92//92 
f 103//103 92//92 93//93 
f 102//102 92//92 104//104 
f 97//97 67//67 95//95 
f 74//74 86//86 128//128 
f 98//98 74//74 128//128 
f 110//110 91//91 105//105 
f 90//90 100//100 107//107 
f 107//107 113//113 90//90 
f 91//91 110//110 100//100 
f 100//100 110//110 107//107 
f 107//107 110//110 111//111 
f 102//102 104//104 119//119 
f 106//106 102//102 115//115 
f 115//115 102//102 119//119 
f 115//115 118//118 106//106 
f 125//125 93//93 101//101 
f 124//124 104//104 103//103 
f 93//93 124//124 103//103 
f 96//96 108//108 133//133 
f 109//109 134//134 108//108 
f 95//95 94//94 127//127 
f 95//95 117//117 97//97 
f 127//127 117//117 95//95 
f 1015//1015 109//109 98//98 
f 86//86 129//129 128//128 
f 118//118 105//105 106//106 
f 110//110 105//105 120//120 
f 120//120 105//105 118//118 
f 110//110 120//120 111//111 
f 111//111 114//114 107//107 
f 114//114 113//113 107//107 
f 120//120 123//123 111//111 
f 111//111 123//123 114//114 
f 125//125 112//112 93//93 
f 101//101 121//121 125//125 
f 101//101 113//113 121//121 
f 116//116 104//104 124//124 
f 114//114 123//123 122//122 
f 113//113 114//114 122//122 
f 122//122 121//121 113//113 
f 112//112 124//124 93//93 
f 104//104 116//116 119//119 
f 112//112 126//126 124//124 
f 86//86 99//99 129//129 
f 96//96 142//142 94//94 
f 142//142 127//127 94//94 
f 135//135 97//97 117//117 
f 135//135 99//99 97//97 
f 118//118 115//115 136//136 
f 152//152 123//123 120//120 
f 116//116 130//130 119//119 
f 124//124 130//130 116//116 
f 115//115 119//119 131//131 
f 130//130 131//131 119//119 
f 125//125 138//138 112//112 
f 112//112 138//138 126//126 
f 121//121 122//122 144//144 
f 139//139 125//125 121//121 
f 138//138 125//125 139//139 
f 133//133 142//142 96//96 
f 1015//1015 98//98 128//128 
f 133//133 108//108 140//140 
f 140//140 108//108 134//134 
f 150//150 135//135 117//117 
f 127//127 150//150 117//117 
f 120//120 118//118 146//146 
f 120//120 146//146 152//152 
f 118//118 136//136 146//146 
f 123//123 144//144 122//122 
f 131//131 132//132 115//115 
f 131//131 143//143 132//132 
f 136//136 115//115 132//132 
f 144//144 139//139 121//121 
f 143//143 131//131 130//130 
f 126//126 138//138 147//147 
f 135//135 141//141 99//99 
f 129//129 99//99 141//141 
f 136//136 132//132 145//145 
f 145//145 132//132 143//143 
f 146//146 136//136 145//145 
f 143//143 130//130 137//137 
f 137//137 130//130 124//124 
f 138//138 139//139 153//153 
f 153//153 148//148 138//138 
f 148//148 147//147 138//138 
f 144//144 153//153 139//139 
f 149//149 124//124 126//126 
f 126//126 147//147 149//149 
f 141//141 135//135 332//332 
f 177//177 135//135 150//150 
f 332//332 135//135 177//177 
f 143//143 137//137 151//151 
f 144//144 157//157 153//153 
f 123//123 161//161 144//144 
f 161//161 157//157 144//144 
f 148//148 156//156 147//147 
f 147//147 156//156 149//149 
f 128//128 158//158 1015//1015 
f 123//123 152//152 161//161 
f 145//145 159//159 146//146 
f 146//146 159//159 152//152 
f 145//145 143//143 154//154 
f 151//151 154//154 143//143 
f 152//152 164//164 161//161 
f 149//149 155//155 124//124 
f 162//162 149//149 156//156 
f 124//124 155//155 137//137 
f 137//137 155//155 151//151 
f 154//154 159//159 145//145 
f 152//152 159//159 168//168 
f 165//165 155//155 149//149 
f 162//162 165//165 149//149 
f 155//155 160//160 151//151 
f 148//148 153//153 163//163 
f 148//148 163//163 156//156 
f 178//178 127//127 142//142 
f 178//178 150//150 127//127 
f 154//154 151//151 160//160 
f 167//167 159//159 154//154 
f 167//167 154//154 160//160 
f 164//164 182//182 161//161 
f 157//157 161//161 181//181 
f 161//161 182//182 181//181 
f 152//152 168//168 164//164 
f 168//168 159//159 167//167 
f 157//157 166//166 153//153 
f 166//166 163//163 153//153 
f 163//163 169//169 156//156 
f 163//163 166//166 169//169 
f 165//165 171//171 155//155 
f 171//171 160//160 155//155 
f 171//171 165//165 170//170 
f 170//170 165//165 162//162 
f 156//156 169//169 162//162 
f 169//169 166//166 180//180 
f 166//166 181//181 180//180 
f 157//157 181//181 166//166 
f 175//175 1015//1015 158//158 
f 175//175 140//140 134//134 
f 1016//1016 128//128 129//129 
f 331//331 332//332 177//177 
f 168//168 167//167 172//172 
f 160//160 173//173 167//167 
f 168//168 179//179 164//164 
f 164//164 179//179 182//182 
f 167//167 173//173 172//172 
f 168//168 172//172 179//179 
f 184//184 173//173 160//160 
f 170//170 162//162 169//169 
f 184//184 160//160 171//171 
f 169//169 180//180 185//185 
f 183//183 169//169 185//185 
f 183//183 170//170 169//169 
f 332//332 129//129 141//141 
f 174//174 133//133 140//140 
f 174//174 140//140 175//175 
f 142//142 133//133 176//176 
f 176//176 133//133 174//174 
f 176//176 174//174 302//302 
f 329//329 174//174 175//175 
f 302//302 174//174 329//329 
f 142//142 176//176 301//301 
f 330//330 175//175 158//158 
f 1016//1016 129//129 259//259 
f 259//259 129//129 332//332 
f 204//204 182//182 179//179 
f 205//205 180//180 181//181 
f 187//187 180//180 205//205 
f 185//185 180//180 187//187 
f 181//181 182//182 203//203 
f 182//182 204//204 203//203 
f 186//186 170//170 183//183 
f 186//186 183//183 188//188 
f 188//188 183//183 185//185 
f 186//186 171//171 170//170 
f 171//171 186//186 184//184 
f 173//173 201//201 172//172 
f 186//186 188//188 207//207 
f 329//329 175//175 330//330 
f 191//191 190//190 195//195 
f 195//195 190//190 194//194 
f 208//208 189//189 212//212 
f 215//215 192//192 189//189 
f 189//189 190//190 212//212 
f 189//189 192//192 190//190 
f 213//213 212//212 191//191 
f 190//190 191//191 212//212 
f 194//194 190//190 192//192 
f 194//194 192//192 196//196 
f 191//191 193//193 213//213 
f 197//197 191//191 195//195 
f 197//197 193//193 191//191 
f 230//230 231//231 196//196 
f 193//193 197//197 232//232 
f 195//195 199//199 197//197 
f 199//199 232//232 197//197 
f 198//198 195//195 194//194 
f 196//196 198//198 194//194 
f 196//196 231//231 198//198 
f 195//195 200//200 199//199 
f 195//195 198//198 200//200 
f 233//233 198//198 231//231 
f 235//235 199//199 236//236 
f 200//200 198//198 233//233 
f 173//173 184//184 206//206 
f 201//201 173//173 206//206 
f 202//202 179//179 172//172 
f 202//202 1018//1018 179//179 
f 201//201 1017//1017 172//172 
f 184//184 186//186 206//206 
f 201//201 206//206 254//254 
f 250//250 206//206 186//186 
f 201//201 254//254 251//251 
f 1017//1017 201//201 251//251 
f 252//252 253//253 204//204 
f 205//205 181//181 256//256 
f 253//253 203//203 204//204 
f 250//250 186//186 207//207 
f 185//185 187//187 188//188 
f 207//207 188//188 255//255 
f 255//255 188//188 187//187 
f 207//207 255//255 257//257 
f 203//203 256//256 181//181 
f 150//150 178//178 258//258 
f 258//258 177//177 150//150 
f 261//261 209//209 208//208 
f 264//264 210//210 212//212 
f 210//210 261//261 208//208 
f 212//212 210//210 208//208 
f 211//211 209//209 261//261 
f 218//218 211//211 265//265 
f 267//267 218//218 265//265 
f 267//267 266//266 219//219 
f 228//228 275//275 309//309 
f 212//212 213//213 264//264 
f 228//228 309//309 213//213 
f 208//208 209//209 189//189 
f 189//189 209//209 214//214 
f 189//189 214//214 215//215 
f 215//215 216//216 192//192 
f 196//196 192//192 230//230 
f 216//216 248//248 230//230 
f 192//192 216//216 230//230 
f 211//211 218//218 214//214 
f 209//209 211//211 214//214 
f 215//215 217//217 216//216 
f 216//216 217//217 221//221 
f 218//218 215//215 214//214 
f 218//218 217//217 215//215 
f 220//220 221//221 217//217 
f 218//218 267//267 219//219 
f 217//217 218//218 219//219 
f 217//217 219//219 220//220 
f 221//221 220//220 222//222 
f 269//269 220//220 219//219 
f 269//269 270//270 220//220 
f 270//270 222//222 220//220 
f 270//270 247//247 222//222 
f 216//216 221//221 248//248 
f 248//248 221//221 249//249 
f 249//249 221//221 222//222 
f 247//247 249//249 222//222 
f 193//193 223//223 213//213 
f 232//232 223//223 193//193 
f 232//232 225//225 223//223 
f 228//228 223//223 224//224 
f 213//213 223//223 228//228 
f 223//223 225//225 224//224 
f 229//229 224//224 226//226 
f 224//224 225//225 226//226 
f 227//227 226//226 225//225 
f 229//229 228//228 224//224 
f 228//228 229//229 275//275 
f 277//277 229//229 226//226 
f 277//277 226//226 227//227 
f 277//277 227//227 246//246 
f 231//231 230//230 237//237 
f 230//230 248//248 237//237 
f 233//233 231//231 234//234 
f 234//234 231//231 237//237 
f 235//235 232//232 199//199 
f 200//200 236//236 199//199 
f 200//200 233//233 236//236 
f 233//233 234//234 236//236 
f 225//225 232//232 235//235 
f 249//249 237//237 248//248 
f 239//239 234//234 237//237 
f 236//236 238//238 242//242 
f 236//236 234//234 238//238 
f 239//239 238//238 234//234 
f 236//236 242//242 241//241 
f 227//227 225//225 235//235 
f 235//235 236//236 241//241 
f 243//243 239//239 237//237 
f 238//238 240//240 242//242 
f 240//240 238//238 239//239 
f 243//243 240//240 239//239 
f 227//227 235//235 241//241 
f 237//237 249//249 243//243 
f 227//227 241//241 246//246 
f 246//246 241//241 245//245 
f 245//245 241//241 242//242 
f 244//244 242//242 240//240 
f 243//243 244//244 240//240 
f 245//245 242//242 244//244 
f 249//249 247//247 243//243 
f 284//284 244//244 243//243 
f 245//245 286//286 246//246 
f 285//285 244//244 284//284 
f 286//286 245//245 285//285 
f 285//285 245//245 244//244 
f 243//243 247//247 284//284 
f 254//254 324//324 251//251 
f 253//253 256//256 203//203 
f 256//256 297//297 205//205 
f 187//187 205//205 255//255 
f 205//205 297//297 255//255 
f 253//253 294//294 256//256 
f 250//250 207//207 298//298 
f 324//324 254//254 296//296 
f 296//296 254//254 206//206 
f 250//250 296//296 206//206 
f 207//207 257//257 298//298 
f 255//255 299//299 257//257 
f 300//300 257//257 299//299 
f 260//260 305//305 261//261 
f 261//261 305//305 262//262 
f 260//260 261//261 210//210 
f 210//210 304//304 260//260 
f 210//210 264//264 304//304 
f 211//211 261//261 262//262 
f 265//265 211//211 262//262 
f 265//265 263//263 267//267 
f 262//262 263//263 265//265 
f 263//263 262//262 306//306 
f 263//263 310//310 267//267 
f 213//213 309//309 264//264 
f 219//219 266//266 269//269 
f 269//269 266//266 268//268 
f 310//310 266//266 267//267 
f 266//266 310//310 268//268 
f 268//268 272//272 269//269 
f 310//310 311//311 268//268 
f 311//311 272//272 268//268 
f 312//312 309//309 275//275 
f 270//270 269//269 271//271 
f 270//270 271//271 287//287 
f 272//272 271//271 269//269 
f 271//271 273//273 287//287 
f 272//272 274//274 271//271 
f 273//273 271//271 274//274 
f 312//312 275//275 313//313 
f 275//275 276//276 313//313 
f 275//275 279//279 276//276 
f 315//315 313//313 276//276 
f 282//282 276//276 279//279 
f 317//317 315//315 276//276 
f 282//282 317//317 276//276 
f 275//275 229//229 279//279 
f 279//279 229//229 277//277 
f 277//277 246//246 278//278 
f 278//278 246//246 286//286 
f 277//277 280//280 279//279 
f 278//278 286//286 288//288 
f 280//280 277//277 278//278 
f 281//281 288//288 283//283 
f 280//280 278//278 281//281 
f 288//288 281//281 278//278 
f 282//282 279//279 280//280 
f 282//282 281//281 283//283 
f 281//281 282//282 280//280 
f 270//270 287//287 247//247 
f 285//285 288//288 286//286 
f 287//287 289//289 284//284 
f 287//287 284//284 247//247 
f 273//273 289//289 287//287 
f 289//289 285//285 284//284 
f 290//290 285//285 289//289 
f 290//290 283//283 288//288 
f 290//290 288//288 285//285 
f 290//290 291//291 283//283 
f 316//316 289//289 273//273 
f 289//289 291//291 290//290 
f 316//316 291//291 289//289 
f 292//292 1018//1018 202//202 
f 252//252 1018//1018 292//292 
f 292//292 1017//1017 251//251 
f 293//293 253//253 252//252 
f 251//251 321//321 292//292 
f 252//252 292//292 321//321 
f 293//293 322//322 253//253 
f 322//322 294//294 253//253 
f 295//295 252//252 321//321 
f 293//293 252//252 295//295 
f 323//323 293//293 295//295 
f 293//293 323//323 322//322 
f 325//325 296//296 250//250 
f 300//300 298//298 257//257 
f 255//255 297//297 299//299 
f 297//297 326//326 299//299 
f 326//326 297//297 256//256 
f 298//298 325//325 250//250 
f 298//298 300//300 347//347 
f 294//294 357//357 256//256 
f 357//357 326//326 256//256 
f 301//301 178//178 142//142 
f 258//258 178//178 328//328 
f 176//176 302//302 301//301 
f 301//301 328//328 178//178 
f 259//259 332//332 362//362 
f 363//363 375//375 303//303 
f 375//375 334//334 303//303 
f 304//304 363//363 260//260 
f 260//260 363//363 303//303 
f 303//303 305//305 260//260 
f 334//334 305//305 303//303 
f 306//306 305//305 334//334 
f 305//305 306//306 262//262 
f 337//337 311//311 307//307 
f 308//308 336//336 309//309 
f 333//333 304//304 264//264 
f 333//333 264//264 309//309 
f 312//312 308//308 309//309 
f 312//312 340//340 308//308 
f 263//263 306//306 307//307 
f 310//310 263//263 307//307 
f 307//307 311//311 310//310 
f 339//339 314//314 311//311 
f 340//340 312//312 313//313 
f 338//338 340//340 313//313 
f 315//315 338//338 313//313 
f 311//311 314//314 274//274 
f 314//314 316//316 274//274 
f 316//316 314//314 366//366 
f 272//272 311//311 274//274 
f 291//291 316//316 318//318 
f 342//342 318//318 316//316 
f 320//320 318//318 342//342 
f 274//274 316//316 273//273 
f 341//341 315//315 317//317 
f 317//317 320//320 341//341 
f 282//282 283//283 319//319 
f 282//282 319//319 317//317 
f 319//319 283//283 318//318 
f 291//291 318//318 283//283 
f 319//319 320//320 317//317 
f 318//318 320//320 319//319 
f 251//251 324//324 321//321 
f 295//295 321//321 323//323 
f 324//324 296//296 354//354 
f 323//323 343//343 322//322 
f 327//327 300//300 299//299 
f 347//347 300//300 327//327 
f 296//296 325//325 344//344 
f 354//354 296//296 344//344 
f 298//298 347//347 348//348 
f 326//326 327//327 299//299 
f 326//326 349//349 327//327 
f 358//358 374//374 301//301 
f 374//374 328//328 301//301 
f 1016//1016 259//259 330//330 
f 358//358 301//301 360//360 
f 360//360 301//301 302//302 
f 360//360 302//302 361//361 
f 361//361 302//302 329//329 
f 177//177 258//258 350//350 
f 332//332 351//351 362//362 
f 350//350 258//258 328//328 
f 331//331 351//351 332//332 
f 388//388 330//330 259//259 
f 259//259 362//362 359//359 
f 333//333 309//309 336//336 
f 306//306 334//334 335//335 
f 335//335 334//334 389//389 
f 306//306 335//335 307//307 
f 307//307 335//335 337//337 
f 337//337 335//335 352//352 
f 311//311 337//337 339//339 
f 337//337 352//352 339//339 
f 366//366 339//339 352//352 
f 314//314 339//339 366//366 
f 315//315 341//341 338//338 
f 342//342 341//341 320//320 
f 322//322 346//346 294//294 
f 323//323 321//321 324//324 
f 343//343 346//346 322//322 
f 294//294 345//345 357//357 
f 294//294 346//346 345//345 
f 348//348 325//325 298//298 
f 323//323 355//355 343//343 
f 357//357 345//345 370//370 
f 347//347 327//327 356//356 
f 356//356 327//327 349//349 
f 177//177 350//350 331//331 
f 389//389 334//334 376//376 
f 352//352 335//335 389//389 
f 340//340 353//353 308//308 
f 336//336 308//308 353//353 
f 367//367 353//353 340//340 
f 368//368 367//367 340//340 
f 368//368 340//340 338//338 
f 341//341 368//368 338//338 
f 341//341 369//369 368//368 
f 342//342 369//369 341//341 
f 354//354 355//355 324//324 
f 324//324 355//355 323//323 
f 371//371 343//343 355//355 
f 371//371 346//346 343//343 
f 348//348 372//372 325//325 
f 344//344 325//325 372//372 
f 326//326 379//379 349//349 
f 379//379 326//326 357//357 
f 346//346 370//370 345//345 
f 373//373 348//348 347//347 
f 356//356 349//349 380//380 
f 349//349 379//379 380//380 
f 382//382 374//374 358//358 
f 388//388 259//259 359//359 
f 362//362 398//398 359//359 
f 376//376 334//334 375//375 
f 363//363 304//304 364//364 
f 364//364 333//333 365//365 
f 353//353 367//367 391//391 
f 364//364 304//304 333//333 
f 365//365 333//333 336//336 
f 353//353 390//390 336//336 
f 342//342 394//394 369//369 
f 366//366 377//377 316//316 
f 342//342 316//316 377//377 
f 355//355 354//354 396//396 
f 370//370 346//346 371//371 
f 372//372 348//348 373//373 
f 347//347 356//356 373//373 
f 374//374 383//383 328//328 
f 381//381 356//356 380//380 
f 360//360 384//384 358//358 
f 358//358 384//384 382//382 
f 329//329 387//387 361//361 
f 387//387 329//329 330//330 
f 382//382 383//383 374//374 
f 351//351 331//331 350//350 
f 328//328 386//386 350//350 
f 386//386 328//328 383//383 
f 360//360 361//361 385//385 
f 399//399 412//412 364//364 
f 364//364 412//412 363//363 
f 414//414 399//399 336//336 
f 390//390 414//414 336//336 
f 399//399 364//364 365//365 
f 336//336 399//399 365//365 
f 378//378 352//352 439//439 
f 390//390 353//353 391//391 
f 369//369 395//395 368//368 
f 394//394 395//395 369//369 
f 366//366 378//378 377//377 
f 352//352 378//378 366//366 
f 354//354 344//344 397//397 
f 396//396 371//371 355//355 
f 397//397 344//344 372//372 
f 432//432 397//397 372//372 
f 373//373 356//356 381//381 
f 381//381 380//380 483//483 
f 360//360 385//385 384//384 
f 404//404 385//385 361//361 
f 387//387 404//404 361//361 
f 382//382 405//405 383//383 
f 405//405 382//382 384//384 
f 384//384 406//406 405//405 
f 384//384 385//385 406//406 
f 432//432 372//372 373//373 
f 432//432 373//373 381//381 
f 388//388 359//359 408//408 
f 408//408 359//359 398//398 
f 387//387 330//330 388//388 
f 388//388 408//408 387//387 
f 454//454 387//387 408//408 
f 404//404 387//387 454//454 
f 351//351 409//409 362//362 
f 409//409 351//351 410//410 
f 362//362 409//409 398//398 
f 411//411 375//375 363//363 
f 389//389 376//376 401//401 
f 352//352 389//389 422//422 
f 415//415 414//414 390//390 
f 390//390 391//391 415//415 
f 367//367 392//392 391//391 
f 368//368 392//392 367//367 
f 368//368 393//393 392//392 
f 393//393 368//368 395//395 
f 395//395 423//423 393//393 
f 395//395 394//394 423//423 
f 403//403 342//342 377//377 
f 394//394 342//342 403//403 
f 377//377 378//378 402//402 
f 354//354 397//397 396//396 
f 396//396 475//475 371//371 
f 370//370 429//429 357//357 
f 418//418 386//386 383//383 
f 405//405 418//418 383//383 
f 419//419 408//408 398//398 
f 428//428 410//410 351//351 
f 406//406 385//385 407//407 
f 428//428 351//351 350//350 
f 385//385 404//404 407//407 
f 386//386 428//428 350//350 
f 411//411 400//400 375//375 
f 412//412 411//411 363//363 
f 376//376 375//375 400//400 
f 376//376 400//400 413//413 
f 401//401 376//376 413//413 
f 434//434 399//399 414//414 
f 389//389 401//401 422//422 
f 439//439 438//438 378//378 
f 417//417 391//391 392//392 
f 392//392 423//423 417//417 
f 393//393 423//423 392//392 
f 416//416 425//425 403//403 
f 402//402 378//378 438//438 
f 402//402 403//403 377//377 
f 438//438 416//416 402//402 
f 403//403 402//402 416//416 
f 423//423 394//394 425//425 
f 394//394 403//403 425//425 
f 427//427 418//418 405//405 
f 405//405 426//426 427//427 
f 406//406 426//426 405//405 
f 458//458 380//380 379//379 
f 483//483 380//380 458//458 
f 409//409 410//410 430//430 
f 413//413 421//421 401//401 
f 439//439 352//352 422//422 
f 415//415 450//450 414//414 
f 417//417 415//415 391//391 
f 476//476 396//396 397//397 
f 475//475 396//396 476//476 
f 406//406 407//407 426//426 
f 446//446 454//454 408//408 
f 419//419 446//446 408//408 
f 410//410 428//428 431//431 
f 430//430 410//410 431//431 
f 398//398 409//409 420//420 
f 442//442 386//386 418//418 
f 427//427 442//442 418//418 
f 428//428 386//386 442//442 
f 419//419 398//398 420//420 
f 419//419 420//420 445//445 
f 430//430 420//420 409//409 
f 411//411 412//412 433//433 
f 411//411 436//436 400//400 
f 436//436 413//413 400//400 
f 401//401 421//421 422//422 
f 417//417 437//437 415//415 
f 450//450 415//415 437//437 
f 423//423 437//437 417//417 
f 425//425 441//441 424//424 
f 438//438 465//465 416//416 
f 425//425 416//416 468//468 
f 465//465 468//468 416//416 
f 425//425 424//424 423//423 
f 454//454 451//451 404//404 
f 407//407 404//404 451//451 
f 426//426 407//407 443//443 
f 443//443 452//452 426//426 
f 451//451 443//443 407//407 
f 446//446 419//419 445//445 
f 430//430 455//455 420//420 
f 420//420 455//455 445//445 
f 431//431 428//428 457//457 
f 435//435 433//433 412//412 
f 399//399 435//435 412//412 
f 459//459 435//435 434//434 
f 433//433 436//436 411//411 
f 436//436 447//447 448//448 
f 421//421 413//413 436//436 
f 436//436 448//448 421//421 
f 399//399 434//434 435//435 
f 449//449 422//422 421//421 
f 449//449 439//439 422//422 
f 450//450 434//434 414//414 
f 437//437 463//463 450//450 
f 423//423 440//440 437//437 
f 469//469 441//441 468//468 
f 424//424 440//440 423//423 
f 441//441 469//469 424//424 
f 468//468 441//441 425//425 
f 371//371 444//444 370//370 
f 473//473 457//457 428//428 
f 442//442 473//473 428//428 
f 431//431 456//456 430//430 
f 442//442 472//472 473//473 
f 457//457 456//456 431//431 
f 430//430 456//456 455//455 
f 427//427 426//426 452//452 
f 427//427 453//453 442//442 
f 442//442 453//453 472//472 
f 476//476 397//397 510//510 
f 496//496 458//458 379//379 
f 496//496 379//379 357//357 
f 447//447 436//436 433//433 
f 485//485 421//421 448//448 
f 421//421 485//485 460//460 
f 449//449 421//421 460//460 
f 450//450 463//463 484//484 
f 450//450 484//484 434//434 
f 440//440 467//467 437//437 
f 467//467 440//440 424//424 
f 439//439 462//462 438//438 
f 469//469 466//466 424//424 
f 452//452 453//453 427//427 
f 443//443 470//470 474//474 
f 443//443 474//474 452//452 
f 454//454 446//446 479//479 
f 446//446 445//445 478//478 
f 451//451 470//470 443//443 
f 470//470 451//451 471//471 
f 481//481 455//455 456//456 
f 445//445 455//455 481//481 
f 445//445 481//481 478//478 
f 429//429 496//496 357//357 
f 480//480 479//479 446//446 
f 480//480 446//446 478//478 
f 381//381 483//483 482//482 
f 509//509 432//432 381//381 
f 509//509 381//381 482//482 
f 574//574 447//447 433//433 
f 484//484 459//459 434//434 
f 461//461 439//439 449//449 
f 462//462 439//439 461//461 
f 460//460 461//461 449//449 
f 437//437 464//464 463//463 
f 464//464 437//437 467//467 
f 466//466 467//467 424//424 
f 453//453 488//488 472//472 
f 472//472 488//488 506//506 
f 473//473 472//472 506//506 
f 490//490 453//453 452//452 
f 490//490 488//488 453//453 
f 452//452 474//474 490//490 
f 471//471 487//487 470//470 
f 470//470 487//487 474//474 
f 371//371 475//475 477//477 
f 454//454 471//471 451//451 
f 480//480 478//478 501//501 
f 456//456 489//489 481//481 
f 473//473 499//499 457//457 
f 489//489 456//456 457//457 
f 478//478 481//481 495//495 
f 432//432 1019//1019 397//397 
f 492//492 371//371 477//477 
f 444//444 371//371 492//492 
f 464//464 467//467 498//498 
f 462//462 465//465 438//438 
f 466//466 498//498 467//467 
f 513//513 498//498 466//466 
f 466//466 514//514 513//513 
f 469//469 514//514 466//466 
f 490//490 474//474 486//486 
f 487//487 486//486 474//474 
f 471//471 454//454 500//500 
f 471//471 500//500 503//503 
f 487//487 471//471 503//503 
f 489//489 457//457 499//499 
f 489//489 499//499 516//516 
f 477//477 475//475 491//491 
f 444//444 493//493 370//370 
f 492//492 493//493 444//444 
f 497//497 370//370 493//493 
f 370//370 497//497 429//429 
f 477//477 491//491 492//492 
f 501//501 478//478 495//495 
f 501//501 495//495 525//525 
f 489//489 494//494 481//481 
f 481//481 494//494 495//495 
f 510//510 397//397 1019//1019 
f 507//507 475//475 476//476 
f 507//507 491//491 475//475 
f 511//511 483//483 458//458 
f 511//511 458//458 496//496 
f 464//464 556//556 463//463 
f 462//462 633//633 465//465 
f 487//487 515//515 486//486 
f 503//503 515//515 487//487 
f 506//506 499//499 473//473 
f 505//505 506//506 488//488 
f 504//504 486//486 515//515 
f 504//504 490//490 486//486 
f 490//490 505//505 488//488 
f 506//506 529//529 499//499 
f 500//500 454//454 479//479 
f 518//518 503//503 500//500 
f 479//479 502//502 500//500 
f 479//479 480//480 502//502 
f 502//502 480//480 501//501 
f 515//515 503//503 518//518 
f 505//505 490//490 504//504 
f 499//499 529//529 516//516 
f 508//508 494//494 489//489 
f 489//489 516//516 508//508 
f 505//505 528//528 506//506 
f 491//491 507//507 522//522 
f 492//492 491//491 522//522 
f 523//523 493//493 492//492 
f 501//501 525//525 502//502 
f 494//494 508//508 519//519 
f 495//495 519//519 525//525 
f 495//495 494//494 519//519 
f 507//507 476//476 510//510 
f 429//429 497//497 539//539 
f 542//542 511//511 496//496 
f 493//493 521//521 497//497 
f 523//523 521//521 493//493 
f 526//526 483//483 511//511 
f 482//482 483//483 526//526 
f 574//574 627//627 447//447 
f 596//596 448//448 447//447 
f 485//485 448//448 596//596 
f 632//632 461//461 460//460 
f 485//485 596//596 460//460 
f 469//469 512//512 514//514 
f 514//514 603//603 513//513 
f 468//468 465//465 633//633 
f 469//469 468//468 512//512 
f 512//512 468//468 633//633 
f 515//515 520//520 504//504 
f 518//518 520//520 515//515 
f 517//517 504//504 520//520 
f 530//530 529//529 506//506 
f 528//528 530//530 506//506 
f 517//517 505//505 504//504 
f 528//528 505//505 517//517 
f 500//500 502//502 524//524 
f 532//532 508//508 516//516 
f 507//507 537//537 522//522 
f 510//510 537//537 507//507 
f 497//497 521//521 539//539 
f 523//523 492//492 522//522 
f 533//533 523//523 522//522 
f 519//519 508//508 535//535 
f 525//525 524//524 502//502 
f 535//535 508//508 532//532 
f 509//509 482//482 526//526 
f 429//429 539//539 496//496 
f 496//496 538//538 542//542 
f 539//539 1020//1020 496//496 
f 540//540 509//509 526//526 
f 484//484 527//527 459//459 
f 459//459 597//597 435//435 
f 527//527 597//597 459//459 
f 632//632 460//460 596//596 
f 500//500 524//524 518//518 
f 518//518 531//531 520//520 
f 547//547 531//531 518//518 
f 524//524 547//547 518//518 
f 543//543 528//528 517//517 
f 520//520 531//531 544//544 
f 520//520 544//544 517//517 
f 544//544 543//543 517//517 
f 528//528 545//545 530//530 
f 545//545 528//528 543//543 
f 532//532 516//516 529//529 
f 549//549 529//529 530//530 
f 586//586 529//529 549//549 
f 524//524 525//525 546//546 
f 525//525 519//519 536//536 
f 557//557 532//532 529//529 
f 586//586 557//557 529//529 
f 535//535 532//532 563//563 
f 522//522 551//551 533//533 
f 537//537 551//551 522//522 
f 523//523 534//534 521//521 
f 533//533 534//534 523//523 
f 536//536 519//519 535//535 
f 546//546 525//525 536//536 
f 567//567 536//536 535//535 
f 568//568 510//510 1019//1019 
f 1019//1019 540//540 568//568 
f 511//511 541//541 526//526 
f 569//569 510//510 568//568 
f 542//542 541//541 511//511 
f 569//569 537//537 510//510 
f 533//533 552//552 534//534 
f 554//554 1020//1020 539//539 
f 1021//1021 542//542 538//538 
f 598//598 527//527 484//484 
f 598//598 484//484 555//555 
f 484//484 463//463 555//555 
f 555//555 463//463 556//556 
f 555//555 556//556 599//599 
f 514//514 512//512 602//602 
f 602//602 512//512 633//633 
f 548//548 545//545 543//543 
f 548//548 543//543 544//544 
f 548//548 544//544 558//558 
f 558//558 544//544 531//531 
f 530//530 550//550 549//549 
f 545//545 550//550 530//530 
f 560//560 524//524 546//546 
f 560//560 547//547 524//524 
f 547//547 561//561 531//531 
f 532//532 557//557 563//563 
f 548//548 550//550 545//545 
f 551//551 552//552 533//533 
f 534//534 553//553 521//521 
f 552//552 566//566 534//534 
f 566//566 553//553 534//534 
f 564//564 551//551 537//537 
f 569//569 564//564 537//537 
f 521//521 553//553 539//539 
f 563//563 567//567 535//535 
f 559//559 546//546 536//536 
f 536//536 1023//1023 559//559 
f 553//553 592//592 539//539 
f 592//592 554//554 539//539 
f 553//553 593//593 592//592 
f 540//540 526//526 541//541 
f 540//540 541//541 571//571 
f 573//573 571//571 541//541 
f 540//540 591//591 568//568 
f 540//540 572//572 591//591 
f 541//541 542//542 573//573 
f 597//597 574//574 435//435 
f 597//597 527//527 598//598 
f 435//435 574//574 433//433 
f 462//462 461//461 632//632 
f 599//599 556//556 600//600 
f 555//555 599//599 598//598 
f 464//464 575//575 556//556 
f 575//575 464//464 498//498 
f 576//576 498//498 513//513 
f 560//560 562//562 547//547 
f 547//547 562//562 561//561 
f 577//577 550//550 548//548 
f 558//558 579//579 548//548 
f 577//577 548//548 579//579 
f 546//546 1022//1022 560//560 
f 561//561 558//558 531//531 
f 577//577 582//582 550//550 
f 578//578 558//558 561//561 
f 562//562 578//578 561//561 
f 563//563 557//557 584//584 
f 586//586 584//584 557//557 
f 570//570 566//566 552//552 
f 551//551 565//565 552//552 
f 565//565 570//570 552//552 
f 565//565 551//551 564//564 
f 566//566 588//588 553//553 
f 553//553 588//588 593//593 
f 566//566 570//570 588//588 
f 1022//1022 613//613 560//560 
f 559//559 1023//1023 612//612 
f 573//573 542//542 1021//1021 
f 613//613 559//559 612//612 
f 572//572 540//540 571//571 
f 571//571 573//573 622//622 
f 596//596 447//447 627//627 
f 575//575 601//601 600//600 
f 575//575 600//600 556//556 
f 498//498 576//576 575//575 
f 658//658 575//575 576//576 
f 576//576 603//603 658//658 
f 658//658 601//601 575//575 
f 603//603 576//576 513//513 
f 579//579 558//558 583//583 
f 578//578 583//583 558//558 
f 581//581 577//577 579//579 
f 582//582 577//577 581//581 
f 560//560 580//580 562//562 
f 579//579 583//583 581//581 
f 562//562 580//580 578//578 
f 582//582 585//585 550//550 
f 563//563 584//584 590//590 
f 550//550 585//585 549//549 
f 586//586 549//549 585//585 
f 582//582 607//607 585//585 
f 589//589 570//570 565//565 
f 564//564 587//587 565//565 
f 587//587 564//564 610//610 
f 589//589 565//565 587//587 
f 611//611 589//589 587//587 
f 589//589 588//588 570//570 
f 614//614 580//580 560//560 
f 614//614 560//560 613//613 
f 613//613 612//612 645//645 
f 580//580 614//614 608//608 
f 578//578 580//580 608//608 
f 563//563 590//590 594//594 
f 567//567 563//563 594//594 
f 590//590 584//584 617//617 
f 610//610 564//564 569//569 
f 569//569 568//568 618//618 
f 592//592 620//620 554//554 
f 611//611 638//638 589//589 
f 638//638 588//588 589//589 
f 567//567 594//594 612//612 
f 594//594 615//615 612//612 
f 621//621 591//591 572//572 
f 621//621 572//572 571//571 
f 621//621 571//571 622//622 
f 568//568 591//591 618//618 
f 573//573 595//595 622//622 
f 619//619 573//573 1021//1021 
f 573//573 619//619 595//595 
f 597//597 625//625 626//626 
f 597//597 626//626 574//574 
f 625//625 598//598 629//629 
f 598//598 599//599 628//628 
f 623//623 627//627 574//574 
f 597//597 598//598 625//625 
f 599//599 600//600 630//630 
f 462//462 632//632 633//633 
f 661//661 602//602 633//633 
f 514//514 602//602 603//603 
f 578//578 604//604 583//583 
f 608//608 604//604 578//578 
f 583//583 604//604 605//605 
f 581//581 583//583 605//605 
f 581//581 605//605 609//609 
f 582//582 581//581 609//609 
f 634//634 607//607 582//582 
f 634//634 582//582 609//609 
f 636//636 584//584 586//586 
f 586//586 606//606 636//636 
f 585//585 606//606 586//586 
f 606//606 585//585 607//607 
f 608//608 605//605 604//604 
f 590//590 616//616 594//594 
f 615//615 594//594 616//616 
f 617//617 616//616 590//590 
f 636//636 617//617 584//584 
f 618//618 610//610 569//569 
f 610//610 611//611 587//587 
f 588//588 638//638 593//593 
f 610//610 639//639 611//611 
f 638//638 611//611 639//639 
f 647//647 612//612 615//615 
f 615//615 616//616 647//647 
f 612//612 647//647 645//645 
f 617//617 643//643 616//616 
f 613//613 645//645 646//646 
f 618//618 591//591 621//621 
f 610//610 618//618 637//637 
f 637//637 640//640 610//610 
f 593//593 644//644 592//592 
f 644//644 620//620 592//592 
f 593//593 638//638 644//644 
f 620//620 1024//1024 554//554 
f 620//620 719//719 1024//1024 
f 616//616 643//643 642//642 
f 629//629 653//653 625//625 
f 625//625 649//649 626//626 
f 629//629 654//654 653//653 
f 654//654 629//629 628//628 
f 649//649 625//625 653//653 
f 626//626 623//623 574//574 
f 596//596 627//627 650//650 
f 624//624 596//596 650//650 
f 659//659 632//632 656//656 
f 654//654 628//628 655//655 
f 655//655 628//628 630//630 
f 629//629 598//598 628//628 
f 628//628 599//599 630//630 
f 655//655 630//630 631//631 
f 601//601 658//658 631//631 
f 632//632 596//596 624//624 
f 659//659 660//660 633//633 
f 661//661 633//633 660//660 
f 600//600 631//631 630//630 
f 631//631 600//600 601//601 
f 603//603 698//698 658//658 
f 602//602 661//661 657//657 
f 657//657 603//603 602//602 
f 632//632 659//659 633//633 
f 634//634 662//662 607//607 
f 614//614 641//641 608//608 
f 609//609 605//605 635//635 
f 605//605 608//608 635//635 
f 635//635 608//608 665//665 
f 662//662 606//606 607//607 
f 634//634 663//663 662//662 
f 610//610 640//640 639//639 
f 638//638 639//639 664//664 
f 669//669 614//614 613//613 
f 641//641 614//614 669//669 
f 669//669 613//613 646//646 
f 608//608 641//641 665//665 
f 643//643 617//617 636//636 
f 662//662 673//673 606//606 
f 618//618 621//621 711//711 
f 637//637 618//618 675//675 
f 664//664 639//639 668//668 
f 668//668 639//639 640//640 
f 646//646 645//645 678//678 
f 678//678 669//669 646//646 
f 641//641 669//669 670//670 
f 642//642 643//643 671//671 
f 643//643 636//636 671//671 
f 642//642 647//647 616//616 
f 642//642 671//671 647//647 
f 647//647 671//671 710//710 
f 619//619 648//648 595//595 
f 648//648 619//619 724//724 
f 679//679 622//622 595//595 
f 621//621 622//622 1028//1028 
f 1025//1025 679//679 595//595 
f 622//622 679//679 1028//1028 
f 685//685 649//649 686//686 
f 685//685 623//623 649//649 
f 688//688 627//627 623//623 
f 689//689 650//650 627//627 
f 688//688 689//689 627//627 
f 653//653 686//686 649//649 
f 649//649 623//623 626//626 
f 650//650 652//652 624//624 
f 653//653 654//654 692//692 
f 692//692 654//654 655//655 
f 700//700 746//746 701//701 
f 652//652 651//651 624//624 
f 632//632 624//624 651//651 
f 700//700 659//659 656//656 
f 651//651 656//656 632//632 
f 659//659 700//700 660//660 
f 660//660 700//700 701//701 
f 696//696 658//658 697//697 
f 696//696 655//655 631//631 
f 658//658 696//696 631//631 
f 697//697 658//658 698//698 
f 603//603 657//657 698//698 
f 661//661 701//701 657//657 
f 701//701 661//661 660//660 
f 634//634 609//609 663//663 
f 609//609 635//635 663//663 
f 663//663 635//635 666//666 
f 666//666 635//635 665//665 
f 670//670 665//665 641//641 
f 702//702 666//666 665//665 
f 636//636 606//606 672//672 
f 672//672 606//606 673//673 
f 667//667 662//662 663//663 
f 705//705 663//663 666//666 
f 640//640 637//637 674//674 
f 637//637 675//675 674//674 
f 668//668 640//640 674//674 
f 676//676 638//638 664//664 
f 676//676 644//644 638//638 
f 664//664 668//668 703//703 
f 669//669 678//678 709//709 
f 670//670 669//669 721//721 
f 721//721 704//704 670//670 
f 670//670 704//704 665//665 
f 671//671 636//636 672//672 
f 673//673 662//662 667//667 
f 618//618 711//711 714//714 
f 675//675 618//618 714//714 
f 668//668 674//674 707//707 
f 620//620 680//680 719//719 
f 620//620 644//644 680//680 
f 680//680 644//644 676//676 
f 721//721 669//669 709//709 
f 677//677 645//645 647//647 
f 710//710 677//677 647//647 
f 681//681 645//645 677//677 
f 678//678 645//645 681//681 
f 710//710 726//726 677//677 
f 724//724 619//619 682//682 
f 1024//1024 719//719 1027//1027 
f 722//722 1029//1029 1026//1026 
f 722//722 679//679 1025//1025 
f 715//715 675//675 714//714 
f 674//674 675//675 715//715 
f 680//680 676//676 751//751 
f 677//677 726//726 727//727 
f 677//677 727//727 681//681 
f 709//709 678//678 764//764 
f 710//710 671//671 713//713 
f 727//727 678//678 681//681 
f 726//726 710//710 723//723 
f 1025//1025 724//724 722//722 
f 719//719 730//730 1027//1027 
f 728//728 724//724 682//682 
f 736//736 689//689 688//688 
f 684//684 687//687 683//683 
f 684//684 736//736 685//685 
f 684//684 685//685 686//686 
f 687//687 692//692 737//737 
f 737//737 683//683 687//687 
f 688//688 685//685 736//736 
f 686//686 687//687 684//684 
f 685//685 688//688 623//623 
f 690//690 739//739 691//691 
f 690//690 652//652 650//650 
f 689//689 690//690 650//650 
f 652//652 690//690 691//691 
f 694//694 652//652 691//691 
f 741//741 694//694 691//691 
f 691//691 739//739 741//741 
f 653//653 687//687 686//686 
f 653//653 692//692 687//687 
f 692//692 655//655 693//693 
f 738//738 692//692 693//693 
f 743//743 693//693 655//655 
f 652//652 694//694 651//651 
f 741//741 695//695 694//694 
f 694//694 656//656 651//651 
f 694//694 695//695 656//656 
f 743//743 655//655 696//696 
f 786//786 697//697 698//698 
f 699//699 698//698 657//657 
f 700//700 695//695 746//746 
f 656//656 695//695 700//700 
f 699//699 657//657 701//701 
f 746//746 699//699 701//701 
f 663//663 705//705 667//667 
f 706//706 667//667 705//705 
f 673//673 667//667 706//706 
f 702//702 705//705 666//666 
f 665//665 704//704 702//702 
f 676//676 664//664 703//703 
f 704//704 747//747 702//702 
f 702//702 747//747 705//705 
f 717//717 716//716 672//672 
f 717//717 672//672 673//673 
f 707//707 674//674 718//718 
f 718//718 674//674 715//715 
f 668//668 707//707 703//703 
f 708//708 676//676 703//703 
f 703//703 759//759 708//708 
f 676//676 720//720 751//751 
f 708//708 720//720 676//676 
f 759//759 720//720 708//708 
f 705//705 747//747 748//748 
f 704//704 721//721 752//752 
f 671//671 672//672 713//713 
f 705//705 748//748 706//706 
f 748//748 759//759 706//706 
f 759//759 749//749 706//706 
f 749//749 673//673 706//706 
f 713//713 712//712 710//710 
f 710//710 712//712 723//723 
f 1037//1037 1030//1030 1034//1034 
f 1030//1030 1032//1032 1034//1034 
f 1033//1033 1031//1031 1045//1045 
f 1029//1029 722//722 1046//1046 
f 1039//1039 1038//1038 1035//1035 
f 713//713 672//672 716//716 
f 1043//1043 1040//1040 1036//1036 
f 707//707 718//718 750//750 
f 707//707 750//750 703//703 
f 716//716 717//717 1041//1041 
f 1042//1042 1044//1044 718//718 
f 1044//1044 749//749 718//718 
f 720//720 757//757 751//751 
f 764//764 678//678 727//727 
f 764//764 721//721 709//709 
f 765//765 721//721 764//764 
f 722//722 725//725 1046//1046 
f 724//724 725//725 722//722 
f 723//723 725//725 726//726 
f 728//728 725//725 724//724 
f 729//729 728//728 682//682 
f 1027//1027 730//730 1047//1047 
f 728//728 726//726 725//725 
f 766//766 764//764 727//727 
f 728//728 729//729 726//726 
f 726//726 729//729 727//727 
f 731//731 1047//1047 730//730 
f 729//729 731//731 727//727 
f 731//731 730//730 768//768 
f 680//680 753//753 719//719 
f 753//753 730//730 719//719 
f 731//731 770//770 727//727 
f 731//731 768//768 770//770 
f 727//727 770//770 766//766 
f 772//772 689//689 774//774 
f 732//732 689//689 772//772 
f 733//733 684//684 734//734 
f 773//773 733//733 734//734 
f 734//734 735//735 777//777 
f 735//735 734//734 737//737 
f 736//736 684//684 774//774 
f 689//689 736//736 774//774 
f 690//690 689//689 732//732 
f 690//690 732//732 776//776 
f 690//690 776//776 779//779 
f 779//779 739//739 690//690 
f 684//684 683//683 734//734 
f 683//683 737//737 734//734 
f 692//692 738//738 737//737 
f 735//735 737//737 738//738 
f 735//735 738//738 781//781 
f 781//781 742//742 782//782 
f 742//742 785//785 782//782 
f 781//781 738//738 742//742 
f 780//780 739//739 779//779 
f 780//780 740//740 739//739 
f 740//740 741//741 739//739 
f 789//789 746//746 740//740 
f 789//789 740//740 780//780 
f 741//741 740//740 695//695 
f 695//695 740//740 746//746 
f 742//742 738//738 693//693 
f 744//744 784//784 785//785 
f 742//742 693//693 743//743 
f 743//743 785//785 742//742 
f 744//744 785//785 743//743 
f 784//784 744//744 786//786 
f 696//696 744//744 743//743 
f 745//745 699//699 746//746 
f 745//745 698//698 699//699 
f 698//698 745//745 786//786 
f 744//744 696//696 697//697 
f 744//744 697//697 786//786 
f 752//752 747//747 704//704 
f 673//673 749//749 717//717 
f 718//718 749//749 750//750 
f 757//757 720//720 759//759 
f 748//748 747//747 761//761 
f 747//747 752//752 762//762 
f 703//703 750//750 759//759 
f 759//759 750//750 749//749 
f 747//747 762//762 761//761 
f 751//751 756//756 755//755 
f 751//751 757//757 756//756 
f 751//751 755//755 680//680 
f 765//765 752//752 721//721 
f 761//761 759//759 748//748 
f 1048//1048 753//753 680//680 
f 730//730 753//753 754//754 
f 1048//1048 754//754 753//753 
f 756//756 757//757 758//758 
f 758//758 755//755 756//756 
f 760//760 758//758 757//757 
f 791//791 755//755 758//758 
f 760//760 791//791 758//758 
f 760//760 757//757 759//759 
f 754//754 769//769 730//730 
f 769//769 754//754 794//794 
f 794//794 754//754 1048//1048 
f 765//765 763//763 752//752 
f 752//752 763//763 762//762 
f 794//794 755//755 791//791 
f 792//792 765//765 764//764 
f 765//765 793//793 763//763 
f 792//792 793//793 765//765 
f 793//793 762//762 763//763 
f 768//768 802//802 770//770 
f 767//767 764//764 766//766 
f 792//792 764//764 767//767 
f 730//730 769//769 768//768 
f 768//768 771//771 802//802 
f 768//768 799//799 771//771 
f 770//770 802//802 805//805 
f 805//805 766//766 770//770 
f 773//773 811//811 813//813 
f 772//772 774//774 814//814 
f 812//812 1049//1049 777//777 
f 777//777 817//817 812//812 
f 733//733 773//773 813//813 
f 1049//1049 734//734 777//777 
f 813//813 774//774 733//733 
f 813//813 814//814 774//774 
f 774//774 684//684 733//733 
f 772//772 816//816 732//732 
f 732//732 816//816 776//776 
f 816//816 820//820 776//776 
f 779//779 776//776 820//820 
f 775//775 779//779 820//820 
f 781//781 823//823 777//777 
f 823//823 782//782 822//822 
f 787//787 826//826 788//788 
f 780//780 779//779 775//775 
f 778//778 780//780 775//775 
f 787//787 778//778 826//826 
f 778//778 789//789 780//780 
f 781//781 777//777 735//735 
f 781//781 782//782 823//823 
f 782//782 785//785 783//783 
f 784//784 783//783 785//785 
f 784//784 786//786 825//825 
f 825//825 786//786 788//788 
f 787//787 788//788 745//745 
f 786//786 745//745 788//788 
f 778//778 787//787 789//789 
f 787//787 746//746 789//789 
f 787//787 745//745 746//746 
f 762//762 790//790 761//761 
f 795//795 759//759 761//761 
f 760//760 759//759 795//795 
f 795//795 761//761 790//790 
f 769//769 794//794 798//798 
f 762//762 793//793 796//796 
f 794//794 791//791 798//798 
f 790//790 762//762 796//796 
f 834//834 760//760 795//795 
f 790//790 796//796 827//827 
f 790//790 827//827 795//795 
f 791//791 829//829 798//798 
f 760//760 829//829 791//791 
f 829//829 760//760 834//834 
f 766//766 800//800 767//767 
f 767//767 801//801 792//792 
f 801//801 767//767 800//800 
f 793//793 828//828 796//796 
f 796//796 828//828 827//827 
f 769//769 799//799 768//768 
f 797//797 792//792 801//801 
f 793//793 792//792 797//797 
f 766//766 805//805 800//800 
f 793//793 831//831 828//828 
f 793//793 797//797 831//831 
f 771//771 799//799 804//804 
f 799//799 769//769 798//798 
f 799//799 798//798 842//842 
f 799//799 842//842 804//804 
f 797//797 830//830 831//831 
f 801//801 830//830 797//797 
f 836//836 830//830 801//801 
f 804//804 803//803 771//771 
f 801//801 800//800 838//838 
f 836//836 801//801 838//838 
f 805//805 802//802 807//807 
f 802//802 771//771 803//803 
f 802//802 806//806 807//807 
f 802//802 803//803 806//806 
f 805//805 838//838 800//800 
f 804//804 845//845 803//803 
f 807//807 850//850 805//805 
f 806//806 808//808 807//807 
f 803//803 845//845 806//806 
f 847//847 853//853 806//806 
f 808//808 856//856 807//807 
f 806//806 853//853 808//808 
f 810//810 809//809 1050//1050 
f 890//890 810//810 812//812 
f 809//809 811//811 1050//1050 
f 809//809 888//888 811//811 
f 811//811 888//888 814//814 
f 891//891 814//814 1051//1051 
f 889//889 890//890 894//894 
f 811//811 773//773 1050//1050 
f 817//817 890//890 812//812 
f 813//813 811//811 814//814 
f 891//891 815//815 816//816 
f 891//891 772//772 814//814 
f 891//891 816//816 772//772 
f 899//899 821//821 815//815 
f 894//894 890//890 817//817 
f 894//894 818//818 822//822 
f 818//818 894//894 817//817 
f 900//900 982//982 822//822 
f 817//817 777//777 823//823 
f 823//823 818//818 817//817 
f 819//819 821//821 904//904 
f 816//816 815//815 820//820 
f 815//815 821//821 820//820 
f 826//826 819//819 824//824 
f 819//819 905//905 824//824 
f 821//821 775//775 820//820 
f 821//821 778//778 775//775 
f 778//778 821//821 819//819 
f 819//819 826//826 778//778 
f 823//823 822//822 818//818 
f 900//900 822//822 902//902 
f 902//902 822//822 783//783 
f 822//822 782//782 783//783 
f 784//784 825//825 902//902 
f 903//903 824//824 905//905 
f 824//824 903//903 825//825 
f 824//824 825//825 788//788 
f 824//824 788//788 826//826 
f 784//784 902//902 783//783 
f 795//795 827//827 835//835 
f 832//832 827//827 828//828 
f 827//827 832//832 835//835 
f 795//795 835//835 834//834 
f 828//828 833//833 832//832 
f 830//830 837//837 831//831 
f 830//830 836//836 837//837 
f 831//831 833//833 828//828 
f 831//831 837//837 833//833 
f 906//906 829//829 834//834 
f 906//906 834//834 835//835 
f 832//832 833//833 841//841 
f 798//798 829//829 843//843 
f 842//842 798//798 843//843 
f 833//833 837//837 840//840 
f 833//833 840//840 841//841 
f 835//835 832//832 841//841 
f 906//906 843//843 829//829 
f 839//839 836//836 846//846 
f 837//837 836//836 839//839 
f 846//846 836//836 838//838 
f 846//846 838//838 805//805 
f 840//840 837//837 839//839 
f 841//841 840//840 844//844 
f 840//840 839//839 844//844 
f 842//842 845//845 804//804 
f 906//906 911//911 843//843 
f 852//852 839//839 846//846 
f 844//844 839//839 852//852 
f 806//806 845//845 847//847 
f 845//845 848//848 847//847 
f 842//842 848//848 845//845 
f 842//842 843//843 849//849 
f 843//843 911//911 849//849 
f 848//848 842//842 849//849 
f 851//851 805//805 850//850 
f 851//851 846//846 805//805 
f 848//848 849//849 861//861 
f 807//807 856//856 850//850 
f 846//846 855//855 852//852 
f 913//913 909//909 852//852 
f 852//852 855//855 913//913 
f 855//855 846//846 851//851 
f 861//861 847//847 848//848 
f 847//847 861//861 853//853 
f 861//861 849//849 854//854 
f 854//854 849//849 911//911 
f 851//851 850//850 862//862 
f 857//857 855//855 851//851 
f 853//853 858//858 808//808 
f 856//856 808//808 859//859 
f 862//862 850//850 856//856 
f 857//857 851//851 862//862 
f 808//808 858//858 859//859 
f 858//858 866//866 859//859 
f 853//853 861//861 860//860 
f 863//863 862//862 856//856 
f 864//864 862//862 863//863 
f 862//862 864//864 857//857 
f 857//857 864//864 918//918 
f 853//853 860//860 858//858 
f 858//858 867//867 866//866 
f 858//858 868//868 867//867 
f 860//860 868//868 858//858 
f 860//860 865//865 868//868 
f 861//861 865//865 860//860 
f 854//854 865//865 861//861 
f 921//921 865//865 854//854 
f 868//868 865//865 928//928 
f 928//928 865//865 921//921 
f 918//918 864//864 925//925 
f 863//863 856//856 870//870 
f 870//870 856//856 859//859 
f 859//859 866//866 870//870 
f 871//871 863//863 870//870 
f 871//871 864//864 863//863 
f 867//867 876//876 866//866 
f 867//867 868//868 872//872 
f 872//872 868//868 869//869 
f 928//928 869//869 868//868 
f 932//932 869//869 928//928 
f 925//925 864//864 934//934 
f 934//934 864//864 871//871 
f 867//867 872//872 876//876 
f 876//876 870//870 866//866 
f 871//871 870//870 878//878 
f 871//871 878//878 944//944 
f 871//871 944//944 934//934 
f 869//869 874//874 872//872 
f 941//941 869//869 932//932 
f 869//869 941//941 874//874 
f 876//876 872//872 873//873 
f 872//872 874//874 873//873 
f 874//874 941//941 947//947 
f 874//874 875//875 873//873 
f 876//876 873//873 879//879 
f 874//874 947//947 875//875 
f 870//870 876//876 878//878 
f 873//873 877//877 879//879 
f 875//875 947//947 877//877 
f 877//877 873//873 875//875 
f 947//947 953//953 877//877 
f 876//876 880//880 878//878 
f 876//876 879//879 880//880 
f 884//884 878//878 880//880 
f 884//884 880//880 883//883 
f 879//879 881//881 882//882 
f 879//879 882//882 880//880 
f 880//880 882//882 883//883 
f 877//877 881//881 879//879 
f 877//877 959//959 881//881 
f 953//953 959//959 877//877 
f 881//881 886//886 885//885 
f 881//881 959//959 886//886 
f 884//884 889//889 963//963 
f 881//881 885//885 882//882 
f 882//882 885//885 887//887 
f 882//882 887//887 883//883 
f 884//884 883//883 887//887 
f 966//966 886//886 959//959 
f 884//884 887//887 889//889 
f 810//810 887//887 885//885 
f 890//890 887//887 810//810 
f 889//889 887//887 890//890 
f 885//885 886//886 888//888 
f 885//885 809//809 810//810 
f 888//888 809//809 885//885 
f 1051//1051 886//886 966//966 
f 966//966 972//972 891//891 
f 972//972 893//893 891//891 
f 891//891 1051//1051 966//966 
f 968//968 963//963 889//889 
f 981//981 896//896 892//892 
f 892//892 899//899 893//893 
f 968//968 889//889 894//894 
f 894//894 974//974 968//968 
f 894//894 982//982 974//974 
f 977//977 900//900 895//895 
f 981//981 983//983 896//896 
f 983//983 895//895 897//897 
f 895//895 901//901 897//897 
f 896//896 898//898 892//892 
f 897//897 905//905 896//896 
f 903//903 905//905 897//897 
f 895//895 902//902 901//901 
f 900//900 902//902 895//895 
f 896//896 983//983 897//897 
f 897//897 901//901 903//903 
f 893//893 899//899 815//815 
f 893//893 815//815 891//891 
f 898//898 899//899 892//892 
f 896//896 905//905 898//898 
f 904//904 821//821 899//899 
f 899//899 898//898 904//904 
f 894//894 822//822 982//982 
f 903//903 901//901 825//825 
f 825//825 901//901 902//902 
f 898//898 905//905 904//904 
f 904//904 905//905 819//819 
f 841//841 907//907 835//835 
f 835//835 907//907 908//908 
f 835//835 908//908 906//906 
f 841//841 844//844 907//907 
f 852//852 909//909 844//844 
f 844//844 909//909 907//907 
f 907//907 909//909 910//910 
f 906//906 912//912 911//911 
f 912//912 906//906 908//908 
f 855//855 914//914 913//913 
f 909//909 913//913 915//915 
f 907//907 910//910 908//908 
f 909//909 915//915 910//910 
f 917//917 911//911 912//912 
f 914//914 855//855 857//857 
f 857//857 918//918 914//914 
f 919//919 913//913 914//914 
f 919//919 914//914 918//918 
f 916//916 917//917 912//912 
f 912//912 908//908 916//916 
f 910//910 922//922 908//908 
f 916//916 908//908 922//922 
f 910//910 915//915 920//920 
f 854//854 911//911 921//921 
f 917//917 921//921 911//911 
f 916//916 931//931 917//917 
f 918//918 923//923 919//919 
f 919//919 924//924 913//913 
f 915//915 913//913 924//924 
f 920//920 915//915 924//924 
f 916//916 922//922 931//931 
f 922//922 910//910 920//920 
f 930//930 929//929 921//921 
f 921//921 917//917 930//930 
f 917//917 931//931 930//930 
f 923//923 918//918 925//925 
f 919//919 923//923 933//933 
f 919//919 933//933 924//924 
f 933//933 923//923 935//935 
f 924//924 933//933 926//926 
f 924//924 926//926 927//927 
f 924//924 927//927 920//920 
f 922//922 920//920 984//984 
f 920//920 927//927 984//984 
f 927//927 939//939 984//984 
f 928//928 921//921 929//929 
f 932//932 928//928 929//929 
f 930//930 932//932 929//929 
f 930//930 940//940 932//932 
f 940//940 930//930 931//931 
f 935//935 925//925 934//934 
f 935//935 923//923 925//925 
f 936//936 935//935 934//934 
f 935//935 937//937 933//933 
f 936//936 937//937 935//935 
f 938//938 926//926 933//933 
f 938//938 933//933 937//937 
f 927//927 926//926 939//939 
f 938//938 939//939 926//926 
f 936//936 943//943 937//937 
f 938//938 937//937 943//943 
f 931//931 987//987 940//940 
f 942//942 941//941 932//932 
f 932//932 940//940 942//942 
f 942//942 940//940 946//946 
f 934//934 945//945 936//936 
f 945//945 934//934 944//944 
f 943//943 936//936 945//945 
f 938//938 985//985 939//939 
f 950//950 985//985 938//938 
f 985//985 950//950 988//988 
f 940//940 987//987 946//946 
f 948//948 947//947 941//941 
f 941//941 942//942 948//948 
f 946//946 949//949 942//942 
f 946//946 987//987 949//949 
f 953//953 947//947 948//948 
f 955//955 949//949 987//987 
f 950//950 938//938 943//943 
f 945//945 944//944 956//956 
f 951//951 945//945 956//956 
f 951//951 943//943 945//945 
f 950//950 943//943 951//951 
f 950//950 952//952 988//988 
f 956//956 944//944 878//878 
f 951//951 952//952 950//950 
f 958//958 952//952 951//951 
f 952//952 990//990 988//988 
f 990//990 952//952 958//958 
f 942//942 949//949 948//948 
f 954//954 948//948 949//949 
f 993//993 955//955 987//987 
f 948//948 954//954 953//953 
f 955//955 954//954 949//949 
f 878//878 963//963 956//956 
f 958//958 951//951 957//957 
f 884//884 963//963 878//878 
f 951//951 956//956 957//957 
f 956//956 963//963 962//962 
f 962//962 957//957 956//956 
f 958//958 957//957 962//962 
f 953//953 960//960 959//959 
f 954//954 960//960 953//953 
f 954//954 961//961 960//960 
f 955//955 967//967 954//954 
f 954//954 967//967 961//961 
f 955//955 993//993 967//967 
f 960//960 966//966 959//959 
f 961//961 966//966 960//960 
f 964//964 958//958 962//962 
f 958//958 964//964 990//990 
f 962//962 963//963 968//968 
f 990//990 964//964 965//965 
f 965//965 996//996 990//990 
f 997//997 996//996 965//965 
f 966//966 961//961 972//972 
f 993//993 969//969 967//967 
f 969//969 993//993 994//994 
f 961//961 967//967 972//972 
f 998//998 969//969 994//994 
f 962//962 968//968 964//964 
f 976//976 997//997 965//965 
f 974//974 964//964 968//968 
f 964//964 974//974 965//965 
f 998//998 997//997 970//970 
f 969//969 998//998 971//971 
f 981//981 969//969 971//971 
f 998//998 970//970 971//971 
f 997//997 978//978 970//970 
f 967//967 973//973 972//972 
f 981//981 892//892 973//973 
f 973//973 967//967 969//969 
f 969//969 981//981 973//973 
f 892//892 893//893 972//972 
f 892//892 972//972 973//973 
f 974//974 982//982 975//975 
f 965//965 974//974 975//975 
f 976//976 965//965 975//975 
f 978//978 997//997 976//976 
f 977//977 976//976 975//975 
f 976//976 977//977 978//978 
f 982//982 977//977 975//975 
f 970//970 979//979 971//971 
f 971//971 979//979 981//981 
f 980//980 978//978 977//977 
f 978//978 980//980 970//970 
f 979//979 970//970 980//980 
f 983//983 981//981 979//979 
f 979//979 980//980 983//983 
f 900//900 977//977 982//982 
f 980//980 977//977 895//895 
f 980//980 895//895 983//983 
f 986//986 922//922 984//984 
f 987//987 931//931 986//986 
f 922//922 986//986 931//931 
f 984//984 939//939 985//985 
f 985//985 988//988 989//989 
f 986//986 984//984 989//989 
f 986//986 989//989 992//992 
f 984//984 985//985 989//989 
f 992//992 989//989 991//991 
f 991//991 989//989 988//988 
f 993//993 987//987 986//986 
f 994//994 993//993 986//986 
f 992//992 994//994 986//986 
f 988//988 990//990 991//991 
f 992//992 991//991 996//996 
f 991//991 990//990 996//996 
f 995//995 996//996 997//997 
f 992//992 996//996 995//995 
f 992//992 995//995 994//994 
f 994//994 995//995 998//998 
f 995//995 997//997 998//998 
