#
# Compatibility version : 4.3
# File ID : FJ3975
# Representation ID : BP29013
# Build-up logic : FMA 3.0 is_a
# Concept ID : FMA52937
# English name : Left posterior superior alveolar nerve
# Bounds(mm): (24.252600,-144.082400,1470.362200)-(33.803400,-130.927500,1508.201900)
# Volume(cm3): 0.019200
#
v 24.3416 -137.702 1479.4
v 24.3156 -137.572 1480.39
v 24.2926 -137.437 1480.47
v 24.3646 -137.589 1480.63
v 24.3053 -137.253 1480.79
v 24.2599 -136.949 1482.18
v 24.3233 -136.91 1481.73
v 24.3073 -136.971 1482.6
v 24.2807 -136.584 1482.96
v 24.2712 -136.39 1484.06
v 24.3415 -136.56 1484.06
v 24.3202 -135.922 1485.05
v 24.3576 -135.906 1484.88
v 24.3186 -135.886 1485.63
v 24.3588 -135.997 1485.69
v 24.7526 -139.571 1473.25
v 24.7183 -139.067 1474.49
v 24.6409 -139.126 1475.14
v 24.5252 -138.739 1476.33
v 24.6165 -138.859 1476.28
v 24.6836 -138.5 1476.32
v 24.5003 -138.496 1476.68
v 24.6141 -138.51 1477.67
v 24.428 -138.234 1478.24
v 24.5138 -138.305 1478.3
v 24.3793 -138.071 1478.47
v 24.3994 -137.826 1478.79
v 24.4711 -137.785 1478.75
v 24.6365 -138.199 1478.8
v 24.5157 -137.959 1479.62
v 24.7288 -137.758 1478.98
v 24.4187 -137.244 1482.03
v 24.5688 -137.223 1482.25
v 24.7089 -137.14 1481
v 24.5274 -136.942 1481.38
v 24.6797 -137.156 1482.42
v 24.4237 -136.831 1483.43
v 24.368 -136.482 1482.96
v 24.5815 -136.358 1483.24
v 24.6245 -136.199 1485.69
v 24.515 -135.956 1486.27
v 24.4829 -135.736 1485.18
v 24.3955 -135.533 1486.88
v 24.4735 -135.607 1487.08
v 24.7175 -135.574 1487.66
v 24.6658 -135.365 1488.15
v 24.4659 -135.249 1486.87
v 24.4548 -135.177 1487.76
v 24.4434 -135.183 1487.39
v 24.4865 -135.233 1487.92
v 24.5964 -134.869 1488.99
v 24.6512 -134.992 1488.98
v 24.5718 -134.727 1488.83
v 24.5992 -134.668 1488.69
v 24.7034 -134.568 1488.69
v 24.7397 -134.42 1490.12
v 24.7061 -134.39 1489.49
v 25.0109 -140.354 1470.41
v 25.065 -140.421 1470.42
v 25.0684 -140.358 1470.37
v 25.0655 -140.307 1470.37
v 25.1155 -140.428 1470.41
v 25.1173 -140.36 1470.37
v 25.1155 -140.307 1470.37
v 25.0031 -140.357 1470.61
v 24.9808 -140.315 1470.59
v 24.9901 -140.275 1470.55
v 25.0597 -140.416 1470.55
v 25.0629 -140.243 1470.47
v 25.0427 -140.111 1470.9
v 25.1134 -140.447 1470.46
v 25.1089 -140.418 1470.59
v 25.0873 -140.27 1471.13
v 25.1156 -140.244 1470.47
v 24.9517 -140.084 1471.14
v 25.0929 -140.054 1471.15
v 24.8683 -139.809 1472.79
v 24.7654 -139.178 1475.22
v 24.9381 -138.997 1475.41
v 24.911 -138.852 1475.51
v 24.8348 -138.831 1476.38
v 24.8223 -138.625 1476.04
v 24.8268 -138.011 1478.71
v 24.7854 -138.047 1479.05
v 24.7864 -137.184 1481.22
v 24.7985 -137.078 1482.3
v 24.8473 -136.694 1483.14
v 24.794 -136.39 1483.53
v 24.8911 -136.407 1484.4
v 24.9377 -136.073 1485.02
v 24.8754 -136.112 1485.82
v 24.8115 -135.975 1486.42
v 25.0338 -135.77 1486.5
v 24.903 -135.805 1485.39
v 24.8808 -135.505 1486.07
v 24.7619 -135.253 1486.58
v 25.1162 -135.345 1487.2
v 24.9515 -135.271 1488.68
v 25.0736 -135.195 1488.87
v 24.8768 -135.122 1489.07
v 24.786 -134.897 1489.48
v 24.9444 -134.642 1488.36
v 24.834 -134.486 1488.79
v 24.8139 -134.515 1490.28
v 24.8381 -134.292 1489.43
v 24.8342 -134.179 1489.88
v 24.8365 -134.128 1490.71
v 25.0548 -134.209 1491.37
v 25.0231 -133.988 1491.63
v 24.9399 -133.874 1490.98
v 25.0197 -133.72 1491.64
v 25.1593 -133.584 1492.43
v 25.1666 -133.45 1492.15
v 25.164 -140.402 1470.4
v 25.1629 -140.354 1470.38
v 25.1868 -140.356 1470.41
v 25.1693 -140.307 1470.41
v 25.1618 -140.432 1470.46
v 25.1957 -140.398 1470.46
v 25.1664 -140.391 1470.61
v 25.1634 -140.366 1470.68
v 25.1474 -140.254 1471.08
v 25.2056 -140.346 1470.47
v 25.2013 -140.345 1470.57
v 25.1896 -140.338 1470.67
v 25.1856 -140.291 1470.49
v 25.1708 -140.177 1471.08
v 25.1672 -135.212 1488.65
v 25.2986 -135.012 1488.92
v 25.3247 -134.909 1488.84
v 25.4952 -133.936 1507.64
v 25.4121 -133.938 1507.77
v 25.3809 -133.887 1507.87
v 25.4007 -133.88 1507.97
v 25.4583 -134.025 1507.92
v 25.454 -133.87 1508.07
v 25.4716 -134.037 1507.78
v 25.5047 -133.972 1508.07
v 25.519 -134.099 1507.83
v 25.1937 -134.811 1488.37
v 25.2651 -134.51 1490.9
v 25.5047 -134.495 1490.58
v 25.2032 -134.356 1491.27
v 25.418 -133.828 1507.69
v 25.3705 -133.786 1507.86
v 25.3825 -133.842 1507.77
v 25.3902 -133.774 1507.75
v 25.4367 -133.602 1507.8
v 25.4502 -133.726 1508.05
v 25.5031 -133.536 1507.89
v 25.2776 -133.955 1492.23
v 25.4509 -133.716 1491.12
v 25.367 -133.535 1491.5
v 25.2123 -133.839 1492.32
v 25.5293 -133.457 1493.51
v 25.1971 -133.497 1491.74
v 25.3774 -133.269 1492.29
v 25.3447 -133.157 1493.12
v 25.4083 -133.307 1493.44
v 25.5372 -132.922 1494.03
v 25.5612 -132.836 1493.71
v 25.5664 -134.104 1507.73
v 25.6663 -134.157 1507.73
v 25.679 -134.063 1507.6
v 25.7918 -134.116 1507.64
v 25.9435 -134.117 1507.68
v 25.565 -134.108 1507.98
v 25.6156 -134.161 1507.88
v 25.6212 -134.074 1508.08
v 25.6657 -134.158 1507.98
v 25.7161 -134.193 1507.84
v 25.7176 -134.116 1508.08
v 25.7672 -134.179 1507.98
v 25.7656 -134.022 1508.16
v 25.8195 -134.199 1507.83
v 25.8199 -134.119 1508.08
v 25.9167 -134.181 1507.83
v 25.9133 -134.172 1507.93
v 25.9081 -134.03 1508.12
v 25.6677 -133.916 1508.18
v 25.8594 -133.92 1508.18
v 25.6846 -133.625 1507.25
v 25.5688 -133.719 1508.15
v 25.5782 -133.566 1508.04
v 25.6951 -133.506 1508
v 25.8724 -133.599 1508.07
v 25.5627 -133.821 1508.16
v 25.6621 -133.77 1508.19
v 25.674 -133.669 1508.16
v 25.767 -133.774 1508.2
v 25.8606 -133.719 1508.16
v 25.9186 -133.822 1508.16
v 25.6742 -134.026 1491.13
v 25.6039 -134.202 1491.63
v 25.7592 -133.988 1492.04
v 25.6408 -133.414 1507.28
v 25.6522 -133.798 1491.31
v 25.6678 -133.594 1493.4
v 25.9383 -132.978 1506.68
v 25.8533 -133.023 1506.95
v 25.957 -132.985 1507.23
v 25.8259 -133.253 1492.56
v 25.9577 -133.356 1492.68
v 25.8398 -132.426 1494.99
v 25.9617 -134.101 1508.03
v 25.964 -133.978 1508.12
v 26.036 -134.095 1507.79
v 26.0143 -134.115 1507.93
v 26.0417 -134.025 1508.02
v 26.0446 -133.923 1508.07
v 26.1072 -134.001 1507.88
v 26.11 -133.95 1507.94
v 26.1036 -133.858 1507.99
v 26.335 -133.6 1507.55
v 26.3137 -133.542 1507.59
v 25.9732 -133.707 1508.09
v 26.0581 -133.808 1508.05
v 26.181 -133.518 1507.77
v 26.1094 -133.202 1506.5
v 26.1931 -133.331 1506.57
v 26.0704 -133.077 1507.42
v 26.1688 -133.329 1507.65
v 25.9793 -133.475 1492.64
v 26.0158 -133.561 1492.91
v 26.0579 -132.987 1506.42
v 25.9522 -132.886 1506.93
v 26.1162 -133.318 1494.1
v 26.2521 -133.216 1494.07
v 26.357 -132.986 1494.2
v 26.2058 -132.551 1506.08
v 26.2248 -132.485 1506.2
v 26.3315 -132.585 1506.66
v 26.2548 -132.728 1494.13
v 26.3175 -132.891 1494.08
v 25.975 -132.255 1495.25
v 26.0527 -132.228 1495.15
v 26.17 -132.24 1495.03
v 26.2253 -131.922 1496.37
v 26.2099 -131.982 1496.55
v 26.3217 -131.957 1497.05
v 26.3621 -133.468 1506.74
v 26.5065 -133.436 1506.83
v 26.519 -133.444 1507.03
v 26.4654 -133.477 1507.26
v 26.5214 -133.136 1507.14
v 26.6457 -133.124 1506.92
v 26.5738 -132.803 1505.65
v 26.7699 -132.864 1505.18
v 26.7461 -132.868 1505.45
v 26.388 -132.816 1505.84
v 26.5992 -132.9 1505.79
v 26.7357 -132.771 1506.63
v 26.471 -133.013 1507.12
v 26.7703 -132.607 1504.92
v 26.6769 -132.51 1505.15
v 26.8595 -132.822 1504.73
v 26.402 -132.561 1505.59
v 26.5593 -132.712 1505.5
v 26.6144 -132.618 1505.3
v 26.5401 -132.634 1506.68
v 26.385 -132.717 1495.85
v 26.5202 -132.709 1495.83
v 26.6899 -132.61 1495.83
v 26.6372 -132.068 1504.74
v 26.5682 -132.028 1504.99
v 26.5435 -132.019 1505.3
v 26.7157 -131.973 1505.53
v 26.4036 -132.268 1505.97
v 26.7152 -132.279 1506.11
v 26.6753 -132.236 1495.6
v 26.3984 -132.221 1496.95
v 26.7752 -131.775 1504.14
v 26.7265 -131.802 1505.03
v 26.4635 -131.82 1496.25
v 26.5627 -131.971 1495.91
v 26.4047 -131.742 1496.65
v 26.6662 -131.891 1498.1
v 26.7015 -131.636 1498.64
v 26.6666 -131.477 1497.45
v 26.6551 -131.493 1498.49
v 26.6779 -131.4 1498.4
v 26.8304 -132.866 1505.5
v 26.819 -132.835 1505.65
v 26.8975 -132.847 1505.5
v 26.8907 -132.827 1505.71
v 26.7407 -132.888 1505.75
v 26.8326 -132.952 1506.45
v 27.0723 -132.784 1504.11
v 26.9655 -132.422 1504.74
v 27.0992 -132.478 1504.43
v 26.8614 -132.5 1504.83
v 26.8429 -132.443 1504.89
v 27.1049 -132.744 1505.33
v 27.1193 -132.669 1505.38
v 27.0485 -132.692 1505.65
v 27.1937 -132.63 1505.22
v 26.8072 -132.477 1506.29
v 26.9286 -132.576 1506.2
v 26.9847 -132.634 1506.11
v 26.7969 -132.187 1504.53
v 26.922 -132.329 1504.63
v 26.9155 -132.396 1504.75
v 27.0155 -132.398 1504.72
v 26.917 -131.99 1505.54
v 27.1407 -132.021 1505.37
v 26.9617 -132.148 1505.75
v 27.0131 -132.291 1505.85
v 26.894 -132.129 1496.26
v 26.9401 -132.26 1496.47
v 26.9545 -132.22 1497.29
v 26.8041 -132.032 1497.99
v 26.9462 -131.875 1503.7
v 27.0875 -131.991 1503.7
v 26.9219 -131.824 1505.23
v 27.0699 -131.938 1505.34
v 26.7542 -131.898 1496.28
v 27.0328 -131.811 1496.95
v 26.8031 -131.709 1498.84
v 26.9173 -131.793 1498.9
v 26.9509 -131.605 1499.6
v 27.0608 -131.504 1500.6
v 27.0618 -131.439 1501.29
v 27.0463 -131.442 1501.99
v 27.0326 -131.513 1502.49
v 27.0994 -131.673 1502.72
v 26.9685 -131.415 1502.84
v 27.0596 -131.382 1504.01
v 26.7992 -131.632 1504.12
v 26.9148 -131.478 1504.09
v 27.0051 -131.567 1504.59
v 26.8085 -131.49 1497.35
v 26.9633 -131.568 1497.28
v 27.1602 -131.567 1497.64
v 26.7505 -131.329 1498.2
v 26.9122 -131.289 1498.12
v 27.0634 -131.308 1498.12
v 27.1102 -131.167 1498.71
v 26.9782 -131.129 1499.03
v 26.8322 -131.28 1499.4
v 26.9167 -131.146 1499.3
v 26.8657 -131.373 1499.7
v 26.9826 -131.13 1500.46
v 26.9813 -131.274 1500.79
v 27.1136 -131.05 1501.82
v 27.0108 -131.274 1502.1
v 27.0194 -131.23 1502.69
v 27.0675 -131.189 1502.94
v 27.1104 -130.996 1500.11
v 27.1114 -130.993 1500.64
v 27.2144 -132.479 1505.09
v 27.2128 -132.434 1504.99
v 27.2341 -132.416 1505.04
v 27.1619 -132.538 1505.35
v 27.2391 -132.531 1505.09
v 27.1863 -132.485 1505.37
v 27.173 -132.403 1505.57
v 27.1655 -132.399 1504.69
v 27.1655 -132.329 1504.58
v 27.4462 -132.059 1504.53
v 27.1604 -132.294 1505.58
v 27.4918 -131.759 1502.49
v 27.2524 -131.801 1502.83
v 27.2999 -132.044 1503.74
v 27.4637 -131.633 1504.24
v 27.4971 -131.996 1504.05
v 27.5274 -131.783 1504.22
v 27.1552 -131.639 1504.72
v 27.2648 -131.745 1504.79
v 27.384 -132.009 1504.84
v 27.3228 -131.892 1504.9
v 27.2174 -131.779 1497.54
v 27.3378 -131.81 1498.2
v 27.4575 -131.612 1498.64
v 27.1587 -131.856 1498.95
v 27.3967 -131.771 1499.07
v 27.1659 -131.651 1500.17
v 27.5055 -131.655 1500.41
v 27.1811 -131.575 1501.1
v 27.1659 -131.595 1501.93
v 27.3574 -131.686 1501.91
v 27.4943 -131.673 1501.68
v 27.4626 -131.28 1503.46
v 27.3564 -131.303 1503.69
v 27.4092 -131.431 1503.95
v 27.1724 -131.449 1504.25
v 27.2488 -131.326 1498.37
v 27.4013 -131.527 1498.42
v 27.2623 -131.18 1498.85
v 27.4166 -131.309 1498.85
v 27.5404 -131.395 1499.17
v 27.4149 -131.131 1499.4
v 27.5543 -131.27 1499.47
v 27.458 -130.986 1501.97
v 27.2629 -131.012 1502.27
v 27.1632 -131.07 1502.5
v 27.3244 -131.065 1502.71
v 27.5118 -131.059 1502.42
v 27.1656 -131.17 1503.17
v 27.4656 -131.163 1503.04
v 27.2154 -131.241 1503.55
v 27.3185 -131.186 1503.31
v 27.2185 -131.054 1499.39
v 27.4079 -131.021 1499.94
v 27.2172 -130.977 1500.03
v 27.2232 -130.948 1500.54
v 27.4136 -130.969 1500.41
v 27.4138 -130.938 1500.99
v 27.2138 -130.952 1501.23
v 27.3215 -130.934 1501.32
v 27.5139 -130.971 1501.4
v 27.618 -133.098 1503.68
v 28.0037 -132.756 1502.94
v 27.6391 -131.719 1503.58
v 27.5839 -131.525 1499.42
v 27.5778 -131.605 1499.83
v 27.7193 -131.522 1501.4
v 27.7702 -131.437 1501.96
v 27.6689 -131.64 1502.22
v 27.7588 -131.366 1502.37
v 27.7121 -131.612 1502.65
v 27.7011 -131.436 1503.04
v 27.6596 -131.333 1503.03
v 27.7158 -131.535 1503.01
v 27.5724 -131.362 1503.43
v 27.6107 -131.637 1503.76
v 27.5861 -131.495 1503.67
v 27.598 -131.128 1500.17
v 27.7033 -131.429 1500.38
v 27.6691 -131.345 1500
v 27.6917 -131.224 1500.43
v 27.7227 -131.322 1500.49
v 27.558 -131.005 1500.85
v 27.6697 -131.095 1501.08
v 27.7563 -131.391 1501.03
v 27.7589 -131.29 1501.08
v 27.7326 -131.193 1501.06
v 27.7652 -131.263 1501.54
v 27.6096 -131.053 1501.87
v 27.7197 -131.19 1502.01
v 27.6143 -131.163 1502.61
v 27.7162 -131.27 1502.5
v 27.5639 -131.223 1503.04
v 28.1768 -133.214 1501.16
v 27.939 -133.298 1502.51
v 28.1645 -133.042 1502.63
v 28.1062 -132.911 1501.63
v 28.5545 -133.464 1500.2
v 28.669 -133.561 1500.11
v 28.3328 -133.458 1501.17
v 28.637 -133.438 1501.02
v 28.3991 -133.286 1501.82
v 28.4789 -133.041 1501.8
v 28.9774 -133.665 1499.5
v 29.0653 -133.492 1500
v 28.7666 -133.572 1500.33
v 29.063 -133.416 1498.65
v 28.8348 -133.474 1499.31
v 28.8895 -133.361 1500.6
v 28.6967 -132.962 1500.58
v 29.4606 -133.775 1498.3
v 29.5264 -133.561 1498.75
v 29.2337 -133.629 1499.32
v 29.1882 -133.322 1498.43
v 29.4275 -133.287 1499.07
v 29.1341 -133.293 1499.98
v 29.8629 -133.88 1496.66
v 29.6078 -133.652 1496.95
v 29.5928 -133.78 1497.2
v 29.7637 -133.804 1497.61
v 29.6143 -133.544 1496.96
v 29.726 -133.298 1497.23
v 29.6676 -133.245 1497.76
v 29.7073 -133.481 1498.3
v 30.3109 -133.91 1494.89
v 30.3135 -133.815 1494.62
v 30.0118 -133.895 1496.57
v 30.1264 -133.817 1496.65
v 29.9424 -133.729 1497.37
v 30.0017 -133.632 1497.35
v 30.1797 -133.612 1495.05
v 30.248 -133.504 1494.99
v 30.0354 -133.396 1496.01
v 30.1626 -133.348 1495.98
v 30.3045 -133.375 1495.99
v 30.3063 -133.585 1496.4
v 30.277 -133.477 1496.43
v 29.8723 -133.313 1497.51
v 30.6221 -133.956 1494.02
v 30.6601 -133.961 1494.22
v 30.6769 -133.866 1494.79
v 30.3557 -133.951 1495.1
v 30.3838 -133.905 1495.57
v 30.5611 -133.79 1495.38
v 30.3734 -133.702 1496.12
v 30.6907 -133.785 1493.11
v 30.6436 -133.596 1493.3
v 30.6484 -133.383 1494.53
v 30.474 -133.395 1494.69
v 30.7145 -133.553 1494.94
v 30.9559 -133.886 1492.41
v 30.9577 -133.939 1492.89
v 30.8615 -133.916 1493.85
v 30.8813 -133.798 1494.21
v 31.1034 -133.549 1491.14
v 31.142 -133.703 1491.08
v 30.7989 -133.44 1494.37
v 30.8542 -133.687 1494.45
v 31.0295 -133.429 1491.84
v 31.0781 -133.345 1492.29
v 31.0959 -133.371 1492.87
v 30.8466 -133.406 1493.04
v 31.1759 -133.892 1492.37
v 31.4645 -133.613 1489.57
v 31.4518 -133.762 1490.4
v 31.4195 -133.816 1491.08
v 31.5017 -133.745 1491.28
v 31.2524 -133.873 1491.64
v 31.5323 -133.592 1491.55
v 31.3719 -133.762 1492.07
v 31.1684 -133.819 1492.93
v 31.2807 -133.464 1492.59
v 31.2111 -133.565 1493.02
v 31.216 -133.714 1492.96
v 31.4841 -133.428 1488.98
v 31.2674 -133.3 1490.9
v 31.4064 -133.241 1491.03
v 31.504 -133.288 1491.18
v 31.4694 -133.209 1489.2
v 31.5711 -133.73 1490.19
v 31.6649 -133.674 1490.21
v 31.6306 -133.311 1488.02
v 31.9172 -133.37 1487.75
v 31.927 -133.412 1488.2
v 31.6782 -133.578 1488.97
v 31.7681 -133.577 1489.11
v 31.9327 -133.418 1488.87
v 31.935 -133.264 1489.25
v 31.7507 -133.31 1490.3
v 31.7817 -133.509 1490.11
v 31.7335 -133.439 1490.52
v 31.5661 -133.455 1491.37
v 31.8655 -133.223 1486.9
v 31.628 -133.127 1487.82
v 31.6522 -133.026 1487.79
v 31.9188 -133.152 1489.18
v 31.57 -133.099 1489.57
v 31.6749 -133.128 1489.9
v 31.7885 -133.186 1489.83
v 31.8495 -132.925 1486
v 31.8555 -132.773 1485.89
v 31.8537 -132.733 1486.22
v 31.7703 -132.87 1487.79
v 32.2846 -137.092 1478.06
v 32.3134 -137.079 1478.21
v 32.3376 -137.068 1477.94
v 32.2308 -136.199 1478.96
v 32.2535 -136.2 1478.77
v 32.3233 -136.026 1478.85
v 32.268 -136.105 1479.15
v 32.3192 -135.947 1479.35
v 32.2707 -135.394 1479.92
v 32.1953 -135.286 1479.69
v 32.2686 -135.242 1479.63
v 32.1887 -135.286 1479.94
v 32.3202 -135.011 1479.86
v 32.2655 -135.11 1480.24
v 32.213 -134.698 1480.26
v 32.2703 -134.623 1480.3
v 32.1339 -134.646 1480.54
v 32.1676 -134.691 1480.64
v 32.1304 -134.148 1481.3
v 32.139 -134.142 1481
v 32.2655 -134.368 1481.16
v 32.215 -133.883 1481.23
v 32.3177 -134.042 1481
v 32.0985 -133.789 1481.58
v 32.1201 -133.688 1481.61
v 32.1728 -133.824 1481.85
v 32.2597 -133.796 1481.95
v 31.9921 -133.272 1488.81
v 32.2686 -133.327 1481.98
v 32.1656 -133.481 1482.36
v 32.1058 -133.294 1482.55
v 32.1212 -133.15 1486.91
v 32.1941 -133.015 1486.9
v 32.1183 -132.975 1487.67
v 32.1683 -133.145 1482.3
v 32.0903 -132.966 1482.76
v 32.0802 -132.907 1483.09
v 32.1672 -133.004 1483.15
v 32.2699 -133.09 1483.06
v 32.1666 -132.752 1483.61
v 32.1662 -132.731 1483.72
v 32.2598 -132.754 1483.76
v 32.2604 -132.764 1483.65
v 32.3172 -132.762 1483.64
v 32.3133 -132.739 1483.74
v 32.1668 -132.812 1484.24
v 32.2572 -132.814 1484.33
v 32.0655 -132.819 1484.53
v 32.0972 -132.984 1485.39
v 32.1472 -133.013 1485.68
v 32.346 -132.659 1485.34
v 31.9504 -132.786 1487.54
v 32.0506 -132.857 1487.67
v 32.3565 -132.542 1481
v 32.1173 -132.639 1483.2
v 32.1413 -132.574 1483.05
v 32.2155 -132.642 1482.92
v 32.2155 -132.686 1482.98
v 32.083 -132.428 1483.78
v 32.0901 -132.678 1483.73
v 32.0676 -132.529 1483.65
v 32.2099 -132.322 1484.13
v 32.263 -132.366 1484.56
v 32.3374 -132.445 1484.76
v 32.3376 -132.577 1485.26
v 31.9839 -132.551 1485.41
v 32.0641 -132.522 1485.71
v 32.164 -132.563 1485.97
v 32.2543 -132.606 1485.86
v 32.2548 -132.413 1481.69
v 32.2736 -132.307 1481.73
v 32.3117 -132.254 1481.68
v 32.3147 -132.21 1482.39
v 32.1734 -132.352 1482.76
v 32.2421 -132.267 1482.44
v 32.314 -132.221 1483.01
v 32.1699 -132.316 1483.42
v 32.317 -132.256 1483.55
v 32.5101 -144.015 1472.2
v 32.519 -143.964 1472.19
v 32.5675 -144.07 1472.2
v 32.5654 -144.015 1472.15
v 32.5673 -143.964 1472.15
v 32.5637 -143.908 1472.19
v 32.6176 -144.07 1472.21
v 32.6161 -144.018 1472.16
v 32.6141 -143.969 1472.15
v 32.6155 -143.917 1472.17
v 32.6716 -144.016 1472.2
v 32.6737 -143.921 1472.24
v 32.4953 -143.951 1472.26
v 32.5128 -143.849 1472.3
v 32.5401 -144.058 1472.25
v 32.5168 -143.971 1472.34
v 32.5664 -143.991 1472.37
v 32.6118 -144.077 1472.25
v 32.6189 -144.008 1472.35
v 32.6623 -144.039 1472.25
v 32.6851 -143.994 1472.26
v 32.6787 -143.909 1472.39
v 32.5047 -143.636 1472.59
v 32.5173 -143.655 1472.51
v 32.5667 -143.607 1472.49
v 32.6201 -143.586 1472.49
v 32.7085 -143.591 1472.63
v 32.6644 -143.326 1473.02
v 32.5258 -143.093 1473.17
v 32.5222 -143.041 1473.12
v 32.5663 -143.195 1473.14
v 32.6155 -143.221 1473.14
v 32.7173 -143.093 1473.17
v 32.5655 -142.599 1473.45
v 32.7151 -142.598 1473.47
v 32.7396 -142.505 1473.65
v 32.6112 -142.437 1473.85
v 32.5215 -142.311 1473.81
v 32.53 -142.341 1473.85
v 32.664 -142.447 1473.84
v 32.6655 -142.18 1473.79
v 32.7129 -142.117 1474.08
v 32.6155 -141.919 1474
v 32.6663 -141.446 1474.4
v 32.5562 -141.225 1474.85
v 32.7435 -141.532 1474.49
v 32.7301 -141.163 1474.72
v 32.6154 -140.978 1475.08
v 32.7156 -141.013 1474.98
v 32.481 -140.641 1475.19
v 32.6064 -140.265 1475.33
v 32.5172 -140.323 1475.33
v 32.6991 -139.634 1475.96
v 32.663 -139.656 1475.86
v 32.5115 -139.233 1476.15
v 32.666 -139.209 1476.23
v 32.6787 -139.179 1476.4
v 32.5655 -139.382 1476.36
v 32.6087 -139.069 1476.59
v 32.4708 -138.837 1476.79
v 32.4098 -138.592 1476.71
v 32.3825 -138.627 1476.83
v 32.5714 -138.415 1476.79
v 32.514 -138.153 1476.99
v 32.6078 -138.261 1476.95
v 32.6301 -138.114 1477.14
v 32.4196 -137.846 1477.26
v 32.5193 -137.364 1477.65
v 32.4237 -137.205 1478.17
v 32.4179 -137.07 1477.89
v 32.5739 -137.148 1478.11
v 32.5882 -137.033 1478.12
v 32.3641 -136.732 1478.59
v 32.4627 -136.422 1478.48
v 32.5477 -136.59 1478.42
v 32.4161 -136.315 1478.99
v 32.5436 -136.144 1478.96
v 32.4128 -135.91 1479.39
v 32.4088 -135.614 1479.24
v 32.4831 -135.687 1479.23
v 32.5225 -135.758 1479.25
v 32.5112 -135.592 1479.55
v 32.4764 -135.719 1479.52
v 32.3655 -135.262 1480.08
v 32.4898 -135.038 1480.01
v 32.4599 -134.977 1480.3
v 32.4148 -134.721 1480.23
v 32.4289 -134.278 1480.8
v 32.4636 -134.261 1480.91
v 32.3645 -134.516 1480.95
v 32.3607 -134.291 1481.23
v 32.4308 -134.14 1481.33
v 32.3646 -133.715 1482.02
v 32.3655 -133.428 1481.86
v 32.4579 -133.629 1481.87
v 32.4454 -133.443 1482.02
v 32.3655 -132.973 1483.21
v 32.7053 -132.943 1478
v 32.6424 -132.781 1478.31
v 32.6716 -132.689 1478.26
v 32.7227 -132.641 1478.22
v 32.7084 -132.895 1478.51
v 32.5562 -132.699 1479.08
v 32.5683 -132.714 1479.47
v 32.626 -132.729 1479.52
v 32.4793 -132.613 1479.79
v 32.6655 -132.65 1480.02
v 32.5157 -132.647 1480.16
v 32.4155 -132.591 1480.86
v 32.5155 -132.577 1481.76
v 32.5686 -132.429 1482.44
v 32.4155 -132.648 1483.07
v 32.4598 -132.663 1483.31
v 32.4797 -132.565 1483.32
v 32.4008 -132.687 1483.89
v 32.4595 -132.624 1483.67
v 32.463 -132.399 1483.68
v 32.7122 -132.513 1478.65
v 32.5326 -132.532 1479.24
v 32.5993 -132.497 1479
v 32.667 -132.351 1479.44
v 32.4326 -132.504 1480
v 32.492 -132.349 1479.95
v 32.5729 -132.352 1479.62
v 32.6666 -132.284 1479.96
v 32.561 -132.246 1480.3
v 32.3727 -132.36 1480.67
v 32.667 -132.262 1480.69
v 32.7268 -132.483 1480.44
v 32.4127 -132.251 1480.88
v 32.5611 -132.197 1481.1
v 32.4181 -132.193 1481.44
v 32.6348 -132.284 1481.42
v 32.4169 -132.181 1482.21
v 32.5147 -132.225 1482.31
v 32.41 -132.257 1483.28
v 32.4118 -132.212 1482.85
v 33.1041 -133.782 1475.23
v 33.1442 -133.657 1475.14
v 33.0577 -133.586 1475.5
v 33.1177 -133.399 1475.7
v 32.9091 -133.289 1476.44
v 32.938 -133.239 1476.37
v 32.897 -133.322 1476.63
v 32.9655 -133.388 1476.65
v 32.9627 -133.107 1476.57
v 33.0693 -133.4 1476.59
v 33.1421 -133.131 1476.57
v 32.8081 -133.131 1477.36
v 32.7859 -133.083 1477.3
v 32.8706 -133.122 1477.58
v 33.0156 -133.061 1476.62
v 32.9691 -132.902 1477.12
v 32.7705 -132.981 1477.39
v 32.8165 -132.885 1477.38
v 32.8702 -132.816 1477.44
v 33.0166 -132.879 1477.26
v 33.0637 -132.939 1477.32
v 32.8636 -132.65 1478.01
v 32.9916 -132.969 1477.81
v 32.9253 -132.642 1478.24
v 32.8134 -132.888 1478.53
v 32.8638 -132.809 1478.68
v 32.764 -132.726 1479.3
v 32.8525 -132.604 1479.23
v 32.7671 -132.475 1478.75
v 32.858 -132.542 1478.55
v 32.7631 -132.405 1479.17
v 32.7974 -132.425 1479.63
v 33.4904 -134.752 1472.86
v 33.521 -134.496 1473.04
v 33.4041 -134.483 1473.63
v 33.5045 -134.525 1473.58
v 33.4236 -134.481 1473.26
v 33.2781 -134.145 1474.12
v 33.4623 -134.172 1473.76
v 33.4764 -134.086 1474.01
v 33.3227 -134.017 1474.18
v 33.3091 -133.86 1474.51
v 33.3553 -133.81 1474.64
v 33.1655 -133.795 1475.47
v 33.2901 -133.676 1475.56
v 33.3359 -133.638 1475.26
v 33.16 -133.265 1476.07
v 33.2243 -133.426 1476.14
v 33.6101 -135.053 1472.14
v 33.5957 -134.987 1472.17
v 33.6308 -135.011 1472.08
v 33.64 -134.948 1472.11
v 33.6667 -135.11 1472.14
v 33.6658 -135.058 1472.07
v 33.667 -135.009 1472.05
v 33.7183 -135.11 1472.14
v 33.7161 -135.061 1472.06
v 33.7137 -135.014 1472.04
v 33.7151 -134.965 1472.05
v 33.7148 -134.917 1472.08
v 33.7812 -135.055 1472.13
v 33.7629 -135.011 1472.06
v 33.799 -135.005 1472.13
v 33.7756 -134.96 1472.08
v 33.7948 -134.953 1472.14
v 33.5782 -134.977 1472.29
v 33.6134 -135.039 1472.3
v 33.7067 -135.093 1472.22
v 33.7716 -135.037 1472.22
v 33.7671 -134.901 1472.39
v 33.6608 -134.881 1472.69
v 33.6537 -134.871 1472.2
v 33.7077 -134.871 1472.16
v 33.7619 -134.905 1472.14
v 33.6974 -134.763 1472.43
v 33.7546 -134.835 1472.41
v 33.5657 -134.839 1472.83
v 33.6362 -134.6 1473.21
v 25.0109 -140.354 1470.41
v 25.0109 -140.354 1470.41
v 25.0109 -140.354 1470.41
v 25.065 -140.421 1470.42
v 25.0684 -140.358 1470.37
v 25.0655 -140.307 1470.37
v 25.0655 -140.307 1470.37
v 25.0655 -140.307 1470.37
v 25.1155 -140.428 1470.41
v 25.1155 -140.307 1470.37
v 24.9808 -140.315 1470.59
v 25.0629 -140.243 1470.47
v 25.1937 -134.811 1488.37
v 26.7407 -132.888 1505.75
v 26.9655 -132.422 1504.74
v 26.9655 -132.422 1504.74
v 26.8429 -132.443 1504.89
v 26.9155 -132.396 1504.75
v 27.0155 -132.398 1504.72
v 27.0155 -132.398 1504.72
v 27.2144 -132.479 1505.09
v 27.2144 -132.479 1505.09
v 27.2128 -132.434 1504.99
v 27.2128 -132.434 1504.99
v 27.2341 -132.416 1505.04
v 27.2391 -132.531 1505.09
v 27.1655 -132.399 1504.69
v 27.1655 -132.399 1504.69
v 27.1655 -132.399 1504.69
v 27.1655 -132.329 1504.58
v 27.4918 -131.759 1502.49
v 27.4971 -131.996 1504.05
v 27.4971 -131.996 1504.05
v 27.6689 -131.64 1502.22
v 28.6967 -132.962 1500.58
v 29.1882 -133.322 1498.43
v 30.6907 -133.785 1493.11
v 31.8495 -132.925 1486
v 32.2655 -135.11 1480.24
v 32.1676 -134.691 1480.64
v 32.1304 -134.148 1481.3
v 32.2655 -134.368 1481.16
v 32.3172 -132.762 1483.64
v 32.2155 -132.642 1482.92
v 32.2155 -132.642 1482.92
v 32.2155 -132.686 1482.98
v 32.2155 -132.686 1482.98
v 32.2155 -132.686 1482.98
v 32.0901 -132.678 1483.73
v 32.0901 -132.678 1483.73
v 32.5101 -144.015 1472.2
v 32.5101 -144.015 1472.2
v 32.5675 -144.07 1472.2
v 32.5675 -144.07 1472.2
v 32.5654 -144.015 1472.15
v 32.5654 -144.015 1472.15
v 32.6176 -144.07 1472.21
v 32.6176 -144.07 1472.21
v 32.6161 -144.018 1472.16
v 32.6161 -144.018 1472.16
v 32.6161 -144.018 1472.16
v 32.6141 -143.969 1472.15
v 32.6155 -143.917 1472.17
v 32.6716 -144.016 1472.2
v 32.6716 -144.016 1472.2
v 32.6737 -143.921 1472.24
v 32.4953 -143.951 1472.26
v 32.5401 -144.058 1472.25
v 32.5401 -144.058 1472.25
v 32.5168 -143.971 1472.34
v 32.6118 -144.077 1472.25
v 32.5667 -143.607 1472.49
v 32.6201 -143.586 1472.49
v 32.5258 -143.093 1473.17
v 32.5655 -142.599 1473.45
v 32.7151 -142.598 1473.47
v 32.5215 -142.311 1473.81
v 32.6655 -142.18 1473.79
v 32.6155 -141.919 1474
v 32.6663 -141.446 1474.4
v 32.7301 -141.163 1474.72
v 32.7156 -141.013 1474.98
v 32.481 -140.641 1475.19
v 32.3655 -132.973 1483.21
v 32.3655 -132.973 1483.21
v 32.6655 -132.65 1480.02
v 32.4155 -132.591 1480.86
v 32.4155 -132.591 1480.86
v 32.5155 -132.577 1481.76
v 32.5686 -132.429 1482.44
v 32.4155 -132.648 1483.07
v 32.4155 -132.648 1483.07
v 32.4155 -132.648 1483.07
v 32.4797 -132.565 1483.32
v 32.4797 -132.565 1483.32
v 32.4008 -132.687 1483.89
v 32.4008 -132.687 1483.89
v 32.4595 -132.624 1483.67
v 32.4595 -132.624 1483.67
v 32.4595 -132.624 1483.67
v 32.4595 -132.624 1483.67
v 32.9655 -133.388 1476.65
v 32.8706 -133.122 1477.58
v 33.4041 -134.483 1473.63
v 33.5045 -134.525 1473.58
v 33.1655 -133.795 1475.47
v 33.1655 -133.795 1475.47
v 33.6667 -135.11 1472.14
v 33.6667 -135.11 1472.14
v 33.6667 -135.11 1472.14
v 33.667 -135.009 1472.05
v 33.7183 -135.11 1472.14
v 33.7183 -135.11 1472.14
v 33.7183 -135.11 1472.14
v 33.7151 -134.965 1472.05
v 33.7151 -134.965 1472.05
v 33.7148 -134.917 1472.08
v 33.7812 -135.055 1472.13
v 33.6134 -135.039 1472.3
v 33.5657 -134.839 1472.83
vn -0.955053 0.269156 -0.124211
vn -0.92921 -0.361081 0.0786688
vn -0.998962 0.0246587 -0.0382907
vn -0.701276 -0.689823 0.179879
vn -0.910715 0.388879 -0.139179
vn -0.998976 -0.0450224 0.00455081
vn -0.702284 0.676751 -0.22092
vn -0.83336 -0.530188 0.156244
vn -0.902723 0.411866 -0.124328
vn -0.989658 -0.131029 0.0583777
vn -0.779833 -0.593305 0.199623
vn -0.93621 0.343402 -0.0747357
vn -0.71252 0.673952 -0.195201
vn -0.998129 -0.027461 0.0546356
vn -0.874035 -0.451223 0.180172
vn -0.985399 -0.166738 -0.0344604
vn -0.506858 0.815752 -0.278646
vn -0.784346 -0.610477 0.110092
vn -0.935184 -0.352322 0.0360547
vn -0.572053 -0.799207 0.184457
vn 0.168546 0.945066 -0.280075
vn -0.911769 0.372661 -0.17263
vn -0.237906 -0.93927 0.247331
vn -0.819311 -0.561095 0.117901
vn -0.547656 -0.811721 0.202931
vn -0.992571 -0.120458 -0.0171291
vn -0.750631 0.622188 -0.222341
vn -0.410417 0.866601 -0.28383
vn 0.179393 -0.946309 0.268918
vn -0.315023 -0.915402 0.250598
vn 0.725358 0.663297 -0.184098
vn -0.492656 -0.836393 0.240284
vn -0.069148 -0.957793 0.279018
vn 0.609708 0.756857 -0.235424
vn 0.11546 0.947629 -0.297771
vn 0.430894 -0.868634 0.244552
vn -0.483374 -0.836311 0.258715
vn -0.582315 0.775982 -0.242406
vn 0.280805 0.911542 -0.3004
vn -0.1866 -0.937027 0.295231
vn -0.567631 -0.776888 0.272471
vn -0.266797 0.919254 -0.289466
vn -0.974509 -0.186969 0.123998
vn -0.792172 -0.561282 0.239639
vn -0.308996 -0.898702 0.311216
vn -0.57338 -0.761253 0.302868
vn -0.735089 0.656686 -0.168546
vn -0.995486 -0.0138817 0.0938849
vn -0.96091 0.276012 -0.0216619
vn -0.921505 -0.336368 0.194128
vn -0.95421 -0.228274 0.193325
vn -0.789194 -0.549992 0.27328
vn -0.979715 0.193004 0.0539245
vn -0.830529 0.548358 -0.0975942
vn -0.543828 0.810564 -0.21734
vn -0.973592 -0.123556 0.191968
vn -0.812467 0.576796 -0.0848766
vn -0.828917 -0.557882 -0.0407953
vn -0.38141 -0.536937 -0.752479
vn -0.374609 -0.424907 -0.824088
vn -0.612881 -0.0302967 -0.789594
vn -0.019736 -0.54744 -0.836612
vn 0.170815 -0.269809 -0.947642
vn 0.223303 0.106318 -0.968934
vn -0.794237 -0.606515 0.0364193
vn -0.884515 -0.466502 0.00291666
vn -0.870843 0.41151 -0.268873
vn -0.468616 -0.874199 0.127183
vn -0.615484 0.72142 -0.317385
vn -0.138789 0.946372 -0.29175
vn -0.0657553 -0.996931 -0.0424751
vn 0.072742 -0.966338 0.246778
vn 0.290556 -0.91809 0.269606
vn 0.30541 0.884722 -0.352125
vn -0.751325 0.61425 -0.241264
vn 0.559328 0.804542 -0.199662
vn -0.493046 -0.848677 0.191451
vn -0.158923 -0.955723 0.247665
vn 0.975176 -0.198798 0.0975269
vn 0.877803 0.468975 -0.0975985
vn 0.611245 -0.755328 0.236344
vn 0.537014 0.815475 -0.215908
vn 0.99132 0.130068 -0.0191425
vn 0.76042 -0.620952 0.190211
vn 0.938335 0.328028 -0.109203
vn 0.933772 -0.348043 0.0832848
vn 0.990514 0.113448 -0.0775383
vn 0.737751 0.63401 -0.23185
vn 0.961055 -0.274274 0.0338583
vn 0.990897 0.0939082 -0.0964579
vn 0.642013 -0.743948 0.185365
vn 0.178484 -0.944138 0.277034
vn 0.940724 -0.338774 0.0164385
vn 0.864077 0.460885 -0.202378
vn 0.657687 0.696907 -0.28595
vn 0.227826 0.91721 -0.326836
vn 0.942956 0.277609 -0.183757
vn -0.0333633 -0.949614 0.311641
vn 0.272211 -0.922957 0.272124
vn -0.306018 -0.889921 0.33822
vn -0.598344 -0.728501 0.333574
vn 0.312281 0.885335 -0.344474
vn -0.141269 0.940546 -0.308896
vn -0.839418 -0.460083 0.289311
vn -0.464437 0.854652 -0.232095
vn -0.637647 0.752101 -0.166586
vn -0.982726 0.14594 0.113807
vn -0.681059 -0.644327 0.347852
vn -0.910495 -0.303464 0.280906
vn -0.822929 0.565225 -0.0575225
vn -0.947552 0.311057 0.073406
vn -0.977984 -0.00287812 0.20866
vn -0.789692 0.610895 -0.0565147
vn 0.557418 -0.536123 -0.633922
vn 0.550804 -0.00217877 -0.834631
vn 0.860053 -0.047686 -0.507971
vn 0.706355 0.503097 -0.497952
vn 0.473834 -0.877978 -0.0680903
vn 0.886321 -0.451609 -0.102398
vn 0.674223 -0.70342 0.224996
vn 0.678393 -0.691515 0.248173
vn 0.7808 -0.589459 0.207097
vn 0.981252 0.137816 -0.134727
vn 0.954525 -0.276913 0.110457
vn 0.864872 -0.468211 0.181037
vn 0.785385 0.593618 -0.175467
vn 0.991388 0.128247 0.0264921
vn 0.646198 -0.745153 0.16485
vn 0.853363 -0.517748 0.0609012
vn 0.98932 -0.108378 -0.0974671
vn -0.674059 -0.457736 -0.57976
vn -0.870643 -0.406783 -0.276602
vn -0.956862 -0.288818 0.0316061
vn -0.907694 -0.209836 0.363401
vn -0.811655 -0.56013 0.165745
vn -0.751638 -0.140396 0.644461
vn -0.755597 -0.597353 -0.268781
vn -0.634777 -0.448101 0.629495
vn -0.640518 -0.767275 -0.0320254
vn 0.927275 0.297704 -0.227011
vn 0.0354804 -0.944734 0.325913
vn 0.813333 -0.577367 0.071668
vn -0.363705 -0.85687 0.365368
vn -0.853175 -0.160563 -0.496299
vn -0.990256 0.115837 0.0773004
vn -0.959044 -0.129032 -0.252161
vn -0.947752 0.137535 -0.287836
vn -0.897855 0.440242 -0.0065753
vn -0.798145 0.301692 0.521485
vn -0.670856 0.676172 0.304537
vn -0.535156 -0.753194 0.382501
vn 0.483541 0.796498 -0.363015
vn 0.157305 0.919743 -0.359621
vn -0.770756 -0.529077 0.354982
vn -0.646378 -0.654167 0.392761
vn -0.553915 0.812444 -0.181968
vn -0.288963 0.918995 -0.268231
vn -0.917775 0.39094 0.0696752
vn -0.893483 -0.30903 0.325865
vn -0.971647 0.134085 0.194738
vn -0.650812 0.750076 -0.117595
vn -0.534966 -0.745674 -0.397217
vn -0.27881 -0.884716 -0.373554
vn -0.362215 -0.701811 -0.613401
vn -0.0216966 -0.867517 -0.496934
vn 0.321224 -0.86983 -0.374447
vn -0.569698 -0.748953 0.338399
vn -0.433 -0.901393 -0.00122259
vn -0.383455 -0.621127 0.683493
vn -0.301725 -0.8884 0.345987
vn -0.153137 -0.985104 -0.0782191
vn -0.158341 -0.757864 0.632906
vn -0.0285245 -0.945167 0.325339
vn -0.03133 -0.493846 0.868985
vn 0.0764146 -0.988287 -0.1321
vn 0.144446 -0.759983 0.633689
vn 0.379454 -0.917755 -0.117217
vn 0.336935 -0.91189 0.234373
vn 0.311079 -0.497018 0.810064
vn -0.219624 -0.246654 0.943889
vn 0.211692 -0.191512 0.958389
vn -0.732511 -0.325507 -0.59789
vn -0.445441 0.342331 0.82728
vn -0.422337 0.689022 0.588965
vn -0.0814703 0.777476 0.623613
vn 0.26106 0.643589 0.719472
vn -0.50826 -0.05632 0.85936
vn -0.198088 0.131733 0.971292
vn -0.0675581 0.529753 0.845457
vn 0.0851275 0.131146 0.987701
vn 0.289403 0.405723 0.866969
vn 0.478355 0.0810695 0.874416
vn 0.981807 0.0256213 -0.188144
vn 0.555752 -0.810494 0.185036
vn 0.857817 -0.513811 0.0121628
vn -0.915062 0.106766 -0.388924
vn 0.812452 0.48333 -0.326059
vn -0.294371 -0.873942 0.386744
vn -0.931536 0.107058 -0.347532
vn -0.898851 0.413871 -0.144142
vn -0.360827 0.841807 0.401454
vn 0.592984 0.705731 -0.387704
vn 0.843397 0.413095 -0.34356
vn -0.860506 0.507758 0.04137
vn 0.468978 -0.675149 0.569415
vn 0.529647 -0.309765 0.789632
vn 0.652148 -0.753521 -0.0831278
vn 0.660505 -0.718203 0.218901
vn 0.742288 -0.453756 0.493066
vn 0.744759 -0.123623 0.655783
vn 0.849936 -0.498814 0.169687
vn 0.887896 -0.266319 0.37512
vn 0.864026 -0.0386633 0.50196
vn 0.912755 -0.108763 0.393764
vn 0.851265 0.104964 0.514131
vn 0.559397 0.394672 0.728909
vn 0.740558 0.154469 0.653997
vn 0.706369 0.343275 0.619035
vn -0.616503 -0.512333 -0.597863
vn -0.339641 -0.708239 -0.618903
vn 0.097148 0.795278 0.598411
vn 0.4585 0.597661 0.657707
vn 0.959625 0.113607 -0.257318
vn 0.948125 -0.298101 -0.110428
vn -0.821738 -0.244534 -0.514732
vn -0.702242 0.699423 0.132903
vn 0.390576 -0.891983 0.227633
vn 0.81044 -0.585659 0.01382
vn 0.971164 -0.135573 -0.196113
vn -0.946831 0.225136 -0.229838
vn -0.808429 0.588433 0.013784
vn -0.107528 0.871538 0.478393
vn 0.706517 0.588314 -0.393345
vn 0.908321 0.263004 -0.32524
vn -0.638684 0.762856 -0.100665
vn -0.361979 0.903888 -0.227941
vn -0.0253351 0.943408 -0.330667
vn -0.772478 0.63504 -0.00136237
vn -0.945394 0.29257 0.143639
vn -0.952924 -0.132549 0.272703
vn 0.178974 -0.860963 -0.476142
vn 0.587245 -0.775855 -0.230634
vn 0.846753 -0.529966 0.0463289
vn 0.922568 -0.290651 0.253754
vn 0.796477 0.253356 0.549031
vn 0.907054 0.0207188 0.420504
vn -0.549533 -0.771684 -0.320183
vn -0.6541 -0.740747 -0.153125
vn -0.253754 -0.965323 -0.0613209
vn -0.57505 -0.61723 -0.536978
vn -0.317806 -0.848926 -0.422284
vn 0.772495 0.340281 0.536153
vn 0.606695 0.505796 0.613263
vn -0.894788 0.209007 -0.39455
vn -0.765297 -0.362058 -0.532198
vn -0.891129 -0.349897 -0.288896
vn -0.820104 -0.33482 -0.464032
vn -0.786892 -0.490298 -0.374711
vn -0.890589 -0.159771 -0.425823
vn 0.328773 0.728523 0.600968
vn -0.0498377 -0.94086 0.33511
vn 0.307122 -0.922164 0.235136
vn 0.667035 -0.740886 0.0784347
vn -0.919481 -0.206312 -0.334649
vn -0.963364 0.197099 -0.181883
vn -0.813578 0.581193 0.0174824
vn -0.164996 0.904769 0.392644
vn -0.535444 0.808892 0.242885
vn 0.228323 0.81553 0.53177
vn 0.793872 0.479722 -0.373677
vn -0.655562 -0.657575 0.371259
vn -0.963999 -0.136698 -0.228077
vn -0.485655 0.845995 0.220072
vn -0.0816112 0.954164 -0.287942
vn 0.36075 0.85147 -0.380602
vn -0.488412 0.860379 -0.14561
vn -0.672746 -0.672116 0.309311
vn -0.887668 -0.378563 0.262174
vn -0.259349 0.945069 -0.198955
vn -0.978172 0.1125 0.174709
vn -0.847937 0.526981 0.0573884
vn 0.259145 -0.952495 0.159991
vn 0.343983 -0.936942 0.0617743
vn 0.352841 -0.913532 0.202391
vn 0.41298 -0.902495 -0.122272
vn 0.07575 -0.943372 -0.322972
vn 0.937277 -0.264431 0.227128
vn -0.935364 -0.0641658 -0.347818
vn -0.692525 0.550785 -0.465882
vn -0.459707 0.822659 -0.334517
vn -0.79011 0.41499 -0.451121
vn -0.804112 0.274103 -0.527514
vn 0.743783 -0.601671 0.291168
vn 0.909054 -0.276727 0.311516
vn 0.837433 -0.540259 0.0826181
vn 0.933269 -0.108005 0.342556
vn 0.589579 0.579056 0.563108
vn 0.833539 0.277749 0.477565
vn 0.92929 0.0258914 0.368442
vn -0.665872 -0.612898 -0.425406
vn -0.296823 -0.842608 -0.449341
vn -0.426973 -0.750287 -0.504741
vn -0.294487 0.894081 -0.337487
vn 0.244396 0.842707 0.479704
vn 0.697707 0.550195 0.458793
vn 0.509048 0.68521 0.520921
vn 0.731581 0.469358 0.494462
vn 0.941481 0.161892 -0.295642
vn 0.948405 -0.280458 -0.14789
vn 0.33129 -0.926138 0.18032
vn -0.34192 -0.889097 0.304297
vn -0.715897 -0.621431 -0.3183
vn -0.358342 -0.881314 -0.30802
vn 0.074232 0.905909 0.416916
vn 0.472788 0.746669 0.467928
vn 0.588916 0.710237 -0.38567
vn 0.795674 0.497634 -0.345346
vn -0.758478 -0.5994 0.255795
vn -0.545693 -0.801192 0.245583
vn -0.791924 -0.579228 0.193265
vn -0.798842 -0.593134 0.100214
vn -0.80639 -0.59114 0.017004
vn -0.905041 -0.421363 -0.0579072
vn -0.901757 -0.426449 -0.0705426
vn -0.797208 -0.581508 -0.162195
vn -0.990135 -0.1023 -0.0957495
vn -0.280505 0.929657 0.238862
vn -0.934125 0.350049 -0.0698272
vn -0.655485 0.747261 0.10927
vn -0.109766 0.936515 0.333004
vn 0.124063 0.946448 -0.298067
vn 0.490801 0.800918 -0.342993
vn 0.776597 0.548569 -0.309788
vn -0.547986 0.832806 -0.0783963
vn -0.0994087 0.974118 -0.203008
vn 0.302054 0.91229 -0.276568
vn 0.100175 0.9741 -0.202716
vn -0.270459 0.956059 -0.113148
vn -0.944242 0.314793 0.0964973
vn -0.68365 0.72981 0.000280078
vn -0.972074 -0.164538 0.167333
vn -0.888553 0.456096 0.0494952
vn -0.976219 -0.205172 0.070005
vn -0.693487 0.718967 0.0465103
vn -0.989846 0.142139 -0.000946244
vn -0.887964 0.459893 0.00419281
vn -0.645846 0.758198 0.0895471
vn -0.384447 0.922215 -0.0414798
vn -0.577752 0.816044 0.0165972
vn 0.843085 0.477359 0.247661
vn 0.628228 0.767748 0.126069
vn -0.827655 -0.244688 -0.505089
vn 0.923734 -0.292486 0.247319
vn 0.955748 0.0266302 0.292978
vn 0.917312 -0.373411 0.138216
vn 0.960673 -0.12061 0.250122
vn -0.155026 0.954304 -0.255482
vn 0.0302356 -0.918277 -0.394782
vn 0.961077 -0.238439 0.139563
vn 0.882577 0.246435 0.40041
vn -0.1183 -0.976415 -0.180607
vn -0.398881 -0.894098 -0.203671
vn 0.141349 -0.951532 -0.273144
vn 0.807742 0.491631 0.325349
vn -0.932016 -0.17225 -0.318868
vn 0.959336 0.135477 0.247631
vn 0.313076 0.857638 0.40797
vn 0.60754 0.680889 0.409005
vn 0.951364 0.0994451 0.291576
vn 0.827928 0.413781 0.378578
vn 0.962051 0.105343 -0.251716
vn 0.872849 -0.482295 -0.074337
vn 0.981933 -0.0594412 -0.179649
vn -0.0488534 -0.981816 0.183443
vn 0.554731 -0.830915 0.0430609
vn -0.460445 -0.88004 0.116274
vn 0.347609 -0.937375 0.0222606
vn -0.508086 -0.861294 -0.00456944
vn -0.650732 -0.754599 -0.0844296
vn -0.217507 -0.969995 -0.108626
vn 0.00876888 -0.998978 -0.044339
vn 0.48924 0.830457 0.26643
vn 0.294727 0.908089 0.297506
vn 0.560473 0.75654 0.336925
vn 0.149002 0.931507 0.331803
vn 0.58706 0.756604 -0.287944
vn 0.922046 0.295298 -0.25026
vn 0.444339 0.865151 -0.232543
vn 0.770032 0.587893 -0.247856
vn 0.957058 0.216329 -0.192983
vn 0.584387 0.788269 -0.192678
vn 0.858649 0.479954 -0.179905
vn 0.21617 0.972208 0.0898947
vn -0.215268 0.971585 0.0983966
vn -0.444358 0.890148 0.100911
vn 0.0658951 0.984487 0.162616
vn 0.403086 0.904185 0.141315
vn -0.294219 0.940974 0.167341
vn 0.391456 0.897237 0.204275
vn -0.0196782 0.967131 0.253516
vn 0.145373 0.96222 0.230217
vn 0.164063 0.973108 -0.161692
vn 0.390344 0.910786 -0.134538
vn -0.0285581 0.995264 -0.092921
vn -0.144907 0.989086 -0.0266478
vn 0.314208 0.945665 -0.0836125
vn 0.205616 0.978397 -0.0214705
vn -0.357207 0.933283 0.0372207
vn -0.0110023 0.999274 0.0364795
vn 0.41518 0.909463 0.0224092
vn 0.469251 -0.832542 0.29441
vn 0.770022 0.604262 0.204776
vn 0.973814 -0.20488 0.0985444
vn 0.970029 -0.212493 -0.117862
vn 0.782967 -0.621042 -0.03563
vn 0.8339 -0.550568 -0.0385409
vn 0.98957 -0.144046 0.00107814
vn 0.360472 -0.929182 -0.0817411
vn 0.983325 0.170487 0.0632863
vn 0.906931 -0.421279 -0.000524222
vn 0.952938 0.262406 0.151832
vn 0.832967 0.521362 0.185334
vn 0.994963 -0.0507385 0.086456
vn 0.721263 0.643073 0.257367
vn 0.961706 0.182557 0.204436
vn 0.848707 0.463673 0.254371
vn 0.709939 0.693244 -0.124094
vn 0.961232 -0.264068 -0.0793785
vn 0.983229 0.122023 -0.135539
vn 0.916171 0.386783 -0.105025
vn 0.994128 0.0642594 -0.0870696
vn 0.545822 0.836094 -0.0549948
vn 0.770114 0.637459 -0.0238901
vn 0.983007 -0.177261 -0.0477008
vn 0.991307 0.123611 -0.0450556
vn 0.913994 0.403653 -0.0409773
vn 0.958987 0.283344 0.00778642
vn 0.607146 0.791696 0.067756
vn 0.85059 0.522637 0.0578553
vn 0.673774 0.724489 0.145412
vn 0.886324 0.447932 0.117419
vn 0.636851 0.741664 0.210607
vn -0.936268 0.0620434 -0.345763
vn 0.100634 -0.980258 0.170198
vn 0.905502 -0.214747 0.36599
vn -0.664243 0.670951 -0.329553
vn -0.861495 -0.440431 -0.252679
vn -0.560055 -0.821303 -0.10863
vn -0.30556 -0.952124 0.00965003
vn 0.507735 -0.813146 0.284604
vn 0.739376 -0.575584 0.349322
vn 0.931097 0.180164 0.317173
vn -0.190227 -0.981189 0.0328819
vn 0.7448 -0.581998 0.326422
vn 0.183866 -0.967137 0.175613
vn -0.918112 0.221305 -0.328778
vn -0.947957 -0.0664621 -0.311386
vn 0.883597 -0.31168 0.349445
vn -0.31304 0.92099 -0.231913
vn 0.148833 -0.979901 0.132824
vn 0.847471 -0.42131 0.322942
vn 0.568405 -0.777679 0.268573
vn -0.862795 0.388061 -0.324025
vn 0.895683 0.352758 0.270764
vn 0.942037 -0.0245837 0.334607
vn -0.328588 -0.943474 -0.0434285
vn -0.947342 -0.141489 -0.287271
vn -0.745319 -0.638532 -0.191773
vn 0.490287 -0.843697 0.21862
vn -0.900232 0.317849 -0.297582
vn -0.351869 0.923634 -0.151947
vn -0.0599832 0.993826 -0.0933388
vn 0.948239 -0.0241652 0.316636
vn -0.591154 -0.792577 -0.149527
vn -0.910753 -0.331318 -0.246489
vn 0.203367 -0.972654 0.112187
vn 0.660917 -0.712792 0.23477
vn 0.760828 -0.583958 0.283078
vn 0.911487 -0.274638 0.30621
vn -0.947658 0.165126 -0.273271
vn -0.762219 0.609238 -0.21875
vn -0.589729 0.779616 -0.210758
vn -0.129184 0.988586 -0.0775222
vn 0.469993 0.876542 0.10383
vn 0.958261 0.0115713 0.28566
vn 0.870983 0.426316 0.24422
vn 0.593276 0.794866 0.127325
vn -0.268337 -0.960241 -0.0770238
vn 0.175687 -0.983354 0.0463548
vn 0.696813 -0.689584 0.197297
vn -0.0965468 -0.995327 -0.00194314
vn 0.465242 -0.87138 0.155712
vn 0.825814 -0.506459 0.248054
vn 0.897031 -0.342032 0.279909
vn -0.758177 -0.621187 -0.198229
vn -0.929814 0.296712 -0.217732
vn 0.182459 0.982454 0.0386338
vn -0.337287 0.935801 -0.102541
vn 0.926926 0.281471 0.248157
vn -0.555748 -0.814376 -0.16714
vn 0.0515895 -0.998438 -0.0214348
vn 0.527758 -0.84051 0.122533
vn 0.847085 -0.48617 0.214674
vn -0.969163 0.170822 -0.177605
vn -0.865786 -0.456681 -0.204592
vn 0.675659 0.715766 0.176533
vn 0.957124 -0.134826 0.256391
vn -0.760375 0.636414 -0.129643
vn -0.376385 0.926267 -0.019099
vn 0.206909 0.974623 0.0854342
vn -0.519912 0.848167 -0.10151
vn 0.487725 -0.870752 0.062576
vn -0.625579 -0.755464 -0.194744
vn -0.138088 -0.98234 -0.126257
vn 0.387112 -0.922016 -0.00553781
vn 0.759997 -0.643118 0.0938289
vn 0.0233195 -0.99773 -0.0631709
vn 0.9624 -0.205263 0.177914
vn 0.821764 -0.551805 0.142179
vn 0.759928 -0.630562 0.157801
vn 0.80941 0.548879 0.208775
vn 0.967275 0.106942 0.230093
vn 0.939059 -0.272241 0.209887
vn -0.957075 -0.228919 -0.177775
vn -0.67511 0.735477 -0.0574516
vn -0.0751843 0.994404 0.0742141
vn 0.488786 0.855612 0.17034
vn -0.900426 0.428084 -0.0773054
vn 0.287746 -0.955494 -0.0650625
vn 0.678428 -0.734092 0.0290552
vn -0.870803 -0.454455 -0.187544
vn 0.288926 -0.949467 -0.122613
vn 0.599573 -0.798211 -0.0580599
vn -0.066603 -0.985679 -0.154923
vn 0.462568 -0.884436 -0.0616732
vn 0.833068 -0.552424 0.0287352
vn 0.985513 0.0732103 0.152982
vn 0.916976 0.347709 0.195587
vn 0.932211 -0.343027 0.115392
vn 0.984813 0.00308811 0.173589
vn 0.959421 0.19052 0.207877
vn -0.540154 -0.818141 -0.197178
vn -0.991914 0.0567938 -0.113496
vn -0.907306 0.417365 -0.0510139
vn 0.887538 0.424072 0.180111
vn -0.402842 0.913686 0.0538104
vn 0.270773 0.949536 0.158314
vn 0.709447 0.677302 0.1948
vn -0.737842 -0.65249 -0.172758
vn -0.982061 0.171858 -0.0775896
vn -0.891188 0.452784 -0.0277476
vn -0.630668 0.775015 0.0401161
vn -0.99319 0.0320316 -0.112019
vn -0.746256 -0.470132 0.471251
vn -0.696526 0.445974 -0.562103
vn -0.974133 -0.18646 0.127663
vn -0.854827 0.330302 -0.400214
vn -0.319794 0.64027 -0.698417
vn -0.634799 -0.562708 0.529518
vn -0.215291 -0.702481 0.678358
vn -0.355718 -0.695461 0.624339
vn -0.894591 0.300465 -0.330798
vn -0.4433 0.634411 -0.633252
vn -0.758031 -0.499901 0.418913
vn 0.0452954 0.735452 -0.676061
vn -0.632464 -0.594375 0.496697
vn -0.687608 0.535334 -0.490523
vn -0.161616 0.746238 -0.645763
vn -0.999371 -0.0311541 -0.0169142
vn -0.942739 -0.274954 0.188795
vn -0.969934 -0.207011 0.12796
vn -0.847867 0.399565 -0.348524
vn -0.547689 -0.667484 0.504481
vn -0.423179 0.716227 -0.554922
vn 0.190813 0.77468 -0.602877
vn -0.999112 0.016656 -0.0386926
vn -0.815783 0.463957 -0.345313
vn -0.476099 -0.729193 0.491536
vn -0.163022 -0.822553 0.544822
vn 0.980133 -0.171285 0.100005
vn -0.0392199 0.82481 -0.564048
vn -0.571185 -0.692014 0.441434
vn -0.858243 -0.436458 0.270044
vn 0.708521 -0.704583 -0.0394908
vn 0.941708 -0.333395 0.0450987
vn 0.961888 0.235847 0.138374
vn -0.558855 0.688532 -0.462175
vn -0.905784 0.35456 -0.232041
vn -0.96307 -0.242782 0.116417
vn -0.493493 -0.756818 0.428591
vn 0.0608257 -0.860532 0.505752
vn -0.301361 -0.894894 0.329159
vn -0.36043 -0.932777 -0.00408221
vn 0.0317437 -0.998727 -0.0392011
vn -0.0925771 -0.951027 0.294918
vn 0.166669 -0.922109 0.349193
vn 0.278022 -0.957474 0.0771157
vn -0.147477 -0.978699 -0.142825
vn 0.317683 -0.942703 -0.101922
vn -0.511406 -0.843524 -0.164105
vn -0.0316979 -0.986637 -0.159819
vn 0.410953 -0.905513 -0.105664
vn 0.995488 0.0321133 0.08929
vn 0.0166913 0.989146 0.145984
vn 0.64854 0.738651 0.183822
vn -0.856474 -0.511118 -0.0721878
vn -0.941885 0.178306 -0.284711
vn -0.918807 -0.359253 -0.163497
vn -0.827446 -0.529533 -0.186889
vn -0.0849499 0.838356 -0.538463
vn -0.904042 0.425744 -0.0380787
vn -0.949561 -0.309276 0.051789
vn -0.995182 0.0491774 -0.0848234
vn -0.337709 0.938483 0.0721318
vn 0.22307 0.965688 0.132992
vn 0.695669 0.704344 0.141225
vn 0.922523 0.364062 0.128104
vn -0.687999 0.725166 0.0281286
vn -0.237604 0.964999 0.111005
vn 0.366365 0.915739 0.164924
vn 0.77186 0.614889 0.161693
vn -0.995121 -0.0061272 -0.0984681
vn -0.91524 0.393593 -0.0861391
vn -0.741151 0.667072 -0.0755598
vn -0.491098 0.87099 -0.0141208
vn -0.928149 0.366859 -0.0628788
vn -0.773844 0.631815 -0.0444371
vn -0.25387 0.966345 0.0415545
vn -0.681078 0.732208 0.00183624
vn 0.0844875 0.991986 0.0939497
vn -0.908358 -0.380937 0.172551
vn -0.758766 0.20942 -0.61678
vn -0.123564 -0.992093 -0.0219718
vn -0.626864 -0.242462 -0.740442
vn -0.287224 0.278697 -0.916423
vn -0.42703 0.574461 -0.698312
vn 0.0014087 -0.991764 -0.12807
vn 0.0177723 -0.667029 -0.744819
vn 0.00432118 0.0673783 -0.997718
vn -0.114666 0.589818 -0.799354
vn 0.742589 -0.598622 -0.300354
vn 0.70681 0.320795 -0.630485
vn -0.928226 0.21273 -0.305192
vn -0.81203 0.415575 -0.409762
vn -0.893522 -0.410643 0.181632
vn -0.936301 -0.290949 0.196693
vn -0.385821 -0.692332 0.609769
vn -0.144225 -0.947563 0.285173
vn 0.317089 -0.72171 0.615296
vn 0.73001 -0.658167 0.184122
vn 0.976367 -0.214606 0.0255173
vn 0.801512 -0.45223 0.391238
vn -0.998419 0.0507672 -0.02413
vn -0.848606 0.384742 -0.3631
vn -0.713965 0.498791 -0.491388
vn -0.224164 0.670898 -0.706856
vn 0.999393 -0.0120089 -0.0326976
vn 0.501629 -0.606468 0.6169
vn -0.709652 -0.480694 0.515099
vn -0.935623 0.250149 -0.249068
vn -0.573337 -0.556018 0.601771
vn -0.0297386 -0.688918 0.724229
vn 0.852795 -0.366384 0.372161
vn -0.830497 0.383955 -0.403551
vn 0.596856 0.530659 -0.6018
vn 0.999834 -0.0175934 0.00479143
vn -0.288666 -0.631042 0.720041
vn -0.817715 0.372715 -0.438663
vn -0.840578 -0.358592 0.406005
vn 0.367799 -0.618365 0.694513
vn 0.637055 0.502906 -0.584163
vn 0.748132 -0.431676 0.503939
vn 0.159179 0.625827 -0.763546
vn 0.144304 0.630059 -0.763022
vn -0.649908 -0.495721 0.576091
vn 0.984521 -0.105688 0.139817
vn 0.995037 0.0734707 -0.0671118
vn 0.156317 -0.625371 0.76451
vn 0.59494 -0.496774 0.631872
vn -0.928521 -0.25107 0.273519
vn 0.0505631 0.618491 -0.784163
vn -0.639527 0.462662 -0.613962
vn 0.981471 0.135419 -0.135556
vn 0.617616 0.497953 -0.608764
vn -0.355431 0.566028 -0.743829
vn 0.802193 0.387799 -0.453981
vn 0.960555 -0.151918 0.232928
vn 0.129015 -0.609882 0.78192
vn 0.45585 -0.548382 0.701055
vn -0.350242 -0.601122 0.71832
vn -0.834133 0.316097 -0.452001
vn -0.962882 -0.201653 0.17943
vn 0.44568 0.568988 -0.691102
vn 0.0320485 0.628343 -0.777276
vn 0.708296 0.465632 -0.530569
vn 0.93033 0.259494 -0.25913
vn -0.433982 0.554818 -0.709814
vn 0.500555 0.574264 -0.647816
vn 0.0195159 -0.665697 0.745967
vn -0.128408 0.644592 -0.753667
vn 0.823323 -0.351761 0.445426
vn 0.998819 0.0485882 -0.000396404
vn -0.274078 -0.671014 0.688927
vn 0.35494 0.641962 -0.679634
vn 0.865537 0.357425 -0.350845
vn 0.164145 -0.677088 0.717362
vn 0.995213 -0.0412173 0.088609
vn 0.283632 -0.678309 0.677827
vn 0.217937 0.697461 -0.68268
vn 0.724792 0.504983 -0.468688
vn 0.947143 0.246717 -0.205061
vn 0.954988 -0.191646 0.226428
vn 0.686676 -0.498526 0.529101
vn 0.194098 -0.722255 0.663833
vn 0.972212 0.190447 -0.13614
vn 0.777073 -0.460869 0.428668
vn 0.509664 0.654067 -0.558963
vn 0.731367 0.541235 -0.41493
vn 0.938898 0.279323 -0.201118
vn 0.321472 -0.725593 0.608417
vn 0.381142 -0.73095 0.566077
vn 0.707052 -0.55033 0.444088
vn 0.498055 -0.718668 0.48524
vn 0.618926 0.642389 -0.45196
vn 0.976859 -0.166117 0.134727
vn 0.934662 0.295219 -0.198125
vn 0.351643 -0.805871 0.47636
vn -0.880945 -0.4732 -0.00424091
vn -0.991788 -0.032544 -0.123681
vn -0.88666 0.409836 -0.214169
vn -0.587319 0.764985 -0.264299
vn -0.488753 -0.865282 0.111392
vn -0.907547 -0.418188 -0.0384424
vn -0.532704 -0.844046 0.0617509
vn 0.0213537 -0.988714 0.148288
vn -0.820692 -0.570859 -0.0241875
vn 0.12601 -0.98604 0.108842
vn -0.370085 -0.92816 0.0394507
vn -0.733216 -0.676039 -0.073252
vn -0.114772 -0.992468 0.0428342
vn 0.976135 -0.20313 0.0768054
vn 0.141482 0.832525 -0.535616
vn 0.987648 0.0694338 -0.140462
vn 0.978121 -0.189702 -0.0854
vn -0.345844 -0.857156 0.381675
vn 0.802291 -0.59521 0.0453229
vn 0.922707 0.371626 0.102501
vn -0.398052 0.886803 -0.234809
vn -0.941269 0.297036 -0.160569
vn -0.752617 0.624557 -0.208559
vn -0.118711 0.978685 -0.16758
vn -0.989976 -0.0978302 -0.101862
vn -0.757121 0.634624 -0.154981
vn -0.512992 0.838883 -0.181972
vn 0.380441 0.922341 -0.0674651
vn -0.262652 0.958265 -0.11288
vn -0.924987 0.360295 -0.120779
vn 0.70628 0.707644 0.0202156
vn 0.9241 -0.363126 0.119073
vn -0.664298 0.739345 -0.109899
vn 0.258986 0.965767 -0.0148182
vn -0.344625 0.937276 -0.0524106
vn 0.929472 0.361479 0.0735874
vn 0.0323438 0.999259 0.0208536
vn 0.643466 0.762396 0.0685865
vn 0.571306 0.812794 0.113914
vn 0.256327 0.963897 0.0720999
vn -0.919417 -0.393254 -0.00485623
vn -0.734774 0.585818 -0.341943
vn -0.951506 0.207925 -0.226724
vn -0.336222 0.864772 -0.372994
vn -0.987589 0.018359 -0.155981
vn -0.837188 0.466989 -0.284671
vn -0.889146 -0.457531 0.0092213
vn -0.657932 -0.740828 0.13528
vn -0.575014 0.748063 -0.331301
vn 0.461929 -0.82475 0.326205
vn 0.777791 0.619807 -0.104307
vn -0.72995 -0.678537 0.0822231
vn -0.970125 -0.230996 -0.0741494
vn 0.367835 -0.885287 0.284542
vn -0.15955 0.928801 -0.334474
vn 0.10457 0.954641 -0.278794
vn -0.958875 0.206196 -0.195045
vn -0.76488 0.582426 -0.275206
vn -0.384683 0.871807 -0.303268
vn 0.563251 0.809022 -0.168022
vn 0.971645 0.230227 0.0538707
vn 0.0793912 0.967429 -0.240372
vn 0.77728 -0.581995 0.238995
vn 0.738225 0.669972 -0.0784943
vn 0.378133 -0.898858 0.221517
vn 0.720278 -0.659006 0.216589
vn 0.628939 -0.755165 0.184826
vn 0.950796 -0.268618 0.154372
vn 0.060039 0.978459 -0.197518
vn 0.556136 0.823183 -0.114379
vn 0.442731 0.890705 -0.103117
vn 0.924426 0.379662 0.0359632
vn -0.915602 -0.401347 0.0243658
vn -0.361857 0.832156 -0.42021
vn -0.185377 -0.920104 0.345026
vn -0.0758124 -0.927776 0.365354
vn -0.899927 0.327428 -0.287962
vn -0.976875 0.0888777 -0.194462
vn 0.00487747 0.919086 -0.394028
vn 0.635582 0.740573 -0.218145
vn -0.62512 0.678874 -0.385168
vn -0.286144 0.871991 -0.397181
vn 0.323657 0.894496 -0.308419
vn -0.71016 -0.689546 0.142123
vn 0.800054 -0.516826 0.304638
vn 0.951021 0.308811 0.013946
vn 0.389564 0.883188 -0.261187
vn 0.945288 -0.251487 0.207811
vn -0.874061 -0.416477 -0.250129
vn -0.949928 0.120759 -0.288191
vn -0.807102 0.0214157 -0.590024
vn -0.670258 0.491044 -0.556444
vn -0.629649 -0.625218 -0.461134
vn -0.423713 -0.496588 -0.75754
vn -0.347669 -0.144147 -0.926471
vn 0.00470265 -0.979469 0.201539
vn 0.250044 -0.658244 -0.710065
vn 0.0812063 -0.188742 -0.978663
vn -0.165183 0.124 -0.978437
vn -0.429374 0.683205 -0.590651
vn 0.688507 -0.517376 -0.508213
vn 0.651488 -0.184957 -0.735768
vn 0.983269 -0.128846 -0.128765
vn 0.716747 0.351121 -0.602485
vn 0.947511 0.296263 -0.120214
vn -0.969306 -0.237311 -0.0642628
vn -0.798809 -0.593675 0.0972318
vn 0.169698 -0.926319 0.336356
vn 0.801181 -0.534531 0.269045
vn 0.986989 -0.0416513 0.1553
vn 0.486068 -0.777283 0.399461
vn -0.520821 0.726166 -0.448808
vn 0.0464317 0.902531 -0.428114
vn 0.613262 0.716938 -0.331527
vn 0.402291 0.86 -0.313947
vn 0.891412 0.449375 -0.0587071
vn -0.710007 -0.681721 0.176481
vn 0.863503 -0.407012 0.297832
vn -0.603524 -0.258434 -0.754302
vn -0.762003 0.509134 -0.400168
vn -0.980444 0.0676533 -0.184806
vn -0.566094 -0.818898 -0.0945726
vn -0.0229768 0.0257625 -0.999404
vn -0.733507 0.552541 -0.395812
vn 0 0.00473928 -0.999989
vn 0 0.847543 -0.530726
vn 0.175166 -0.91619 -0.360434
vn 0.125214 0.843737 -0.521947
vn -0.983513 0.0972569 -0.15246
vn 0.013951 0.891779 -0.452256
vn 0.564308 0.754312 -0.335514
vn 0.698069 -0.69055 0.189316
vn -0.523709 -0.676131 -0.518243
vn -0.345274 -0.0618449 -0.936462
vn -0.556305 -0.64421 -0.524899
vn -0.345274 -0.0618449 -0.936462
vn -0.155412 -0.84711 -0.508184
vn -0.345274 -0.0618449 -0.936462
vn -0.681236 -0.304693 -0.665643
vn 0.879365 -0.431437 -0.201444
vn 0.639485 -0.742127 -0.200763
vn 0.948103 -0.263149 -0.178477
vn 0.825075 -0.547436 -0.139875
vn -0.827655 -0.244688 -0.505089
vn -0.114559 -0.828658 -0.547907
vn 0.948103 -0.263149 -0.178477
vn 0.429496 0.902334 0.0364242
vn 0.948103 -0.263149 -0.178477
vn 0.427641 -0.895531 -0.123075
vn 0.914105 -0.402037 0.0526995
vn 0.538329 -0.830211 -0.144744
vn 0.768233 -0.638517 -0.0459831
vn 0.418004 0.907479 0.0418939
vn -0.438918 0.876094 -0.199526
vn -0.972773 -0.0580291 -0.224375
vn -0.986102 -0.113085 -0.121718
vn 0.0777367 -0.76794 0.635788
vn -0.568631 -0.643174 0.512822
vn -0.603206 -0.656493 0.452945
vn 0.171258 -0.785952 0.594097
vn -0.345844 -0.857156 0.381675
vn -0.0121873 -0.999589 -0.0259618
vn 0.376193 -0.758672 -0.531879
vn -0.680851 0.619309 -0.391022
vn -0.873741 -0.388437 -0.292735
vn 0.376193 -0.758672 -0.531879
vn -0.137042 -0.867931 0.477405
vn -0.602267 -0.796654 -0.0511483
vn -0.942354 0.0624241 -0.328744
vn -0.673169 -0.490437 -0.553457
vn -0.633545 -0.649035 -0.421158
vn 0.0177723 -0.667029 -0.744819
vn 0.00287137 -0.659273 -0.751898
vn -0.00182669 -0.103562 -0.994621
vn 0.0326673 -0.674564 -0.737493
vn 0.632441 -0.715964 -0.295659
vn 0.0401207 -0.147284 -0.98828
vn 0.535607 -0.56232 -0.630016
vn 0.743125 0.122054 -0.657927
vn 0.803016 0.106076 -0.586441
vn 0.708676 0.388177 -0.589149
vn 0.601449 0.283015 -0.747102
vn 0.968386 0.0729256 -0.23856
vn 0.964576 0.13254 -0.228091
vn -0.942825 -0.273997 0.189756
vn -0.358862 -0.844579 0.397371
vn -0.679755 -0.704036 -0.205588
vn -0.578755 -0.597678 0.554818
vn 0.581667 -0.782056 0.223723
vn -0.234585 0.674006 -0.700489
vn 0.628622 0.523484 -0.575152
vn -0.98916 -0.0938296 0.112956
vn -0.218594 0.644542 -0.732655
vn 0.946995 0.204303 -0.247913
vn -0.990698 -0.0932507 0.0991058
vn -0.15263 0.653569 -0.741317
vn -0.624987 0.497002 -0.60198
vn 0.709531 0.448826 -0.543251
vn 0.72313 0.444726 -0.52849
vn 0.980911 -0.108606 0.161303
vn -0.923008 0.216705 -0.317955
vn -0.345844 -0.857156 0.381675
vn 0.904876 -0.406841 0.125216
vn 0.767886 -0.630292 0.114378
vn 0.17001 -0.98511 -0.0255858
vn -0.244944 -0.968636 0.0417914
vn 0.71155 -0.702016 0.0294857
vn -0.291953 -0.940074 -0.176135
vn 0.388554 -0.921373 -0.00984942
vn 0.376193 -0.758672 -0.531879
vn 0.98287 0.0128335 -0.183852
vn 0.836631 -0.547257 0.0236282
vn -0.291953 -0.940074 -0.176135
vn 0.439371 -0.89781 0.0298401
vn 0.830833 -0.555544 0.0329781
vn 0.98723 -0.145903 0.0639485
vn 0.700208 -0.61304 0.365911
vn 0.999287 -0.0347373 -0.0147647
vn -0.291953 -0.940074 -0.176135
vn 0.0681678 -0.948859 0.308252
vn -0.319387 -0.927157 0.195886
vn -0.855942 -0.512174 0.0709998
vn 0.596967 -0.707625 0.378018
vn 0.364868 -0.859275 0.358496
vn -0.201704 -0.925416 0.320813
vn -0.12376 -0.957854 0.259226
vn -0.0423163 -0.81199 -0.582135
vn -0.706362 -0.703933 0.0743728
vn -0.552349 0.44201 -0.70678
vn -0.0047359 -0.824922 -0.565227
vn 0.644394 -0.730205 0.227061
vn 0.539501 -0.686648 -0.487292
vn -0.490242 0.484769 -0.724335
vn 0.414707 0.262996 -0.871121
vn 0.390438 0.699999 -0.597963
vn 0.813719 -0.547393 0.195505
vn -0.241969 -0.916062 0.319815
vn -0.0182126 -0.923614 0.382892
g grp1
usemtl mtl1
f 1//1 26//26 3//3 
f 26//26 2//2 3//3 
f 27//27 1//1 5//5 
f 5//5 1//1 3//3 
f 2//2 6//6 3//3 
f 27//27 5//5 7//7 
f 3//3 6//6 5//5 
f 5//5 6//6 9//9 
f 5//5 9//9 7//7 
f 7//7 9//9 38//38 
f 2//2 8//8 6//6 
f 4//4 8//8 2//2 
f 6//6 8//8 10//10 
f 10//10 9//9 6//6 
f 8//8 11//11 10//10 
f 38//38 9//9 13//13 
f 9//9 10//10 12//12 
f 9//9 12//12 13//13 
f 10//10 14//14 12//12 
f 11//11 41//41 15//15 
f 11//11 15//15 10//10 
f 10//10 15//15 14//14 
f 44//44 43//43 15//15 
f 43//43 14//14 15//15 
f 13//13 12//12 47//47 
f 75//75 67//67 16//16 
f 77//77 20//20 18//18 
f 77//77 78//78 20//20 
f 17//17 75//75 22//22 
f 75//75 16//16 22//22 
f 18//18 19//19 16//16 
f 19//19 22//22 16//16 
f 17//17 22//22 28//28 
f 17//17 28//28 21//21 
f 78//78 23//23 20//20 
f 78//78 29//29 23//23 
f 21//21 31//31 82//82 
f 20//20 19//19 18//18 
f 20//20 24//24 19//19 
f 25//25 20//20 23//23 
f 81//81 84//84 29//29 
f 25//25 24//24 20//20 
f 25//25 23//23 30//30 
f 23//23 29//29 30//30 
f 4//4 24//24 25//25 
f 29//29 84//84 36//36 
f 28//28 22//22 27//27 
f 27//27 22//22 1//1 
f 24//24 4//4 2//2 
f 19//19 26//26 22//22 
f 19//19 24//24 26//26 
f 24//24 2//2 26//26 
f 22//22 26//26 1//1 
f 25//25 30//30 4//4 
f 30//30 32//32 4//4 
f 33//33 32//32 30//30 
f 30//30 29//29 33//33 
f 34//34 31//31 21//21 
f 35//35 34//34 21//21 
f 34//34 85//85 31//31 
f 21//21 28//28 35//35 
f 29//29 36//36 33//33 
f 37//37 32//32 33//33 
f 84//84 86//86 36//36 
f 32//32 8//8 4//4 
f 7//7 28//28 27//27 
f 28//28 7//7 38//38 
f 28//28 42//42 35//35 
f 37//37 8//8 32//32 
f 86//86 91//91 36//36 
f 37//37 11//11 8//8 
f 42//42 28//28 38//38 
f 35//35 39//39 34//34 
f 34//34 88//88 85//85 
f 34//34 39//39 88//88 
f 41//41 11//11 37//37 
f 40//40 41//41 37//37 
f 33//33 40//40 37//37 
f 36//36 92//92 33//33 
f 40//40 33//33 92//92 
f 91//91 92//92 36//36 
f 40//40 45//45 41//41 
f 39//39 35//35 42//42 
f 13//13 42//42 38//38 
f 96//96 39//39 42//42 
f 39//39 96//96 88//88 
f 44//44 15//15 41//41 
f 42//42 13//13 47//47 
f 12//12 14//14 49//49 
f 14//14 43//43 49//49 
f 12//12 49//49 47//47 
f 46//46 41//41 45//45 
f 46//46 44//44 41//41 
f 44//44 46//46 52//52 
f 100//100 46//46 45//45 
f 101//101 46//46 100//100 
f 101//101 52//52 46//46 
f 96//96 103//103 102//102 
f 103//103 96//96 42//42 
f 43//43 48//48 49//49 
f 43//43 50//50 48//48 
f 44//44 50//50 43//43 
f 44//44 52//52 50//50 
f 50//50 52//52 51//51 
f 42//42 47//47 55//55 
f 103//103 42//42 55//55 
f 48//48 53//53 49//49 
f 50//50 51//51 48//48 
f 49//49 53//53 54//54 
f 51//51 53//53 48//48 
f 49//49 54//54 47//47 
f 55//55 47//47 54//54 
f 57//57 55//55 54//54 
f 105//105 55//55 57//57 
f 51//51 56//56 53//53 
f 51//51 52//52 104//104 
f 51//51 104//104 56//56 
f 57//57 54//54 53//53 
f 57//57 110//110 106//106 
f 56//56 107//107 53//53 
f 58//58 65//65 66//66 
f 61//61 60//60 846//846 
f 67//67 851//851 847//847 
f 848//848 856//856 67//67 
f 851//851 67//67 69//69 
f 60//60 59//59 846//846 
f 65//65 58//58 849//849 
f 65//65 849//849 68//68 
f 60//60 63//63 62//62 
f 59//59 60//60 62//62 
f 854//854 71//71 849//849 
f 849//849 71//71 68//68 
f 63//63 850//850 64//64 
f 64//64 850//850 852//852 
f 855//855 853//853 857//857 
f 74//74 855//855 857//857 
f 62//62 63//63 114//114 
f 114//114 118//118 854//854 
f 854//854 118//118 71//71 
f 114//114 63//63 115//115 
f 115//115 63//63 64//64 
f 117//117 855//855 74//74 
f 126//126 117//117 74//74 
f 66//66 65//65 16//16 
f 856//856 16//16 67//67 
f 69//69 67//67 75//75 
f 65//65 68//68 77//77 
f 16//16 65//65 77//77 
f 70//70 69//69 75//75 
f 71//71 72//72 68//68 
f 68//68 72//72 77//77 
f 72//72 73//73 77//77 
f 857//857 70//70 74//74 
f 74//74 70//70 76//76 
f 71//71 118//118 72//72 
f 118//118 120//120 72//72 
f 120//120 73//73 72//72 
f 120//120 121//121 73//73 
f 121//121 122//122 73//73 
f 126//126 74//74 76//76 
f 126//126 76//76 127//127 
f 76//76 80//80 127//127 
f 77//77 18//18 16//16 
f 79//79 122//122 127//127 
f 75//75 17//17 70//70 
f 76//76 70//70 21//21 
f 77//77 73//73 78//78 
f 82//82 76//76 21//21 
f 82//82 80//80 76//76 
f 122//122 81//81 73//73 
f 81//81 122//122 79//79 
f 127//127 80//80 79//79 
f 73//73 29//29 78//78 
f 17//17 21//21 70//70 
f 73//73 81//81 29//29 
f 84//84 81//81 79//79 
f 79//79 83//83 84//84 
f 80//80 82//82 31//31 
f 80//80 83//83 79//79 
f 80//80 31//31 83//83 
f 84//84 83//83 86//86 
f 83//83 31//31 85//85 
f 83//83 85//85 86//86 
f 85//85 87//87 86//86 
f 86//86 89//89 91//91 
f 86//86 87//87 89//89 
f 88//88 87//87 85//85 
f 88//88 94//94 87//87 
f 87//87 94//94 90//90 
f 89//89 87//87 90//90 
f 90//90 94//94 97//97 
f 89//89 90//90 93//93 
f 90//90 97//97 93//93 
f 93//93 91//91 89//89 
f 40//40 98//98 45//45 
f 40//40 92//92 98//98 
f 92//92 99//99 98//98 
f 95//95 94//94 88//88 
f 96//96 95//95 88//88 
f 102//102 95//95 96//96 
f 94//94 95//95 97//97 
f 91//91 99//99 92//92 
f 130//130 93//93 97//97 
f 98//98 100//100 45//45 
f 95//95 140//140 97//97 
f 858//858 95//95 102//102 
f 91//91 128//128 99//99 
f 98//98 141//141 100//100 
f 98//98 99//99 141//141 
f 143//143 100//100 141//141 
f 143//143 101//101 100//100 
f 99//99 194//194 141//141 
f 55//55 105//105 103//103 
f 102//102 103//103 153//153 
f 52//52 101//101 104//104 
f 104//104 101//101 108//108 
f 103//103 105//105 157//157 
f 103//103 157//157 153//153 
f 152//152 102//102 153//153 
f 105//105 57//57 106//106 
f 56//56 109//109 107//107 
f 56//56 104//104 109//109 
f 107//107 57//57 53//53 
f 57//57 107//107 110//110 
f 104//104 108//108 109//109 
f 107//107 111//111 110//110 
f 101//101 143//143 108//108 
f 108//108 154//154 109//109 
f 105//105 106//106 156//156 
f 157//157 105//105 156//156 
f 109//109 112//112 107//107 
f 112//112 111//111 107//107 
f 158//158 111//111 112//112 
f 113//113 110//110 111//111 
f 111//111 158//158 113//113 
f 110//110 156//156 106//106 
f 113//113 156//156 110//110 
f 154//154 159//159 109//109 
f 109//109 159//159 112//112 
f 118//118 114//114 119//119 
f 116//116 119//119 114//114 
f 115//115 116//116 114//114 
f 119//119 116//116 123//123 
f 117//117 116//116 115//115 
f 64//64 117//117 115//115 
f 116//116 117//117 123//123 
f 123//123 117//117 126//126 
f 120//120 118//118 119//119 
f 119//119 123//123 124//124 
f 119//119 124//124 120//120 
f 121//121 120//120 125//125 
f 125//125 120//120 124//124 
f 122//122 121//121 125//125 
f 127//127 122//122 125//125 
f 123//123 126//126 127//127 
f 123//123 127//127 124//124 
f 124//124 127//127 125//125 
f 97//97 140//140 130//130 
f 128//128 91//91 93//93 
f 128//128 194//194 99//99 
f 128//128 129//129 194//194 
f 128//128 93//93 129//129 
f 93//93 130//130 129//129 
f 129//129 142//142 194//194 
f 129//129 130//130 142//142 
f 144//144 131//131 132//132 
f 132//132 146//146 144//144 
f 132//132 131//131 137//137 
f 144//144 182//182 131//131 
f 131//131 162//162 137//137 
f 220//220 131//131 182//182 
f 135//135 138//138 134//134 
f 133//133 135//135 134//134 
f 135//135 133//133 132//132 
f 132//132 133//133 146//146 
f 133//133 145//145 146//146 
f 135//135 132//132 137//137 
f 138//138 136//136 134//134 
f 136//136 149//149 134//134 
f 137//137 139//139 135//135 
f 139//139 168//168 167//167 
f 135//135 139//139 167//167 
f 138//138 135//135 167//167 
f 138//138 187//187 136//136 
f 137//137 162//162 139//139 
f 169//169 138//138 167//167 
f 130//130 140//140 193//193 
f 142//142 195//195 194//194 
f 142//142 130//130 195//195 
f 146//146 147//147 144//144 
f 144//144 147//147 196//196 
f 148//148 200//200 196//196 
f 182//182 144//144 196//196 
f 147//147 146//146 145//145 
f 133//133 134//134 145//145 
f 134//134 149//149 145//145 
f 196//196 147//147 148//148 
f 147//147 145//145 148//148 
f 145//145 149//149 148//148 
f 149//149 150//150 148//148 
f 149//149 184//184 150//150 
f 149//149 183//183 184//184 
f 187//187 183//183 149//149 
f 136//136 187//187 149//149 
f 152//152 858//858 102//102 
f 140//140 197//197 193//193 
f 154//154 108//108 151//151 
f 151//151 108//108 143//143 
f 141//141 198//198 143//143 
f 197//197 858//858 152//152 
f 202//202 152//152 153//153 
f 112//112 160//160 158//158 
f 154//154 155//155 159//159 
f 112//112 159//159 160//160 
f 151//151 155//155 154//154 
f 198//198 151//151 143//143 
f 198//198 155//155 151//151 
f 157//157 156//156 161//161 
f 161//161 156//156 113//113 
f 158//158 161//161 113//113 
f 159//159 240//240 160//160 
f 155//155 271//271 159//159 
f 159//159 271//271 240//240 
f 160//160 204//204 158//158 
f 131//131 164//164 162//162 
f 164//164 131//131 220//220 
f 162//162 164//164 163//163 
f 165//165 163//163 164//164 
f 165//165 164//164 220//220 
f 171//171 165//165 175//175 
f 166//166 175//175 165//165 
f 166//166 177//177 175//175 
f 139//139 162//162 168//168 
f 163//163 168//168 162//162 
f 171//171 170//170 168//168 
f 168//168 170//170 167//167 
f 169//169 167//167 170//170 
f 180//180 138//138 169//169 
f 171//171 163//163 165//165 
f 168//168 163//163 171//171 
f 170//170 172//172 169//169 
f 169//169 172//172 174//174 
f 174//174 180//180 169//169 
f 173//173 170//170 171//171 
f 172//172 170//170 173//173 
f 176//176 174//174 172//172 
f 171//171 175//175 173//173 
f 176//176 172//172 173//173 
f 177//177 178//178 175//175 
f 175//175 178//178 173//173 
f 178//178 176//176 173//173 
f 174//174 176//176 179//179 
f 179//179 181//181 174//174 
f 166//166 207//207 177//177 
f 177//177 207//207 178//178 
f 205//205 176//176 178//178 
f 205//205 206//206 179//179 
f 205//205 179//179 176//176 
f 179//179 206//206 181//181 
f 180//180 187//187 138//138 
f 180//180 188//188 187//187 
f 174//174 181//181 180//180 
f 190//190 180//180 181//181 
f 192//192 190//190 181//181 
f 219//219 220//220 182//182 
f 188//188 189//189 183//183 
f 184//184 183//183 189//189 
f 184//184 185//185 201//201 
f 185//185 184//184 189//189 
f 186//186 185//185 189//189 
f 189//189 191//191 186//186 
f 191//191 192//192 216//216 
f 216//216 186//186 191//191 
f 217//217 216//216 192//192 
f 222//222 186//186 216//216 
f 188//188 183//183 187//187 
f 180//180 190//190 188//188 
f 190//190 189//189 188//188 
f 191//191 189//189 190//190 
f 190//190 192//192 191//191 
f 130//130 193//193 195//195 
f 195//195 193//193 224//224 
f 193//193 223//223 224//224 
f 219//219 225//225 250//250 
f 225//225 182//182 196//196 
f 219//219 182//182 225//225 
f 226//226 148//148 150//150 
f 150//150 184//184 201//201 
f 197//197 152//152 202//202 
f 223//223 193//193 197//197 
f 203//203 197//197 202//202 
f 223//223 197//197 203//203 
f 198//198 141//141 261//261 
f 271//271 198//198 261//261 
f 196//196 200//200 199//199 
f 199//199 225//225 196//196 
f 200//200 148//148 226//226 
f 231//231 200//200 226//226 
f 150//150 201//201 226//226 
f 234//234 203//203 233//233 
f 202//202 233//233 203//203 
f 198//198 271//271 155//155 
f 161//161 158//158 204//204 
f 204//204 235//235 161//161 
f 161//161 235//235 236//236 
f 161//161 236//236 157//157 
f 242//242 207//207 166//166 
f 244//244 212//212 211//211 
f 243//243 207//207 242//242 
f 211//211 207//207 243//243 
f 244//244 211//211 243//243 
f 208//208 178//178 207//207 
f 205//205 178//178 208//208 
f 208//208 209//209 205//205 
f 209//209 206//206 205//205 
f 181//181 206//206 192//192 
f 207//207 211//211 208//208 
f 211//211 209//209 208//208 
f 210//210 206//206 209//209 
f 206//206 210//210 192//192 
f 192//192 210//210 217//217 
f 211//211 212//212 209//209 
f 210//210 209//209 212//212 
f 212//212 213//213 210//210 
f 210//210 213//213 217//217 
f 165//165 241//241 166//166 
f 165//165 220//220 241//241 
f 213//213 215//215 217//217 
f 212//212 214//214 213//213 
f 213//213 214//214 215//215 
f 244//244 214//214 212//212 
f 217//217 218//218 216//216 
f 218//218 222//222 216//216 
f 220//220 219//219 250//250 
f 221//221 201//201 185//185 
f 186//186 221//221 185//185 
f 222//222 221//221 186//186 
f 222//222 260//260 221//221 
f 218//218 217//217 215//215 
f 227//227 261//261 141//141 
f 195//195 228//228 194//194 
f 141//141 194//194 227//227 
f 227//227 194//194 228//228 
f 228//228 195//195 224//224 
f 250//250 225//225 257//257 
f 199//199 257//257 225//225 
f 230//230 199//199 200//200 
f 231//231 230//230 200//200 
f 268//268 231//231 226//226 
f 268//268 201//201 232//232 
f 226//226 201//201 268//268 
f 201//201 221//221 232//232 
f 221//221 260//260 232//232 
f 269//269 232//232 260//260 
f 223//223 203//203 234//234 
f 224//224 223//223 229//229 
f 224//224 229//229 228//228 
f 234//234 229//229 223//223 
f 228//228 229//229 309//309 
f 227//227 262//262 261//261 
f 257//257 199//199 230//230 
f 268//268 266//266 231//231 
f 275//275 202//202 153//153 
f 275//275 233//233 202//202 
f 230//230 231//231 266//266 
f 157//157 236//236 237//237 
f 153//153 157//157 237//237 
f 235//235 204//204 238//238 
f 160//160 239//239 204//204 
f 204//204 239//239 238//238 
f 160//160 240//240 239//239 
f 237//237 236//236 274//274 
f 239//239 281//281 238//238 
f 276//276 235//235 238//238 
f 236//236 235//235 276//276 
f 240//240 280//280 239//239 
f 239//239 280//280 281//281 
f 166//166 241//241 242//242 
f 242//242 241//241 285//285 
f 242//242 285//285 295//295 
f 287//287 244//244 243//243 
f 246//246 244//244 287//287 
f 222//222 253//253 260//260 
f 218//218 253//253 222//222 
f 245//245 253//253 218//218 
f 245//245 218//218 215//215 
f 244//244 246//246 214//214 
f 214//214 246//246 215//215 
f 215//215 246//246 245//245 
f 256//256 248//248 258//258 
f 250//250 258//258 247//247 
f 258//258 248//248 247//247 
f 248//248 249//249 247//247 
f 249//249 282//282 286//286 
f 220//220 250//250 251//251 
f 251//251 250//250 247//247 
f 241//241 220//220 286//286 
f 286//286 220//220 251//251 
f 247//247 249//249 251//251 
f 286//286 251//251 249//249 
f 241//241 286//286 285//285 
f 246//246 252//252 245//245 
f 245//245 252//252 253//253 
f 263//263 227//227 228//228 
f 262//262 227//227 263//263 
f 257//257 300//300 255//255 
f 257//257 255//255 259//259 
f 255//255 254//254 259//259 
f 254//254 255//255 291//291 
f 257//257 258//258 250//250 
f 259//259 258//258 257//257 
f 267//267 268//268 232//232 
f 267//267 232//232 269//269 
f 252//252 297//297 253//253 
f 297//297 260//260 253//253 
f 263//263 228//228 309//309 
f 309//309 229//229 308//308 
f 261//261 311//311 271//271 
f 300//300 257//257 264//264 
f 312//312 300//300 264//264 
f 230//230 264//264 257//257 
f 265//265 264//264 230//230 
f 266//266 265//265 230//230 
f 266//266 268//268 273//273 
f 273//273 268//268 267//267 
f 316//316 233//233 275//275 
f 233//233 316//316 270//270 
f 229//229 234//234 308//308 
f 233//233 270//270 234//234 
f 271//271 277//277 278//278 
f 271//271 311//311 277//277 
f 312//312 264//264 272//272 
f 325//325 312//312 272//272 
f 266//266 328//328 265//265 
f 264//264 265//265 272//272 
f 272//272 265//265 328//328 
f 266//266 329//329 328//328 
f 329//329 266//266 273//273 
f 275//275 237//237 274//274 
f 275//275 153//153 237//237 
f 274//274 236//236 276//276 
f 281//281 334//334 238//238 
f 276//276 238//238 334//334 
f 334//334 279//279 276//276 
f 274//274 276//276 279//279 
f 275//275 274//274 331//331 
f 271//271 278//278 240//240 
f 240//240 278//278 280//280 
f 278//278 277//277 318//318 
f 311//311 319//319 277//277 
f 319//319 318//318 277//277 
f 274//274 279//279 331//331 
f 334//334 281//281 340//340 
f 280//280 339//339 281//281 
f 256//256 258//258 288//288 
f 859//859 282//282 283//283 
f 284//284 283//283 282//282 
f 284//284 285//285 283//283 
f 285//285 284//284 293//293 
f 285//285 293//293 295//295 
f 283//283 285//285 286//286 
f 295//295 355//355 243//243 
f 287//287 243//243 355//355 
f 242//242 295//295 243//243 
f 299//299 246//246 287//287 
f 259//259 288//288 258//258 
f 259//259 254//254 288//288 
f 291//291 292//292 289//289 
f 862//862 302//302 860//860 
f 290//290 289//289 303//303 
f 290//290 291//291 289//289 
f 291//291 290//290 446//446 
f 290//290 303//303 357//357 
f 292//292 291//291 255//255 
f 294//294 293//293 445//445 
f 293//293 294//294 295//295 
f 353//353 295//295 294//294 
f 353//353 294//294 296//296 
f 354//354 353//353 296//296 
f 295//295 353//353 355//355 
f 307//307 297//297 298//298 
f 299//299 287//287 356//356 
f 360//360 299//299 356//356 
f 307//307 298//298 360//360 
f 356//356 287//287 355//355 
f 297//297 269//269 260//260 
f 298//298 252//252 246//246 
f 299//299 298//298 246//246 
f 252//252 298//298 297//297 
f 360//360 298//298 299//299 
f 312//312 313//313 301//301 
f 301//301 300//300 312//312 
f 358//358 301//301 363//363 
f 255//255 300//300 301//301 
f 255//255 301//301 302//302 
f 862//862 255//255 302//302 
f 301//301 864//864 302//302 
f 861//861 863//863 865//865 
f 301//301 872//872 864//864 
f 301//301 358//358 872//872 
f 306//306 315//315 304//304 
f 306//306 305//305 315//315 
f 305//305 307//307 360//360 
f 306//306 269//269 297//297 
f 269//269 304//304 267//267 
f 307//307 306//306 297//297 
f 269//269 306//306 304//304 
f 307//307 305//305 306//306 
f 234//234 270//270 308//308 
f 262//262 310//310 261//261 
f 372//372 310//310 263//263 
f 263//263 310//310 262//262 
f 372//372 263//263 309//309 
f 308//308 371//371 309//309 
f 309//309 371//371 372//372 
f 310//310 311//311 261//261 
f 375//375 310//310 372//372 
f 374//374 319//319 311//311 
f 311//311 310//310 374//374 
f 312//312 325//325 362//362 
f 362//362 313//313 312//312 
f 363//363 301//301 313//313 
f 267//267 330//330 273//273 
f 314//314 330//330 267//267 
f 367//367 330//330 314//314 
f 315//315 305//305 368//368 
f 267//267 304//304 314//314 
f 304//304 367//367 314//314 
f 304//304 315//315 367//367 
f 367//367 315//315 368//368 
f 308//308 270//270 317//317 
f 317//317 270//270 316//316 
f 332//332 316//316 275//275 
f 332//332 317//317 316//316 
f 331//331 332//332 275//275 
f 333//333 317//317 332//332 
f 308//308 317//317 371//371 
f 317//317 333//333 371//371 
f 278//278 318//318 320//320 
f 278//278 320//320 341//341 
f 278//278 341//341 280//280 
f 318//318 319//319 320//320 
f 376//376 320//320 319//319 
f 319//319 374//374 376//376 
f 374//374 377//377 376//376 
f 320//320 321//321 343//343 
f 321//321 320//320 376//376 
f 343//343 321//321 322//322 
f 321//321 376//376 322//322 
f 378//378 322//322 376//376 
f 322//322 323//323 343//343 
f 322//322 379//379 323//323 
f 379//379 325//325 323//323 
f 323//323 325//325 324//324 
f 323//323 324//324 326//326 
f 323//323 326//326 345//345 
f 326//326 346//346 345//345 
f 326//326 328//328 346//346 
f 324//324 325//325 326//326 
f 325//325 272//272 326//326 
f 326//326 272//272 328//328 
f 329//329 346//346 328//328 
f 329//329 273//273 327//327 
f 273//273 330//330 327//327 
f 385//385 327//327 330//330 
f 367//367 385//385 330//330 
f 386//386 333//333 332//332 
f 331//331 279//279 335//335 
f 332//332 331//331 336//336 
f 331//331 335//335 336//336 
f 279//279 334//334 335//335 
f 337//337 336//336 335//335 
f 332//332 336//336 386//386 
f 335//335 334//334 338//338 
f 337//337 335//335 338//338 
f 338//338 334//334 340//340 
f 280//280 341//341 339//339 
f 339//339 340//340 281//281 
f 342//342 340//340 339//339 
f 320//320 343//343 341//341 
f 341//341 343//343 339//339 
f 343//343 342//342 339//339 
f 349//349 340//340 342//342 
f 345//345 343//343 323//323 
f 343//343 345//345 342//342 
f 344//344 349//349 342//342 
f 345//345 344//344 342//342 
f 345//345 346//346 344//344 
f 344//344 346//346 347//347 
f 344//344 347//347 395//395 
f 329//329 347//347 346//346 
f 347//347 329//329 398//398 
f 398//398 329//329 327//327 
f 338//338 340//340 348//348 
f 404//404 402//402 338//338 
f 348//348 404//404 338//338 
f 348//348 340//340 349//349 
f 443//443 256//256 288//288 
f 284//284 282//282 411//411 
f 291//291 446//446 254//254 
f 351//351 350//350 412//412 
f 354//354 412//412 350//350 
f 296//296 445//445 354//354 
f 866//866 352//352 871//871 
f 871//871 352//352 365//365 
f 445//445 296//296 294//294 
f 870//870 867//867 868//868 
f 354//354 355//355 353//353 
f 354//354 877//877 355//355 
f 363//363 878//878 868//868 
f 363//363 868//868 358//358 
f 873//873 875//875 869//869 
f 878//878 870//870 868//868 
f 877//877 359//359 355//355 
f 370//370 360//360 369//369 
f 359//359 356//356 355//355 
f 369//369 360//360 356//356 
f 370//370 305//305 360//360 
f 375//375 374//374 310//310 
f 381//381 361//361 380//380 
f 362//362 361//361 313//313 
f 380//380 361//361 362//362 
f 313//313 361//361 363//363 
f 876//876 878//878 363//363 
f 359//359 877//877 413//413 
f 366//366 370//370 369//369 
f 364//364 370//370 366//366 
f 370//370 364//364 368//368 
f 359//359 413//413 366//366 
f 366//366 413//413 425//425 
f 425//425 364//364 366//366 
f 369//369 356//356 359//359 
f 366//366 369//369 359//359 
f 305//305 370//370 368//368 
f 333//333 387//387 371//371 
f 372//372 371//371 373//373 
f 372//372 373//373 414//414 
f 415//415 372//372 414//414 
f 387//387 373//373 371//371 
f 375//375 377//377 374//374 
f 375//375 372//372 415//415 
f 375//375 415//415 377//377 
f 376//376 381//381 378//378 
f 377//377 381//381 376//376 
f 378//378 379//379 322//322 
f 380//380 379//379 378//378 
f 380//380 378//378 381//381 
f 381//381 377//377 418//418 
f 325//325 379//379 362//362 
f 380//380 362//362 379//379 
f 381//381 418//418 876//876 
f 383//383 384//384 382//382 
f 424//424 382//382 384//384 
f 426//426 424//424 384//384 
f 327//327 385//385 400//400 
f 400//400 385//385 383//383 
f 383//383 401//401 400//400 
f 367//367 384//384 385//385 
f 384//384 383//383 385//385 
f 368//368 364//364 384//384 
f 367//367 368//368 384//384 
f 333//333 389//389 387//387 
f 388//388 336//336 337//337 
f 388//388 386//386 336//336 
f 333//333 386//386 389//389 
f 389//389 386//386 388//388 
f 387//387 390//390 373//373 
f 390//390 387//387 389//389 
f 389//389 392//392 390//390 
f 391//391 389//389 388//388 
f 391//391 388//388 402//402 
f 389//389 391//391 392//392 
f 427//427 392//392 391//391 
f 433//433 410//410 438//438 
f 432//432 410//410 433//433 
f 397//397 438//438 393//393 
f 394//394 396//396 393//393 
f 397//397 393//393 396//396 
f 394//394 395//395 398//398 
f 395//395 347//347 398//398 
f 344//344 395//395 394//394 
f 394//394 398//398 396//396 
f 397//397 396//396 399//399 
f 397//397 399//399 440//440 
f 399//399 396//396 401//401 
f 401//401 382//382 399//399 
f 399//399 382//382 442//442 
f 440//440 399//399 442//442 
f 398//398 327//327 400//400 
f 398//398 400//400 401//401 
f 401//401 396//396 398//398 
f 382//382 401//401 383//383 
f 402//402 337//337 338//338 
f 388//388 337//337 402//402 
f 402//402 404//404 403//403 
f 391//391 402//402 403//403 
f 427//427 391//391 403//403 
f 404//404 348//348 405//405 
f 403//403 404//404 406//406 
f 404//404 405//405 406//406 
f 427//427 403//403 406//406 
f 348//348 349//349 405//405 
f 405//405 349//349 408//408 
f 406//406 432//432 427//427 
f 349//349 344//344 408//408 
f 406//406 405//405 407//407 
f 406//406 407//407 432//432 
f 407//407 410//410 432//432 
f 408//408 344//344 394//394 
f 408//408 394//394 409//409 
f 405//405 408//408 409//409 
f 405//405 409//409 407//407 
f 410//410 407//407 409//409 
f 409//409 394//394 393//393 
f 409//409 393//393 410//410 
f 447//447 248//248 256//256 
f 449//449 249//249 248//248 
f 249//249 449//449 444//444 
f 444//444 282//282 249//249 
f 444//444 411//411 282//282 
f 451//451 293//293 411//411 
f 445//445 293//293 451//451 
f 293//293 284//284 411//411 
f 254//254 446//446 443//443 
f 254//254 443//443 288//288 
f 459//459 446//446 290//290 
f 459//459 290//290 357//357 
f 876//876 418//418 878//878 
f 420//420 877//877 879//879 
f 413//413 877//877 420//420 
f 414//414 373//373 390//390 
f 414//414 390//390 429//429 
f 428//428 415//415 414//414 
f 414//414 429//429 428//428 
f 416//416 377//377 415//415 
f 416//416 879//879 377//377 
f 415//415 428//428 416//416 
f 416//416 428//428 434//434 
f 420//420 879//879 416//416 
f 416//416 434//434 417//417 
f 420//420 416//416 417//417 
f 413//413 420//420 423//423 
f 420//420 417//417 423//423 
f 417//417 419//419 423//423 
f 423//423 419//419 421//421 
f 421//421 419//419 441//441 
f 422//422 421//421 441//441 
f 422//422 424//424 426//426 
f 413//413 423//423 425//425 
f 423//423 421//421 425//425 
f 425//425 421//421 426//426 
f 421//421 422//422 426//426 
f 364//364 426//426 384//384 
f 382//382 424//424 442//442 
f 426//426 364//364 425//425 
f 390//390 392//392 429//429 
f 429//429 392//392 430//430 
f 392//392 427//427 430//430 
f 429//429 430//430 431//431 
f 430//430 427//427 433//433 
f 428//428 429//429 431//431 
f 431//431 430//430 435//435 
f 427//427 432//432 433//433 
f 430//430 433//433 436//436 
f 428//428 431//431 434//434 
f 431//431 435//435 434//434 
f 435//435 430//430 436//436 
f 435//435 436//436 437//437 
f 437//437 436//436 433//433 
f 434//434 435//435 417//417 
f 417//417 435//435 437//437 
f 417//417 437//437 419//419 
f 438//438 397//397 440//440 
f 393//393 438//438 410//410 
f 440//440 439//439 438//438 
f 437//437 433//433 439//439 
f 439//439 433//433 438//438 
f 439//439 419//419 437//437 
f 419//419 439//439 441//441 
f 441//441 439//439 440//440 
f 440//440 422//422 441//441 
f 442//442 424//424 422//422 
f 442//442 422//422 440//440 
f 449//449 455//455 444//444 
f 455//455 450//450 444//444 
f 447//447 256//256 443//443 
f 450//450 411//411 444//444 
f 452//452 354//354 445//445 
f 880//880 874//874 351//351 
f 248//248 448//448 449//449 
f 448//448 248//248 447//447 
f 446//446 463//463 443//443 
f 457//457 447//447 443//443 
f 445//445 451//451 458//458 
f 450//450 451//451 411//411 
f 452//452 412//412 354//354 
f 351//351 412//412 880//880 
f 455//455 453//453 460//460 
f 448//448 447//447 468//468 
f 448//448 453//453 449//449 
f 453//453 455//455 449//449 
f 460//460 462//462 455//455 
f 455//455 462//462 450//450 
f 450//450 462//462 454//454 
f 454//454 451//451 450//450 
f 443//443 456//456 457//457 
f 456//456 443//443 463//463 
f 473//473 465//465 458//458 
f 458//458 465//465 445//445 
f 465//465 452//452 445//445 
f 465//465 464//464 452//452 
f 464//464 412//412 452//452 
f 458//458 451//451 454//454 
f 467//467 447//447 457//457 
f 468//468 447//447 467//467 
f 466//466 453//453 448//448 
f 466//466 460//460 453//453 
f 462//462 460//460 469//469 
f 454//454 462//462 461//461 
f 470//470 467//467 457//457 
f 457//457 456//456 470//470 
f 881//881 472//472 471//471 
f 446//446 472//472 881//881 
f 472//472 446//446 459//459 
f 412//412 464//464 487//487 
f 458//458 454//454 461//461 
f 461//461 473//473 458//458 
f 473//473 464//464 465//465 
f 468//468 467//467 475//475 
f 476//476 469//469 460//460 
f 468//468 466//466 448//448 
f 468//468 474//474 466//466 
f 476//476 460//460 466//466 
f 462//462 469//469 478//478 
f 478//478 461//461 462//462 
f 479//479 461//461 478//478 
f 467//467 470//470 480//480 
f 482//482 470//470 463//463 
f 482//482 881//881 471//471 
f 471//471 483//483 482//482 
f 472//472 483//483 471//471 
f 456//456 463//463 470//470 
f 880//880 487//487 472//472 
f 479//479 473//473 461//461 
f 880//880 412//412 487//487 
f 475//475 474//474 468//468 
f 474//474 491//491 466//466 
f 491//491 476//476 466//466 
f 477//477 476//476 492//492 
f 492//492 476//476 491//491 
f 492//492 493//493 477//477 
f 477//477 469//469 476//476 
f 478//478 469//469 477//477 
f 494//494 477//477 493//493 
f 478//478 477//477 494//494 
f 479//479 478//478 494//494 
f 475//475 480//480 496//496 
f 475//475 467//467 480//480 
f 498//498 481//481 482//482 
f 483//483 498//498 482//482 
f 470//470 481//481 480//480 
f 482//482 481//481 470//470 
f 484//484 483//483 472//472 
f 484//484 487//487 486//486 
f 472//472 487//487 484//484 
f 483//483 484//484 497//497 
f 494//494 485//485 479//479 
f 507//507 485//485 494//494 
f 473//473 486//486 464//464 
f 487//487 464//464 486//486 
f 479//479 485//485 473//473 
f 486//486 473//473 485//485 
f 495//495 500//500 475//475 
f 475//475 500//500 474//474 
f 500//500 488//488 474//474 
f 501//501 489//489 488//488 
f 501//501 502//502 489//489 
f 474//474 488//488 491//491 
f 488//488 489//489 491//491 
f 492//492 489//489 502//502 
f 490//490 493//493 492//492 
f 502//502 490//490 492//492 
f 503//503 493//493 490//490 
f 489//489 492//492 491//491 
f 882//882 496//496 504//504 
f 508//508 496//496 511//511 
f 496//496 481//481 511//511 
f 511//511 498//498 510//510 
f 510//510 498//498 497//497 
f 475//475 496//496 882//882 
f 496//496 480//480 481//481 
f 511//511 481//481 498//498 
f 498//498 483//483 497//497 
f 493//493 507//507 494//494 
f 497//497 484//484 506//506 
f 486//486 506//506 484//484 
f 507//507 499//499 485//485 
f 486//486 485//485 499//499 
f 506//506 486//486 499//499 
f 517//517 501//501 500//500 
f 517//517 512//512 501//501 
f 488//488 500//500 501//501 
f 502//502 501//501 512//512 
f 512//512 520//520 502//502 
f 503//503 502//502 520//520 
f 503//503 490//490 502//502 
f 505//505 882//882 504//504 
f 500//500 495//495 505//505 
f 504//504 496//496 508//508 
f 520//520 523//523 503//503 
f 507//507 493//493 503//503 
f 503//503 523//523 507//507 
f 509//509 525//525 508//508 
f 511//511 509//509 508//508 
f 511//511 510//510 509//509 
f 497//497 506//506 510//510 
f 506//506 521//521 510//510 
f 520//520 512//512 519//519 
f 513//513 534//534 514//514 
f 505//505 524//524 513//513 
f 514//514 529//529 515//515 
f 529//529 530//530 515//515 
f 500//500 505//505 513//513 
f 500//500 514//514 517//517 
f 514//514 500//500 513//513 
f 514//514 515//515 517//517 
f 516//516 515//515 530//530 
f 515//515 512//512 517//517 
f 515//515 516//516 512//512 
f 512//512 516//516 519//519 
f 516//516 518//518 519//519 
f 523//523 519//519 518//518 
f 523//523 518//518 522//522 
f 520//520 519//519 523//523 
f 521//521 499//499 522//522 
f 522//522 507//507 523//523 
f 507//507 522//522 499//499 
f 506//506 499//499 521//521 
f 524//524 505//505 504//504 
f 528//528 524//524 504//504 
f 525//525 528//528 504//504 
f 547//547 546//546 526//526 
f 504//504 508//508 525//525 
f 546//546 525//525 526//526 
f 527//527 526//526 510//510 
f 510//510 521//521 527//527 
f 522//522 541//541 521//521 
f 525//525 509//509 526//526 
f 509//509 510//510 526//526 
f 525//525 546//546 528//528 
f 534//534 529//529 514//514 
f 535//535 529//529 534//534 
f 535//535 530//530 529//529 
f 539//539 530//530 536//536 
f 516//516 530//530 539//539 
f 531//531 549//549 542//542 
f 542//542 534//534 513//513 
f 513//513 531//531 542//542 
f 524//524 531//531 513//513 
f 534//534 542//542 601//601 
f 532//532 534//534 601//601 
f 532//532 535//535 534//534 
f 532//532 533//533 535//535 
f 536//536 535//535 533//533 
f 539//539 536//536 580//580 
f 580//580 537//537 539//539 
f 530//530 535//535 536//536 
f 537//537 545//545 538//538 
f 538//538 545//545 548//548 
f 540//540 537//537 538//538 
f 527//527 547//547 526//526 
f 527//527 548//548 547//547 
f 518//518 539//539 540//540 
f 539//539 518//518 516//516 
f 540//540 538//538 541//541 
f 539//539 537//537 540//540 
f 548//548 527//527 521//521 
f 540//540 541//541 518//518 
f 521//521 538//538 548//548 
f 518//518 541//541 522//522 
f 541//541 538//538 521//521 
f 549//549 600//600 542//542 
f 531//531 524//524 543//543 
f 883//883 531//531 543//543 
f 524//524 528//528 543//543 
f 528//528 544//544 543//543 
f 543//543 544//544 551//551 
f 544//544 528//528 552//552 
f 551//551 544//544 552//552 
f 546//546 547//547 604//604 
f 546//546 552//552 528//528 
f 605//605 547//547 548//548 
f 883//883 550//550 613//613 
f 543//543 550//550 883//883 
f 550//550 543//543 551//551 
f 619//619 552//552 604//604 
f 552//552 546//546 604//604 
f 604//604 547//547 605//605 
f 554//554 553//553 692//692 
f 697//697 691//691 555//555 
f 553//553 555//555 691//691 
f 555//555 553//553 557//557 
f 553//553 556//556 557//557 
f 699//699 703//703 554//554 
f 703//703 559//559 554//554 
f 558//558 555//555 557//557 
f 554//554 556//556 553//553 
f 562//562 557//557 556//556 
f 554//554 559//559 556//556 
f 558//558 557//557 563//563 
f 709//709 558//558 563//563 
f 556//556 559//559 564//564 
f 563//563 557//557 562//562 
f 559//559 703//703 560//560 
f 565//565 709//709 563//563 
f 559//559 561//561 564//564 
f 561//561 559//559 560//560 
f 561//561 560//560 714//714 
f 562//562 567//567 563//563 
f 556//556 564//564 569//569 
f 569//569 562//562 556//556 
f 561//561 566//566 564//564 
f 568//568 563//563 567//567 
f 565//565 563//563 568//568 
f 720//720 561//561 714//714 
f 564//564 570//570 569//569 
f 564//564 566//566 573//573 
f 884//884 561//561 720//720 
f 717//717 565//565 568//568 
f 567//567 562//562 569//569 
f 564//564 573//573 885//885 
f 568//568 567//567 574//574 
f 568//568 574//574 575//575 
f 717//717 568//568 575//575 
f 572//572 569//569 576//576 
f 572//572 574//574 567//567 
f 572//572 567//567 569//569 
f 569//569 571//571 576//576 
f 570//570 571//571 569//569 
f 885//885 573//573 886//886 
f 577//577 572//572 576//576 
f 577//577 574//574 572//572 
f 720//720 721//721 884//884 
f 884//884 721//721 887//887 
f 717//717 575//575 718//718 
f 573//573 578//578 886//886 
f 723//723 887//887 721//721 
f 577//577 576//576 588//588 
f 578//578 582//582 886//886 
f 579//579 578//578 573//573 
f 579//579 582//582 578//578 
f 723//723 579//579 887//887 
f 580//580 586//586 537//537 
f 718//718 575//575 724//724 
f 577//577 588//588 587//587 
f 574//574 577//577 587//587 
f 574//574 587//587 581//581 
f 575//575 574//574 581//581 
f 724//724 575//575 581//581 
f 886//886 582//582 583//583 
f 571//571 583//583 576//576 
f 583//583 582//582 590//590 
f 579//579 590//590 582//582 
f 576//576 589//589 588//588 
f 576//576 583//583 589//589 
f 579//579 591//591 590//590 
f 723//723 591//591 579//579 
f 595//595 590//590 591//591 
f 542//542 600//600 601//601 
f 532//532 601//601 602//602 
f 602//602 533//533 532//532 
f 584//584 533//533 602//602 
f 536//536 533//533 584//584 
f 584//584 585//585 536//536 
f 605//605 545//545 586//586 
f 536//536 585//585 580//580 
f 585//585 586//586 580//580 
f 545//545 605//605 548//548 
f 537//537 586//586 545//545 
f 581//581 587//587 610//610 
f 588//588 589//589 613//613 
f 891//891 588//588 607//607 
f 588//588 613//613 607//607 
f 891//891 587//587 588//588 
f 581//581 610//610 742//742 
f 724//724 581//581 742//742 
f 583//583 590//590 589//589 
f 723//723 727//727 591//591 
f 589//589 590//590 612//612 
f 894//894 590//590 592//592 
f 592//592 593//593 895//895 
f 595//595 592//592 590//590 
f 595//595 593//593 592//592 
f 591//591 596//596 595//595 
f 727//727 596//596 591//591 
f 929//929 745//745 888//888 
f 593//593 600//600 895//895 
f 593//593 595//595 594//594 
f 599//599 594//594 597//597 
f 595//595 597//597 594//594 
f 595//595 596//596 597//597 
f 596//596 941//941 597//597 
f 612//612 883//883 613//613 
f 895//895 600//600 549//549 
f 600//600 593//593 598//598 
f 593//593 594//594 598//598 
f 594//594 599//599 598//598 
f 598//598 601//601 600//600 
f 599//599 602//602 601//601 
f 598//598 599//599 601//601 
f 599//599 584//584 602//602 
f 584//584 599//599 941//941 
f 617//617 621//621 586//586 
f 617//617 586//586 603//603 
f 585//585 584//584 942//942 
f 603//603 586//586 585//585 
f 585//585 942//942 746//746 
f 603//603 585//585 943//943 
f 621//621 605//605 586//586 
f 605//605 621//621 620//620 
f 620//620 619//619 604//604 
f 604//604 605//605 620//620 
f 606//606 622//622 752//752 
f 739//739 608//608 606//606 
f 608//608 622//622 606//606 
f 739//739 609//609 608//608 
f 932//932 936//936 889//889 
f 608//608 892//892 607//607 
f 622//622 608//608 613//613 
f 622//622 613//613 626//626 
f 892//892 608//608 609//609 
f 937//937 893//893 890//890 
f 589//589 612//612 613//613 
f 608//608 607//607 613//613 
f 613//613 611//611 626//626 
f 626//626 611//611 629//629 
f 613//613 550//550 611//611 
f 629//629 618//618 614//614 
f 630//630 615//615 766//766 
f 611//611 618//618 629//629 
f 630//630 614//614 615//615 
f 551//551 611//611 550//550 
f 618//618 611//611 551//551 
f 615//615 614//614 619//619 
f 620//620 615//615 619//619 
f 620//620 616//616 615//615 
f 620//620 621//621 616//616 
f 747//747 617//617 603//603 
f 621//621 617//617 616//616 
f 618//618 551//551 552//552 
f 618//618 552//552 619//619 
f 618//618 619//619 614//614 
f 624//624 757//757 623//623 
f 760//760 624//624 762//762 
f 622//622 626//626 623//623 
f 752//752 622//622 757//757 
f 757//757 622//622 623//623 
f 625//625 762//762 624//624 
f 626//626 627//627 623//623 
f 624//624 623//623 627//627 
f 624//624 627//627 625//625 
f 625//625 627//627 629//629 
f 625//625 629//629 628//628 
f 626//626 629//629 627//627 
f 629//629 614//614 628//628 
f 628//628 614//614 630//630 
f 631//631 645//645 646//646 
f 643//643 632//632 896//896 
f 631//631 646//646 912//912 
f 644//644 632//632 643//643 
f 633//633 648//648 913//913 
f 897//897 898//898 914//914 
f 898//898 897//897 634//634 
f 634//634 632//632 635//635 
f 634//634 897//897 632//632 
f 635//635 632//632 636//636 
f 632//632 644//644 636//636 
f 637//637 648//648 633//633 
f 902//902 899//899 638//638 
f 638//638 899//899 900//900 
f 901//901 635//635 639//639 
f 904//904 901//901 639//639 
f 640//640 639//639 635//635 
f 636//636 640//640 635//635 
f 650//650 916//916 903//903 
f 641//641 903//903 905//905 
f 642//642 906//906 907//907 
f 642//642 909//909 906//906 
f 642//642 907//907 908//908 
f 650//650 903//903 641//641 
f 651//651 650//650 641//641 
f 910//910 911//911 651//651 
f 651//651 911//911 657//657 
f 646//646 653//653 912//912 
f 643//643 653//653 644//644 
f 915//915 647//647 659//659 
f 646//646 919//919 653//653 
f 644//644 653//653 654//654 
f 913//913 648//648 647//647 
f 915//915 913//913 647//647 
f 636//636 644//644 655//655 
f 655//655 644//644 654//654 
f 648//648 649//649 647//647 
f 640//640 636//636 917//917 
f 640//640 917//917 656//656 
f 649//649 916//916 650//650 
f 650//650 652//652 649//649 
f 652//652 650//650 651//651 
f 652//652 651//651 657//657 
f 642//642 908//908 918//918 
f 918//918 665//665 642//642 
f 911//911 921//921 657//657 
f 659//659 647//647 661//661 
f 919//919 660//660 653//653 
f 649//649 662//662 647//647 
f 662//662 661//661 647//647 
f 652//652 658//658 649//649 
f 649//649 658//658 662//662 
f 671//671 665//665 918//918 
f 658//658 652//652 663//663 
f 663//663 652//652 657//657 
f 653//653 660//660 654//654 
f 655//655 654//654 660//660 
f 923//923 656//656 917//917 
f 664//664 655//655 660//660 
f 661//661 669//669 659//659 
f 664//664 660//660 668//668 
f 660//660 919//919 922//922 
f 919//919 669//669 922//922 
f 661//661 662//662 667//667 
f 667//667 669//669 661//661 
f 662//662 658//658 670//670 
f 667//667 662//662 670//670 
f 658//658 663//663 670//670 
f 657//657 921//921 666//666 
f 657//657 666//666 663//663 
f 917//917 920//920 923//923 
f 923//923 920//920 673//673 
f 666//666 921//921 677//677 
f 671//671 926//926 665//665 
f 672//672 663//663 666//666 
f 672//672 670//670 663//663 
f 664//664 668//668 924//924 
f 667//667 670//670 678//678 
f 674//674 923//923 673//673 
f 670//670 672//672 678//678 
f 671//671 925//925 926//926 
f 924//924 668//668 682//682 
f 672//672 666//666 676//676 
f 666//666 677//677 676//676 
f 675//675 680//680 669//669 
f 669//669 680//680 922//922 
f 667//667 675//675 669//669 
f 675//675 667//667 678//678 
f 679//679 678//678 672//672 
f 927//927 672//672 676//676 
f 681//681 924//924 682//682 
f 673//673 684//684 674//674 
f 684//684 673//673 681//681 
f 926//926 925//925 684//684 
f 668//668 928//928 682//682 
f 676//676 677//677 927//927 
f 678//678 690//690 675//675 
f 688//688 690//690 678//678 
f 927//927 677//677 683//683 
f 927//927 683//683 687//687 
f 926//926 684//684 683//683 
f 688//688 678//678 689//689 
f 678//678 679//679 689//689 
f 689//689 679//679 687//687 
f 682//682 685//685 681//681 
f 694//694 681//681 685//685 
f 928//928 691//691 682//682 
f 682//682 691//691 685//685 
f 694//694 693//693 681//681 
f 684//684 681//681 693//693 
f 693//693 686//686 684//684 
f 684//684 686//686 683//683 
f 690//690 688//688 689//689 
f 683//683 696//696 687//687 
f 699//699 690//690 689//689 
f 691//691 928//928 692//692 
f 683//683 686//686 696//696 
f 680//680 675//675 692//692 
f 675//675 690//690 692//692 
f 692//692 553//553 691//691 
f 685//685 691//691 697//697 
f 697//697 694//694 685//685 
f 686//686 693//693 695//695 
f 695//695 696//696 686//686 
f 699//699 554//554 690//690 
f 690//690 554//554 692//692 
f 694//694 697//697 700//700 
f 700//700 698//698 694//694 
f 693//693 694//694 698//698 
f 693//693 698//698 695//695 
f 696//696 702//702 687//687 
f 689//689 701//701 699//699 
f 695//695 698//698 696//696 
f 689//689 687//687 701//701 
f 700//700 697//697 555//555 
f 696//696 698//698 705//705 
f 713//713 699//699 701//701 
f 701//701 687//687 702//702 
f 702//702 696//696 705//705 
f 700//700 555//555 558//558 
f 704//704 700//700 558//558 
f 700//700 704//704 698//698 
f 704//704 705//705 698//698 
f 707//707 701//701 702//702 
f 703//703 699//699 706//706 
f 706//706 699//699 713//713 
f 701//701 707//707 713//713 
f 702//702 705//705 707//707 
f 558//558 709//709 704//704 
f 703//703 706//706 708//708 
f 560//560 703//703 708//708 
f 706//706 713//713 708//708 
f 705//705 704//704 710//710 
f 707//707 705//705 711//711 
f 711//711 705//705 710//710 
f 709//709 710//710 704//704 
f 711//711 710//710 715//715 
f 711//711 715//715 707//707 
f 712//712 713//713 707//707 
f 565//565 717//717 709//709 
f 710//710 709//709 717//717 
f 708//708 713//713 716//716 
f 716//716 713//713 712//712 
f 710//710 717//717 715//715 
f 715//715 712//712 707//707 
f 708//708 714//714 560//560 
f 714//714 708//708 716//716 
f 712//712 715//715 716//716 
f 716//716 720//720 714//714 
f 716//716 715//715 725//725 
f 715//715 719//719 725//725 
f 717//717 718//718 715//715 
f 715//715 718//718 719//719 
f 718//718 726//726 719//719 
f 722//722 720//720 716//716 
f 716//716 725//725 722//722 
f 721//721 720//720 722//722 
f 719//719 726//726 725//725 
f 721//721 722//722 723//723 
f 723//723 722//722 725//725 
f 726//726 718//718 724//724 
f 723//723 725//725 944//944 
f 945//945 725//725 726//726 
f 726//726 724//724 743//743 
f 726//726 743//743 945//945 
f 743//743 724//724 938//938 
f 727//727 723//723 944//944 
f 746//746 942//942 930//930 
f 599//599 597//597 941//941 
f 943//943 741//741 603//603 
f 729//729 784//784 780//780 
f 780//780 728//728 729//729 
f 731//731 785//785 730//730 
f 785//785 731//731 786//786 
f 729//729 730//730 784//784 
f 730//730 785//785 784//784 
f 779//779 732//732 728//728 
f 733//733 729//729 728//728 
f 729//729 749//749 730//730 
f 789//789 786//786 731//731 
f 728//728 732//732 733//733 
f 730//730 749//749 750//750 
f 731//731 730//730 750//750 
f 733//733 732//732 736//736 
f 792//792 735//735 732//732 
f 792//792 794//794 735//735 
f 733//733 752//752 729//729 
f 729//729 752//752 749//749 
f 734//734 738//738 736//736 
f 732//732 735//735 734//734 
f 736//736 732//732 734//734 
f 738//738 734//734 735//735 
f 752//752 733//733 736//736 
f 735//735 737//737 738//738 
f 794//794 737//737 735//735 
f 931//931 794//794 759//759 
f 736//736 738//738 606//606 
f 738//738 739//739 606//606 
f 752//752 736//736 606//606 
f 738//738 740//740 933//933 
f 738//738 737//737 740//740 
f 741//741 931//931 759//759 
f 799//799 759//759 795//795 
f 934//934 931//931 741//741 
f 932//932 934//934 936//936 
f 938//938 744//744 743//743 
f 939//939 936//936 934//934 
f 934//934 741//741 939//939 
f 743//743 744//744 945//945 
f 940//940 935//935 946//946 
f 747//747 766//766 616//616 
f 615//615 616//616 766//766 
f 741//741 747//747 603//603 
f 747//747 616//616 617//617 
f 748//748 731//731 750//750 
f 748//748 789//789 731//731 
f 796//796 789//789 748//748 
f 748//748 751//751 796//796 
f 796//796 751//751 798//798 
f 754//754 748//748 750//750 
f 751//751 748//748 754//754 
f 755//755 798//798 751//751 
f 754//754 750//750 753//753 
f 750//750 749//749 753//753 
f 754//754 753//753 756//756 
f 751//751 754//754 756//756 
f 751//751 756//756 755//755 
f 758//758 799//799 755//755 
f 752//752 757//757 749//749 
f 749//749 757//757 753//753 
f 753//753 757//757 760//760 
f 753//753 760//760 756//756 
f 758//758 763//763 799//799 
f 799//799 763//763 741//741 
f 757//757 624//624 760//760 
f 760//760 762//762 756//756 
f 756//756 762//762 761//761 
f 756//756 761//761 755//755 
f 761//761 758//758 755//755 
f 759//759 799//799 741//741 
f 762//762 625//625 764//764 
f 762//762 764//764 761//761 
f 761//761 764//764 765//765 
f 758//758 765//765 763//763 
f 761//761 765//765 758//758 
f 741//741 763//763 747//747 
f 625//625 628//628 764//764 
f 764//764 628//628 767//767 
f 765//765 764//764 767//767 
f 765//765 747//747 763//763 
f 628//628 630//630 767//767 
f 767//767 630//630 766//766 
f 765//765 766//766 747//747 
f 766//766 765//765 767//767 
f 770//770 805//805 768//768 
f 770//770 769//769 805//805 
f 774//774 772//772 768//768 
f 770//770 768//768 772//772 
f 773//773 770//770 772//772 
f 769//769 770//770 773//773 
f 768//768 811//811 775//775 
f 769//769 773//773 771//771 
f 771//771 773//773 776//776 
f 775//775 774//774 768//768 
f 951//951 777//777 947//947 
f 771//771 776//776 782//782 
f 812//812 777//777 951//951 
f 814//814 771//771 782//782 
f 774//774 779//779 780//780 
f 772//772 784//784 773//773 
f 774//774 775//775 779//779 
f 772//772 774//774 780//780 
f 776//776 773//773 785//785 
f 786//786 776//776 785//785 
f 947//947 777//777 781//781 
f 786//786 782//782 776//776 
f 812//812 815//815 777//777 
f 788//788 815//815 813//813 
f 813//813 778//778 788//788 
f 772//772 780//780 784//784 
f 948//948 779//779 775//775 
f 777//777 790//790 781//781 
f 815//815 790//790 777//777 
f 790//790 815//815 788//788 
f 779//779 728//728 780//780 
f 783//783 782//782 786//786 
f 783//783 814//814 782//782 
f 814//814 783//783 787//787 
f 787//787 778//778 814//814 
f 784//784 785//785 773//773 
f 783//783 786//786 789//789 
f 787//787 783//783 789//789 
f 788//788 778//778 787//787 
f 787//787 789//789 791//791 
f 787//787 791//791 788//788 
f 779//779 948//948 732//732 
f 948//948 792//792 732//732 
f 781//781 790//790 792//792 
f 789//789 796//796 797//797 
f 789//789 797//797 791//791 
f 793//793 792//792 790//790 
f 790//790 795//795 793//793 
f 790//790 788//788 795//795 
f 795//795 788//788 799//799 
f 797//797 799//799 791//791 
f 788//788 791//791 799//799 
f 794//794 792//792 793//793 
f 793//793 795//795 794//794 
f 759//759 794//794 795//795 
f 796//796 798//798 797//797 
f 799//799 797//797 798//798 
f 799//799 798//798 755//755 
f 834//834 844//844 800//800 
f 833//833 834//834 800//800 
f 833//833 800//800 804//804 
f 804//804 800//800 805//805 
f 965//965 803//803 802//802 
f 844//844 949//949 800//800 
f 949//949 805//805 800//800 
f 949//949 811//811 768//768 
f 952//952 802//802 803//803 
f 808//808 801//801 804//804 
f 804//804 805//805 808//808 
f 801//801 808//808 806//806 
f 813//813 812//812 845//845 
f 845//845 812//812 950//950 
f 949//949 768//768 805//805 
f 950//950 812//812 951//951 
f 808//808 809//809 806//806 
f 806//806 809//809 810//810 
f 806//806 810//810 807//807 
f 769//769 808//808 805//805 
f 809//809 769//769 771//771 
f 809//809 808//808 769//769 
f 810//810 809//809 771//771 
f 813//813 807//807 810//810 
f 815//815 812//812 813//813 
f 810//810 771//771 814//814 
f 813//813 810//810 814//814 
f 814//814 778//778 813//813 
f 818//818 821//821 816//816 
f 817//817 818//818 816//816 
f 819//819 818//818 817//817 
f 804//804 819//819 817//817 
f 819//819 804//804 839//839 
f 820//820 816//816 821//821 
f 818//818 822//822 821//821 
f 819//819 956//956 818//818 
f 823//823 835//835 953//953 
f 824//824 954//954 821//821 
f 957//957 954//954 824//824 
f 824//824 821//821 825//825 
f 825//825 821//821 822//822 
f 825//825 822//822 826//826 
f 960//960 956//956 819//819 
f 827//827 960//960 819//819 
f 958//958 836//836 835//835 
f 829//829 824//824 825//825 
f 829//829 825//825 961//961 
f 831//831 961//961 962//962 
f 840//840 841//841 962//962 
f 841//841 831//831 962//962 
f 959//959 824//824 828//828 
f 836//836 958//958 963//963 
f 824//824 829//829 828//828 
f 828//828 829//829 830//830 
f 963//963 830//830 836//836 
f 961//961 831//831 829//829 
f 829//829 831//831 830//830 
f 830//830 831//831 832//832 
f 830//830 832//832 837//837 
f 841//841 832//832 831//831 
f 816//816 955//955 834//834 
f 816//816 833//833 817//817 
f 816//816 834//834 833//833 
f 817//817 833//833 804//804 
f 953//953 835//835 964//964 
f 964//964 835//835 965//965 
f 835//835 838//838 965//965 
f 835//835 836//836 838//838 
f 830//830 837//837 836//836 
f 837//837 832//832 843//843 
f 827//827 819//819 839//839 
f 840//840 827//827 839//839 
f 839//839 801//801 840//840 
f 801//801 839//839 804//804 
f 840//840 801//801 842//842 
f 801//801 806//806 842//842 
f 807//807 842//842 806//806 
f 842//842 841//841 840//840 
f 807//807 843//843 842//842 
f 843//843 832//832 841//841 
f 842//842 843//843 841//841 
f 838//838 803//803 965//965 
f 845//845 950//950 838//838 
f 836//836 845//845 838//838 
f 837//837 845//845 836//836 
f 813//813 845//845 837//837 
f 837//837 843//843 813//813 
f 843//843 807//807 813//813 
