#
# Compatibility version : 4.3
# File ID : FJ3930
# Representation ID : BP29082
# Build-up logic : FMA 3.0 is_a
# Concept ID : FMA52942
# English name : Left anterior superior alveolar nerve
# Bounds(mm): (3.184700,-175.301500,1466.583100)-(29.055000,-152.999900,1499.251500)
# Volume(cm3): 0.016000
#
v 3.26463 -175.295 1466.78
v 3.26508 -175.294 1466.83
v 3.26552 -175.272 1466.88
v 3.31552 -175.297 1466.78
v 3.31906 -175.281 1466.84
v 3.37531 -175.227 1466.85
v 3.19861 -175.24 1466.78
v 3.21815 -175.204 1466.87
v 3.19911 -175.173 1466.8
v 3.23876 -175.098 1466.83
v 3.22253 -175.194 1466.73
v 3.2664 -175.244 1466.72
v 3.26596 -175.196 1466.7
v 3.2753 -175.133 1466.74
v 3.31552 -175.246 1466.72
v 3.31337 -175.195 1466.71
v 3.33342 -175.118 1466.77
v 3.38072 -175.18 1466.79
v 3.54047 -174.895 1467.31
v 3.5628 -174.894 1467.19
v 3.55116 -174.832 1467.16
v 3.52548 -174.587 1467.43
v 3.51946 -174.672 1467.53
v 3.47382 -174.666 1467.43
v 3.55735 -174.701 1467.55
v 3.56326 -174.623 1467.34
v 3.76851 -174.196 1468.05
v 3.89634 -174.033 1468.08
v 3.8904 -173.984 1468.24
v 3.96124 -174.257 1468.03
v 3.96128 -174.189 1467.97
v 4.047 -174.11 1468.27
v 4.00249 -173.896 1468.49
v 4.10533 -173.832 1468.33
v 4.20642 -173.883 1468.44
v 4.27814 -173.69 1468.56
v 4.15582 -173.598 1468.69
v 4.13474 -173.893 1468.59
v 4.18126 -173.577 1468.81
v 4.30202 -173.531 1469.01
v 4.38827 -173.28 1469.14
v 4.42948 -173.248 1469.1
v 4.60072 -173.298 1469.37
v 4.59242 -173.107 1469.26
v 4.6095 -173.179 1469.18
v 4.70392 -173.242 1469.35
v 4.68155 -173.198 1469.25
v 4.67106 -172.964 1469.67
v 4.89034 -172.649 1469.96
v 4.93851 -172.614 1470.1
v 5.06072 -172.474 1470.13
v 5.27238 -172.408 1470.23
v 5.39193 -172.396 1470.39
v 5.17738 -172.434 1470.48
v 5.24304 -172.243 1470.52
v 5.43496 -172.081 1470.88
v 5.46001 -172.02 1470.76
v 5.64263 -171.875 1470.94
v 5.67494 -172.122 1470.97
v 5.85369 -171.929 1471.09
v 5.73008 -171.902 1471.27
v 5.8011 -171.651 1471.32
v 6.25631 -171.208 1472.03
v 6.31552 -171.327 1471.75
v 6.40243 -171.106 1472.26
v 6.42243 -171.059 1472.12
v 6.6786 -170.807 1472.52
v 6.89943 -170.789 1472.54
v 6.863 -170.934 1472.74
v 6.92553 -170.852 1472.54
v 6.93572 -170.931 1472.66
v 6.82185 -170.782 1472.83
v 6.93657 -170.795 1472.92
v 7.0927 -170.445 1473.12
v 7.16303 -170.398 1473.08
v 7.17512 -170.452 1472.98
v 7.2142 -170.387 1473.34
v 7.6085 -170.289 1473.4
v 7.67862 -170.284 1473.52
v 7.8373 -170.164 1473.88
v 7.68659 -169.946 1473.83
v 7.78488 -169.952 1473.72
v 7.85599 -169.843 1473.89
v 7.91886 -169.914 1473.82
v 7.74688 -170.026 1474
v 7.82438 -169.882 1474.09
v 8.01131 -169.969 1474.2
v 8.16424 -169.92 1474.16
v 8.37644 -169.583 1474.72
v 8.46582 -169.621 1474.42
v 8.5479 -169.354 1474.94
v 8.66466 -169.538 1474.83
v 8.66115 -169.19 1474.96
v 8.6727 -169.21 1475.05
v 8.8193 -169.098 1475.02
v 8.83679 -169.286 1474.84
v 9.13586 -168.987 1475.21
v 9.25617 -169.081 1475.32
v 9.51695 -168.867 1475.9
v 9.48343 -168.79 1475.95
v 9.43125 -168.648 1475.85
v 9.46791 -168.614 1475.79
v 9.71891 -168.505 1476.21
v 9.81155 -168.743 1476.04
v 10.2086 -168.481 1476.38
v 10.3 -168.364 1476.39
v 10.1676 -168.159 1476.63
v 10.2366 -168.108 1476.53
v 10.3255 -168.037 1476.72
v 10.3977 -168.342 1476.7
v 10.4071 -168.22 1476.48
v 10.3849 -168.134 1476.5
v 10.375 -168.07 1476.57
v 10.5917 -168.005 1477.1
v 10.6733 -168.039 1477.14
v 10.6053 -167.903 1477.09
v 10.8993 -173.027 1468.92
v 10.9182 -172.978 1468.9
v 10.9649 -173.078 1468.92
v 10.9663 -173.028 1468.88
v 10.9657 -172.979 1468.87
v 10.9718 -172.914 1468.92
v 11.0129 -173.062 1468.92
v 11.0145 -173.028 1468.89
v 11.0432 -173.027 1468.92
v 11.0153 -172.978 1468.89
v 11.02 -172.915 1468.93
v 10.9141 -173.072 1468.97
v 10.8829 -173.012 1468.98
v 10.8822 -172.964 1468.98
v 10.9162 -172.887 1469.01
v 10.9179 -173.056 1469.02
v 10.9214 -172.946 1469.12
v 10.9877 -172.855 1469.28
v 10.9673 -173.093 1468.97
v 10.9638 -173.08 1469.02
v 10.9692 -172.999 1469.12
v 11.0151 -173.081 1468.97
v 11.0216 -173.049 1469.04
v 11.0697 -172.891 1469
v 11.0734 -172.994 1469.04
v 11.0761 -172.959 1468.98
v 11.1201 -172.733 1469.46
v 11.1087 -172.624 1469.28
v 11.0032 -172.646 1469.44
v 11.0634 -172.567 1469.35
v 11.1376 -172.441 1469.5
v 11.1552 -172.235 1469.82
v 11.1665 -167.567 1477.64
v 11.126 -167.543 1477.55
v 11.2402 -172.549 1469.62
v 11.251 -172.515 1469.56
v 11.2293 -172.426 1469.56
v 11.2954 -172.364 1469.91
v 11.2309 -172.161 1470.14
v 11.2739 -172.21 1469.8
v 11.2816 -171.913 1470.34
v 11.3473 -172.095 1470.29
v 11.4302 -171.778 1470.34
v 11.4044 -171.729 1470.41
v 11.4744 -171.837 1470.3
v 11.5225 -171.881 1470.37
v 11.4024 -171.641 1470.59
v 11.4066 -171.621 1470.7
v 11.4735 -171.741 1470.75
v 11.541 -171.787 1470.69
v 11.4908 -171.482 1470.96
v 11.1917 -167.858 1477.33
v 11.2378 -167.768 1477.29
v 11.2466 -167.484 1477.46
v 11.2569 -167.613 1477.73
v 11.4487 -167.538 1477.48
v 11.4992 -167.628 1477.82
v 11.406 -167.483 1477.48
v 11.6338 -171.358 1471.25
v 11.5798 -171.258 1471.13
v 11.6694 -171.178 1471.14
v 11.7669 -171.416 1471.07
v 11.7421 -171.209 1471.1
v 11.6587 -171.118 1471.41
v 11.666 -171.191 1471.41
v 11.7812 -171.05 1471.29
v 11.8383 -171.151 1471.57
v 11.8735 -171.182 1471.49
v 11.8741 -171.072 1471.33
v 11.6195 -167.599 1477.84
v 11.7485 -167.267 1478.18
v 11.7308 -167.188 1478.12
v 11.7889 -167.128 1478.04
v 11.9033 -167.286 1478.29
v 12.027 -170.942 1471.72
v 11.9556 -170.598 1472.17
v 12.0061 -170.467 1472.22
v 12.0738 -170.458 1472.43
v 12.1772 -170.424 1472.16
v 12.2168 -170.516 1472.13
v 12.2153 -170.178 1472.5
v 12.2593 -170.521 1472.42
v 12.2972 -170.007 1472.97
v 12.2621 -167.232 1478.35
v 12.2375 -167.228 1478.24
v 12.225 -166.884 1478.36
v 12.2641 -166.913 1478.3
v 12.3198 -166.975 1478.27
v 12.3308 -166.857 1478.66
v 12.4428 -170.142 1473.01
v 12.3972 -170.095 1473.06
v 12.5242 -170.13 1472.85
v 12.6774 -169.817 1473.14
v 12.742 -169.801 1473.31
v 12.7155 -169.842 1473.35
v 12.5741 -169.547 1473.52
v 12.6493 -169.607 1473.29
v 12.6503 -169.727 1473.16
v 12.6758 -169.441 1473.55
v 12.6889 -169.457 1473.84
v 12.4415 -166.987 1478.34
v 12.3684 -166.799 1478.65
v 12.8893 -169.277 1474.21
v 13.1031 -169.277 1474.25
v 12.9958 -168.961 1474.27
v 13.0798 -169.22 1474.37
v 13.0851 -168.82 1474.61
v 12.9386 -166.763 1479.11
v 12.9438 -166.827 1479.02
v 12.8937 -166.488 1478.96
v 12.8933 -166.49 1479.05
v 12.9718 -166.601 1479.22
v 13.1558 -166.366 1479.11
v 13.2403 -169.117 1474.35
v 13.2069 -169.104 1474.23
v 13.187 -168.99 1474.24
v 13.1944 -168.767 1474.5
v 13.5057 -168.47 1474.96
v 13.4453 -168.393 1475.38
v 13.549 -168.209 1475.46
v 13.5643 -168.196 1475.57
v 13.3347 -166.636 1479.23
v 13.1577 -166.391 1479.35
v 13.2217 -166.448 1479.02
v 13.4517 -166.536 1479.21
v 13.5264 -166.377 1479.23
v 13.5855 -168.622 1474.96
v 13.5709 -168.552 1474.95
v 13.7322 -168.404 1475.63
v 13.8059 -168.391 1475.6
v 13.6439 -168.286 1475.72
v 13.6844 -168.353 1475.69
v 13.7328 -168.046 1475.59
v 13.6184 -166.19 1479.74
v 13.9317 -166.289 1479.81
v 13.7394 -166.212 1479.82
v 13.927 -165.944 1479.91
v 14.0122 -167.966 1475.79
v 14.0514 -168.035 1475.82
v 14.1966 -167.461 1476.78
v 14.1862 -167.438 1476.69
v 14.2321 -167.518 1476.86
v 14.2562 -165.93 1479.79
v 13.9172 -165.925 1479.82
v 14.1063 -165.877 1479.79
v 14.2813 -165.81 1480.22
v 14.2888 -165.869 1480.24
v 14.298 -165.987 1480.21
v 14.3954 -167.202 1476.97
v 14.4433 -167.263 1476.78
v 14.6605 -167.143 1477.56
v 14.6749 -167.322 1477.36
v 14.5858 -167.045 1477.14
v 14.7075 -167.058 1477.13
v 14.3638 -166.092 1480.02
v 14.4194 -166.038 1479.96
v 14.4952 -165.947 1479.97
v 14.7086 -165.518 1480.31
v 14.6646 -165.532 1480.38
v 14.8942 -167.177 1477.54
v 14.8821 -167.154 1477.3
v 14.8275 -166.725 1477.85
v 14.9564 -166.589 1477.92
v 15.0415 -166.487 1478.17
v 15.0216 -166.597 1478.26
v 15.0473 -165.397 1480.44
v 15.1878 -166.871 1477.86
v 15.1933 -166.389 1478.18
v 15.3495 -166.301 1478.31
v 15.3706 -166.624 1478.11
v 15.2941 -166.578 1478.01
v 15.377 -166.154 1478.81
v 15.4903 -166.032 1478.83
v 15.3025 -165.394 1480.52
v 15.4161 -165.439 1480.59
v 15.1991 -165.349 1480.87
v 15.2398 -165.474 1480.89
v 15.2326 -165.575 1480.81
v 15.3786 -165.566 1480.66
v 15.4767 -165.526 1480.83
v 15.1479 -165.316 1480.79
v 15.6395 -165.951 1479.31
v 15.9241 -165.763 1479.77
v 15.7239 -165.786 1479.32
v 15.8881 -165.294 1481.18
v 15.5984 -165.054 1480.98
v 15.9454 -165.005 1481.36
v 16.2673 -170.143 1466.66
v 16.2764 -170.121 1466.76
v 16.293 -170.18 1466.73
v 16.3038 -170.145 1466.61
v 16.2928 -170.054 1466.76
v 16.3175 -170.217 1466.66
v 16.3193 -170.093 1466.61
v 16.3496 -169.989 1466.81
v 16.319 -165.656 1479.64
v 16.0675 -165.461 1479.94
v 16.2204 -165.357 1479.87
v 16.2544 -165.002 1481.11
v 16.146 -165.097 1481.43
v 16.138 -164.825 1481.43
v 16.3651 -170.205 1466.62
v 16.3682 -170.237 1466.67
v 16.3739 -170.216 1466.76
v 16.3652 -170.146 1466.59
v 16.3675 -170.097 1466.59
v 16.4144 -170.192 1466.62
v 16.4151 -170.228 1466.67
v 16.4536 -170.171 1466.87
v 16.5089 -170.108 1466.88
v 16.4167 -170.142 1466.61
v 16.4147 -170.092 1466.62
v 16.4312 -170.032 1466.72
v 16.497 -170.07 1466.81
v 16.3731 -170.035 1466.68
v 16.4395 -169.965 1467.37
v 16.4804 -169.747 1467.72
v 16.6057 -169.63 1467.73
v 16.6793 -169.719 1467.65
v 16.6567 -169.832 1467.85
v 16.3936 -165.646 1480.16
v 16.4649 -165.629 1479.96
v 16.2722 -165.68 1480.12
v 16.3905 -165.206 1480.53
v 16.4444 -165.095 1480.38
v 16.5588 -165.068 1480.34
v 16.3262 -164.92 1481.59
v 16.5595 -165.005 1481.47
v 16.4229 -164.788 1481.25
v 16.3827 -164.673 1481.4
v 16.3354 -164.731 1481.29
v 16.6915 -164.778 1481.79
v 16.8571 -169.372 1469.09
v 16.9927 -168.833 1469.93
v 17.1489 -168.715 1470.68
v 17.107 -164.661 1481.05
v 16.7541 -164.868 1481.46
v 16.987 -164.658 1481.49
v 16.9655 -164.657 1481.52
v 17.0155 -164.698 1481.54
v 17.0155 -164.63 1481.54
v 17.0417 -164.555 1481.54
v 17.0155 -164.554 1481.56
v 17.0655 -164.759 1481.7
v 17.0655 -164.735 1481.6
v 16.7845 -164.631 1481.87
v 16.781 -164.536 1481.83
v 17.057 -164.513 1481.45
v 17.1265 -164.44 1481.66
v 17.4866 -168.628 1471.02
v 17.4304 -168.627 1470.64
v 17.3171 -168.347 1471.04
v 17.4553 -168.317 1471.14
v 17.4949 -168.503 1471.49
v 17.5012 -168.329 1471.9
v 17.5483 -167.9 1472.5
v 17.7086 -164.527 1481.97
v 17.1458 -164.728 1481.78
v 17.2155 -164.713 1481.75
v 17.2006 -164.657 1481.98
v 17.3792 -164.711 1481.81
v 17.3488 -164.621 1481.99
v 17.3272 -164.54 1482.11
v 17.6444 -164.357 1482.4
v 17.2937 -164.317 1481.66
v 17.2634 -164.32 1481.73
v 17.3655 -164.236 1481.83
v 17.3364 -164.237 1481.87
v 17.3291 -164.212 1481.95
v 17.5286 -164.096 1482.05
v 17.3977 -164.284 1482.2
v 17.3893 -164.229 1482.16
v 17.426 -164.39 1482.22
v 17.5334 -164.252 1482.37
v 17.4958 -164.234 1482.3
v 17.4719 -164.185 1482.23
v 17.3927 -164.173 1482.09
v 17.6921 -164.217 1482.55
v 17.825 -167.74 1473.38
v 17.8937 -167.774 1473.39
v 17.9184 -167.365 1474.05
v 17.6696 -164.434 1482.3
v 17.7072 -164.228 1481.86
v 17.7894 -163.881 1482.68
v 18.0431 -163.749 1483.13
v 18.0771 -167.673 1473.64
v 18.2085 -166.822 1475.28
v 18.2833 -166.958 1475.32
v 18.23 -166.726 1475.09
v 18.297 -166.722 1474.98
v 18.0891 -163.646 1482.78
v 18.2475 -163.454 1483.25
v 18.476 -166.971 1474.72
v 18.4657 -166.786 1475.84
v 18.4312 -166.782 1474.91
v 18.5404 -166.43 1476.48
v 18.4197 -166.4 1476.07
v 18.7768 -163.031 1484.18
v 18.7405 -166.591 1476.4
v 19.0467 -166.268 1477.07
v 19.0493 -165.95 1476.98
v 19.0263 -166.311 1476.73
v 18.9208 -166.145 1477.46
v 18.8838 -165.618 1477.75
v 18.9368 -165.568 1477.74
v 18.8469 -165.72 1477.8
v 19.0893 -165.705 1478.39
v 19.1356 -165.375 1478.86
v 19.1561 -165.178 1478.95
v 18.7753 -163.457 1483.38
v 19.092 -162.816 1484.71
v 19.1973 -165.975 1477.28
v 19.4311 -165.567 1478.88
v 19.1718 -165.319 1478.21
v 19.2312 -165.359 1478.13
v 19.4397 -165.001 1479.88
v 19.3982 -164.827 1479.88
v 19.6542 -162.775 1485.3
v 19.3525 -162.655 1484.49
v 19.4722 -162.422 1485.01
v 19.6714 -165.062 1480.06
v 19.9287 -164.993 1479.93
v 19.5973 -164.993 1480.13
v 19.6736 -164.566 1479.88
v 19.8557 -164.512 1480.07
v 19.7957 -164.136 1480.98
v 19.8833 -164.095 1480.93
v 19.7565 -164.362 1481.14
v 19.7093 -164.261 1480.91
v 19.8913 -164.429 1481.33
v 19.5459 -162.998 1484.8
v 19.8488 -162.739 1485.03
v 19.7209 -162.58 1485.56
v 19.9705 -164.7 1480
v 20.135 -164.623 1480.47
v 20.2 -164.535 1481.22
v 20.1122 -164.382 1481.62
v 20.0642 -163.995 1482.12
v 20.1319 -163.616 1482.47
v 20.0805 -161.974 1485.71
v 20.2022 -161.901 1486.35
v 20.1386 -162.079 1486.27
v 20.3493 -161.839 1486.59
v 20.3296 -161.725 1486.44
v 20.4344 -164.116 1482.23
v 20.5949 -164.018 1482.27
v 20.4297 -163.616 1481.99
v 20.5337 -163.745 1481.94
v 20.6693 -163.797 1482.19
v 20.6955 -163.849 1482.3
v 20.4929 -163.911 1482.71
v 20.4976 -163.716 1483.07
v 20.6034 -163.389 1483.68
v 20.5653 -162.887 1483.82
v 20.6217 -162.935 1484.12
v 20.6689 -162.762 1484.26
v 20.7427 -162.983 1484.36
v 20.368 -161.969 1485.8
v 20.9952 -163.252 1484.16
v 20.999 -163.074 1484.51
v 20.7738 -162.64 1484.02
v 21.1245 -162.639 1485.3
v 21.0173 -162.182 1485.13
v 21.1579 -161.966 1485.71
v 21.0654 -161.126 1487.29
v 21.1639 -163.143 1484.32
v 21.4442 -162.784 1484.56
v 21.6012 -162.33 1485.05
v 21.4863 -162.322 1484.88
v 21.3496 -162.52 1485.67
v 21.4229 -162.617 1485.51
v 21.2022 -162.068 1485.1
v 21.2678 -161.892 1485.5
v 21.2019 -162.173 1485.92
v 21.4046 -162.096 1486.32
v 21.7758 -162.37 1485.68
v 21.5497 -161.779 1485.67
v 21.73 -161.72 1485.88
v 21.7558 -161.454 1487.49
v 21.8227 -161.525 1487.51
v 21.8929 -161.64 1487.43
v 21.7203 -161.13 1487.11
v 21.6862 -161.313 1487.69
v 21.7155 -161.202 1487.62
v 21.7534 -161.227 1487.72
v 21.7603 -161.18 1487.67
v 21.7558 -161.08 1487.66
v 21.7155 -161.032 1487.63
v 21.6756 -161.007 1487.6
v 21.7801 -161.227 1487.72
v 21.7973 -161.225 1487.77
v 21.7706 -161.18 1487.67
v 21.7655 -161.179 1487.68
v 21.7655 -161.082 1487.63
v 21.7655 -161.084 1487.67
v 21.7861 -161.03 1487.66
v 21.7655 -161.029 1487.68
v 21.785 -161.018 1487.59
v 21.8016 -160.977 1487.71
v 21.7677 -160.967 1487.71
v 21.8155 -161.225 1487.76
v 21.8155 -161.19 1487.82
v 21.8155 -161.212 1487.87
v 21.8655 -161.22 1487.86
v 21.8683 -161.167 1487.92
v 21.9155 -161.216 1487.94
v 21.759 -161.271 1487.88
v 21.8655 -161.18 1487.97
v 21.8318 -160.841 1487.85
v 21.8873 -160.861 1487.79
v 21.5309 -160.74 1488.09
v 22.0636 -161.651 1487.5
v 22.1581 -161.665 1487.45
v 22.2819 -161.64 1487.36
v 22.327 -161.613 1487.3
v 21.9568 -161.116 1488.27
v 22.2651 -160.93 1488.69
v 22.1526 -160.93 1488.71
v 21.8769 -160.601 1488.15
v 22.2187 -160.416 1488.44
v 22.2626 -160.487 1488.18
v 22.5268 -161.312 1487.65
v 22.5078 -161.232 1487.52
v 22.2934 -160.944 1487.4
v 22.4962 -160.83 1489.01
v 22.496 -160.546 1489.44
v 22.4927 -160.412 1488.31
v 22.2613 -160.203 1488.89
v 22.57 -160.153 1489.84
v 22.5554 -160.338 1489.73
v 22.6117 -159.921 1489.31
v 22.619 -159.822 1489.74
v 22.4643 -160.106 1489.7
v 22.4263 -160.05 1489.56
v 22.831 -160.777 1489.13
v 22.9501 -160.398 1488.78
v 22.8363 -160.328 1489.93
v 22.9917 -160.399 1489.87
v 22.8403 -159.86 1489.33
v 22.9438 -159.964 1489.21
v 22.8308 -159.593 1490.38
v 23.1971 -160.359 1489.41
v 23.136 -160.483 1489.38
v 23.4943 -159.845 1490.85
v 23.3145 -159.555 1491.24
v 23.227 -159.414 1491.26
v 23.2134 -159.19 1491.33
v 23.2662 -158.989 1491.36
v 23.3757 -158.903 1491.11
v 23.5139 -158.825 1491.19
v 23.6492 -159.781 1490.66
v 23.5512 -159.868 1490.71
v 23.6228 -159.577 1491.34
v 23.8783 -159.431 1491.05
v 23.5703 -159.45 1491.53
v 23.8656 -158.871 1491.27
v 23.6427 -158.769 1492.26
v 23.7626 -158.795 1492.41
v 23.8155 -158.917 1492.35
v 23.8508 -158.685 1491.47
v 23.7369 -158.447 1492.49
v 24.0136 -159.185 1491.97
v 24.0736 -158.994 1491.47
v 24.2096 -158.783 1492.69
v 24.0866 -158.426 1493.06
v 24.077 -157.962 1492.73
v 24.0241 -158.133 1493.11
v 24.0847 -158.195 1493.21
v 24.2761 -157.819 1492.89
v 24.1277 -157.846 1493.13
v 24.2712 -157.696 1493.55
v 24.3309 -158.381 1493.3
v 24.6724 -158.427 1493.07
v 24.3739 -158.232 1492.37
v 24.4672 -157.869 1493.89
v 24.6105 -157.911 1493.99
v 24.6655 -157.648 1493.19
v 24.6128 -157.243 1493.96
v 24.5491 -157.441 1494.15
v 24.7131 -157.342 1494.46
v 24.7795 -158.046 1493
v 24.8668 -158.17 1493.26
v 24.7596 -158.237 1492.95
v 24.7926 -158.13 1493.73
v 24.7633 -157.965 1494
v 24.9068 -157.632 1494.46
v 24.9642 -157.417 1494.71
v 25.1349 -157.484 1494.73
v 24.9988 -157.027 1494.11
v 24.802 -157.003 1494.48
v 24.8372 -157.026 1494.18
v 24.8494 -157.342 1494.65
v 24.8097 -157.031 1494.58
v 24.9789 -156.915 1494.95
v 25.2371 -157.569 1493.9
v 25.2164 -157.705 1494.3
v 25.2608 -157.509 1494.69
v 25.187 -157.267 1493.95
v 25.2305 -156.964 1495.28
v 25.3199 -157.064 1495.27
v 25.3171 -156.885 1494.39
v 25.2628 -156.706 1495.44
v 25.3556 -156.496 1495.6
v 25.3859 -156.338 1495.59
v 25.428 -156.245 1495.47
v 25.4746 -156.193 1495.63
v 25.6295 -157.244 1494.82
v 25.6727 -157.156 1494.77
v 25.6223 -157.012 1495.43
v 25.9006 -156.807 1495.68
v 25.7084 -156.703 1495.82
v 25.7459 -156.55 1494.98
v 25.868 -156.227 1495.33
v 25.6708 -156.493 1495.98
v 25.7043 -156.25 1496.13
v 25.7342 -155.904 1495.86
v 25.7455 -156.017 1496.22
v 25.9362 -155.683 1496.42
v 25.9036 -156.694 1495.09
v 26.3515 -156.344 1495.88
v 26.3125 -156.222 1495.76
v 26.0773 -156.2 1496.47
v 26.2464 -156.467 1496.08
v 26.2441 -156.236 1496.48
v 25.9179 -155.818 1495.85
v 26.1417 -155.713 1495.97
v 26.2762 -155.884 1495.86
v 26.2697 -155.734 1495.98
v 25.9792 -155.848 1496.57
v 26.1125 -155.912 1496.69
v 25.9954 -155.588 1496.42
v 26.2919 -155.572 1497
v 26.3481 -155.295 1497.06
v 26.3219 -155.234 1496.92
v 26.4171 -156.202 1496.49
v 26.4976 -156.22 1496.27
v 26.3668 -155.948 1495.9
v 26.459 -155.743 1497.04
v 26.5696 -155.779 1497.05
v 26.6572 -155.433 1496.43
v 26.5512 -155.277 1496.53
v 26.521 -155.515 1497.23
v 26.5779 -155.302 1497.37
v 26.5338 -155.003 1496.99
v 26.5275 -154.994 1497.08
v 26.6667 -154.935 1496.97
v 26.5307 -155.207 1497.33
v 26.9581 -155.699 1496.88
v 26.7586 -155.716 1497.13
v 26.9555 -155.345 1496.71
v 27.0185 -155.516 1496.79
v 26.878 -155.344 1497.53
v 27.0363 -155.361 1497.55
v 26.8687 -154.909 1497.74
v 26.9555 -155.008 1497.78
v 26.9089 -154.753 1497.78
v 26.9316 -154.588 1497.7
v 27.1103 -154.405 1497.62
v 27.2805 -155.328 1497.46
v 27.3932 -154.78 1497.28
v 27.5606 -155.009 1497.51
v 27.2295 -154.819 1498.04
v 27.3725 -155.164 1497.72
v 27.5099 -154.803 1498.14
v 27.1788 -154.424 1497.52
v 27.3599 -154.527 1497.41
v 27.1735 -154.627 1498.07
v 27.5162 -154.456 1498.37
v 27.3959 -154.235 1498.29
v 27.3861 -154.091 1498.02
v 27.5607 -153.968 1498.4
v 27.6651 -154.793 1498.14
v 27.5823 -154.79 1497.46
v 27.8992 -154.67 1498.16
v 27.7171 -154.405 1498.49
v 27.9223 -154.351 1498.58
v 27.5787 -154.238 1498.48
v 27.912 -154.088 1498.73
v 27.5747 -153.912 1498.35
v 27.7775 -153.74 1498.24
v 27.95 -153.736 1498.17
v 27.7783 -153.846 1498.65
v 27.9675 -154.448 1498.48
v 28.1826 -154.354 1498.5
v 27.9771 -154.32 1497.88
v 28.2916 -154.152 1498.73
v 28.3008 -154.048 1498.84
v 28.0048 -153.924 1498.03
v 28.3535 -153.837 1498.23
v 28.0437 -153.701 1498.88
v 28.2556 -153.936 1498.92
v 28.264 -153.722 1499.02
v 28.0155 -153.462 1498.66
v 28.0198 -153.502 1498.77
v 28.1448 -153.476 1498.93
v 28.4091 -154.123 1498.34
v 28.4362 -153.985 1498.3
v 28.6499 -153.952 1498.68
v 28.3719 -153.194 1499.05
v 28.414 -153.224 1499.12
v 28.4486 -153.34 1499.17
v 28.5168 -153.22 1499.19
v 28.6135 -153.211 1499.21
v 28.6028 -153.489 1499.22
v 28.6133 -153.316 1499.24
v 28.7116 -153.409 1499.25
v 28.7138 -153.312 1499.25
v 28.7189 -153.218 1499.22
v 28.6969 -153.096 1498.7
v 28.375 -153.146 1498.99
v 28.3722 -153.124 1498.84
v 28.4335 -153.124 1499.06
v 28.4127 -153.117 1498.76
v 28.4622 -153.066 1499
v 28.516 -153.125 1499.13
v 28.5175 -153.062 1499.05
v 28.5138 -153.027 1498.95
v 28.6155 -153.074 1499.11
v 28.5911 -153.06 1498.74
v 28.6127 -153.006 1498.86
v 28.6154 -153.007 1498.96
v 28.7193 -153.123 1499.15
v 28.7154 -153.046 1499.05
v 28.7186 -153.017 1498.85
v 28.7119 -153.013 1498.95
v 28.7284 -153.644 1499.14
v 28.8266 -153.688 1499.06
v 28.8623 -153.564 1499.16
v 28.8669 -153.725 1498.95
v 28.9504 -153.573 1499.08
v 28.958 -153.649 1498.87
v 29.0045 -153.572 1498.98
v 28.7177 -153.254 1498.58
v 28.8601 -153.191 1498.67
v 28.9301 -153.423 1498.66
v 28.8896 -153.311 1498.64
v 28.9508 -153.564 1498.72
v 28.862 -153.163 1499.11
v 28.9161 -153.471 1499.17
v 28.916 -153.371 1499.17
v 28.9156 -153.269 1499.14
v 28.9452 -153.178 1499.02
v 28.995 -153.471 1499.08
v 29.0018 -153.369 1499.07
v 29.0006 -153.275 1499.02
v 28.9726 -153.245 1498.76
v 29.0014 -153.235 1498.87
v 28.9956 -153.228 1498.97
v 29.0419 -153.489 1498.88
v 29.0486 -153.431 1498.93
v 29.024 -153.387 1498.78
v 29.0386 -153.328 1498.93
v 28.7646 -153.468 1499.23
v 28.7698 -153.368 1499.24
v 28.81 -153.312 1499.22
v 28.8155 -153.219 1499.18
v 28.8625 -153.46 1499.2
v 28.8618 -153.365 1499.21
v 28.8653 -153.314 1499.2
v 28.8119 -153.086 1499.06
v 28.8152 -153.083 1498.76
v 28.8132 -153.05 1498.96
v 28.8671 -153.098 1499.01
v 28.8608 -153.077 1498.86
v 28.9191 -153.14 1498.81
v 28.9302 -153.132 1498.92
v 3.26463 -175.295 1466.78
v 3.26463 -175.295 1466.78
v 3.26508 -175.294 1466.83
v 3.26552 -175.272 1466.88
v 3.31552 -175.297 1466.78
v 3.31552 -175.297 1466.78
v 3.31552 -175.297 1466.78
v 3.19861 -175.24 1466.78
v 3.19861 -175.24 1466.78
v 3.19861 -175.24 1466.78
v 3.21815 -175.204 1466.87
v 3.22253 -175.194 1466.73
v 3.2664 -175.244 1466.72
v 3.26596 -175.196 1466.7
v 3.26596 -175.196 1466.7
v 3.26596 -175.196 1466.7
v 3.31552 -175.246 1466.72
v 3.31552 -175.246 1466.72
v 3.31337 -175.195 1466.71
v 3.31337 -175.195 1466.71
v 3.96124 -174.257 1468.03
v 3.96128 -174.189 1467.97
v 4.047 -174.11 1468.27
v 4.60072 -173.298 1469.37
v 4.70392 -173.242 1469.35
v 5.27238 -172.408 1470.23
v 5.39193 -172.396 1470.39
v 5.67494 -172.122 1470.97
v 5.67494 -172.122 1470.97
v 5.67494 -172.122 1470.97
v 5.85369 -171.929 1471.09
v 6.31552 -171.327 1471.75
v 6.89943 -170.789 1472.54
v 6.92553 -170.852 1472.54
v 6.93572 -170.931 1472.66
v 7.6085 -170.289 1473.4
v 7.8373 -170.164 1473.88
v 7.68659 -169.946 1473.83
v 7.91886 -169.914 1473.82
v 8.37644 -169.583 1474.72
v 8.66466 -169.538 1474.83
v 10.8993 -173.027 1468.92
v 10.9182 -172.978 1468.9
v 10.9649 -173.078 1468.92
v 10.9663 -173.028 1468.88
v 10.9663 -173.028 1468.88
v 10.9657 -172.979 1468.87
v 10.9657 -172.979 1468.87
v 10.9657 -172.979 1468.87
v 11.0129 -173.062 1468.92
v 11.0145 -173.028 1468.89
v 11.0145 -173.028 1468.89
v 11.0153 -172.978 1468.89
v 11.0153 -172.978 1468.89
v 11.02 -172.915 1468.93
v 10.9141 -173.072 1468.97
v 10.9673 -173.093 1468.97
v 10.9673 -173.093 1468.97
v 11.0151 -173.081 1468.97
v 11.0151 -173.081 1468.97
v 11.0761 -172.959 1468.98
v 11.251 -172.515 1469.56
v 11.7669 -171.416 1471.07
v 12.027 -170.942 1471.72
v 12.2593 -170.521 1472.42
v 12.5242 -170.13 1472.85
v 13.8059 -168.391 1475.6
v 14.8942 -167.177 1477.54
v 16.2673 -170.143 1466.66
v 16.2673 -170.143 1466.66
v 16.2673 -170.143 1466.66
v 16.2764 -170.121 1466.76
v 16.3038 -170.145 1466.61
v 16.3038 -170.145 1466.61
v 16.2928 -170.054 1466.76
v 16.2928 -170.054 1466.76
v 16.3175 -170.217 1466.66
v 16.3193 -170.093 1466.61
v 16.3193 -170.093 1466.61
v 16.3682 -170.237 1466.67
v 16.3682 -170.237 1466.67
v 16.3675 -170.097 1466.59
v 16.3675 -170.097 1466.59
v 16.4144 -170.192 1466.62
v 16.4151 -170.228 1466.67
v 16.4151 -170.228 1466.67
v 16.4167 -170.142 1466.61
v 16.4147 -170.092 1466.62
v 16.4395 -169.965 1467.37
v 16.9927 -168.833 1469.93
v 16.987 -164.658 1481.49
v 16.987 -164.658 1481.49
v 16.9655 -164.657 1481.52
v 16.9655 -164.657 1481.52
v 16.9655 -164.657 1481.52
v 17.0155 -164.698 1481.54
v 17.0155 -164.698 1481.54
v 17.0155 -164.698 1481.54
v 17.0155 -164.698 1481.54
v 17.0155 -164.63 1481.54
v 17.0155 -164.63 1481.54
v 17.0155 -164.63 1481.54
v 17.0417 -164.555 1481.54
v 17.0417 -164.555 1481.54
v 17.0155 -164.554 1481.56
v 17.0155 -164.554 1481.56
v 17.0655 -164.759 1481.7
v 17.0655 -164.759 1481.7
v 17.0655 -164.735 1481.6
v 17.0655 -164.735 1481.6
v 16.7845 -164.631 1481.87
v 16.7845 -164.631 1481.87
v 17.1265 -164.44 1481.66
v 17.1265 -164.44 1481.66
v 17.1265 -164.44 1481.66
v 17.4304 -168.627 1470.64
v 17.3171 -168.347 1471.04
v 17.426 -164.39 1482.22
v 17.5334 -164.252 1482.37
v 18.7753 -163.457 1483.38
v 21.2019 -162.173 1485.92
v 21.2019 -162.173 1485.92
v 21.6862 -161.313 1487.69
v 21.7155 -161.202 1487.62
v 21.7155 -161.202 1487.62
v 21.7534 -161.227 1487.72
v 21.7534 -161.227 1487.72
v 21.7603 -161.18 1487.67
v 21.7603 -161.18 1487.67
v 21.7603 -161.18 1487.67
v 21.7603 -161.18 1487.67
v 21.7603 -161.18 1487.67
v 21.7558 -161.08 1487.66
v 21.7558 -161.08 1487.66
v 21.7155 -161.032 1487.63
v 21.7801 -161.227 1487.72
v 21.7801 -161.227 1487.72
v 21.7801 -161.227 1487.72
v 21.7801 -161.227 1487.72
v 21.7973 -161.225 1487.77
v 21.7973 -161.225 1487.77
v 21.7706 -161.18 1487.67
v 21.7706 -161.18 1487.67
v 21.7706 -161.18 1487.67
v 21.7706 -161.18 1487.67
v 21.7655 -161.179 1487.68
v 21.7655 -161.179 1487.68
v 21.7655 -161.179 1487.68
v 21.7655 -161.179 1487.68
v 21.7655 -161.082 1487.63
v 21.7655 -161.082 1487.63
v 21.7655 -161.082 1487.63
v 21.7655 -161.082 1487.63
v 21.7655 -161.084 1487.67
v 21.7861 -161.03 1487.66
v 21.7861 -161.03 1487.66
v 21.7861 -161.03 1487.66
v 21.7655 -161.029 1487.68
v 21.7655 -161.029 1487.68
v 21.7655 -161.029 1487.68
v 21.8016 -160.977 1487.71
v 21.8016 -160.977 1487.71
v 21.8016 -160.977 1487.71
v 21.7677 -160.967 1487.71
v 21.8155 -161.225 1487.76
v 21.8155 -161.225 1487.76
v 21.8155 -161.19 1487.82
v 21.8155 -161.19 1487.82
v 21.8155 -161.19 1487.82
v 21.8155 -161.212 1487.87
v 21.8155 -161.212 1487.87
v 21.8655 -161.22 1487.86
v 21.8655 -161.22 1487.86
v 21.8683 -161.167 1487.92
v 21.8683 -161.167 1487.92
v 21.8683 -161.167 1487.92
v 21.9155 -161.216 1487.94
v 21.8655 -161.18 1487.97
v 21.8655 -161.18 1487.97
v 21.8318 -160.841 1487.85
v 21.8873 -160.861 1487.79
v 22.2651 -160.93 1488.69
v 22.2651 -160.93 1488.69
vn -0.774322 -0.597961 0.207048
vn -0.851423 -0.505517 0.139754
vn -0.75112 -0.477585 0.455775
vn -0.0399088 -0.787926 -0.614475
vn 0.33253 -0.894987 0.297358
vn 0.804319 -0.59319 0.0345897
vn -0.613021 -0.689438 0.38585
vn -0.747555 -0.528159 0.402752
vn -0.966394 0.253783 -0.0409394
vn -0.668843 0.659043 -0.343964
vn -0.6995 0.478383 -0.530894
vn -0.366857 -0.603369 -0.708069
vn -0.484607 -0.188821 -0.854109
vn -0.173692 0.660408 -0.730542
vn -0.0115284 -0.777988 -0.628173
vn 0.0781912 -0.145082 -0.986325
vn 0.459422 0.509663 -0.727444
vn 0.875089 -0.108049 -0.471747
vn 0.488345 -0.777316 0.396609
vn 0.924961 -0.340347 -0.169149
vn 0.732689 0.304464 -0.608661
vn -0.64115 0.715689 -0.276977
vn -0.803741 -0.211032 0.556297
vn -0.932684 0.312379 0.180334
vn -0.427176 -0.589457 0.68561
vn -0.0127319 0.771666 -0.6359
vn -0.921261 0.130905 0.366253
vn -0.347672 0.814232 -0.464921
vn -0.868338 0.492182 0.0611983
vn 0.767543 -0.631072 0.112364
vn 0.617893 0.419971 -0.664705
vn 0.804358 -0.593077 0.0356018
vn -0.833234 -0.11822 0.540135
vn 0.353569 0.63005 -0.691394
vn 0.913808 -0.29692 -0.277115
vn 0.734735 0.267392 -0.623431
vn -0.733915 0.668938 -0.117859
vn -0.0406711 -0.775732 0.629751
vn -0.914697 0.229033 0.332977
vn -0.594653 -0.439312 0.673345
vn -0.844655 0.526937 0.0943199
vn -0.493948 0.806008 -0.326138
vn 0.408455 -0.830791 0.378087
vn -0.00143233 0.797841 -0.602866
vn 0.475616 0.542248 -0.692644
vn 0.8894 -0.386563 -0.244003
vn 0.838561 0.0532616 -0.542198
vn -0.880595 0.070981 0.468523
vn -0.744366 0.666716 -0.0375297
vn -0.892939 0.29819 0.337259
vn -0.404897 0.839247 -0.362937
vn 0.196433 0.728256 -0.65655
vn 0.85346 -0.47842 -0.206686
vn -0.751936 -0.205598 0.626356
vn -0.779724 0.623363 0.0587325
vn -0.870722 0.189839 0.453658
vn -0.468084 0.83607 -0.286153
vn -0.0488009 0.829522 -0.556338
vn 0.802405 -0.581557 -0.133933
vn 0.802018 -0.571062 -0.175088
vn -0.465114 -0.542048 0.699895
vn -0.664656 0.744464 -0.0632932
vn -0.798523 0.57518 0.177566
vn 0.783287 0.0876095 -0.615457
vn -0.848127 0.175081 0.500027
vn -0.389689 0.864804 -0.316633
vn -0.614131 0.785621 -0.075122
vn 0.701048 0.206048 -0.682697
vn 0.0796394 -0.856266 0.510359
vn 0.703636 0.211058 -0.678491
vn 0.799094 -0.555174 -0.230716
vn -0.724623 -0.177456 0.665906
vn -0.406999 -0.583108 0.703091
vn -0.762962 0.623487 0.170742
vn -0.389657 0.875981 -0.284297
vn 0.100375 0.783328 -0.613451
vn -0.835473 0.272099 0.477438
vn 0.825705 -0.313941 -0.468671
vn 0.789232 -0.54229 -0.288156
vn 0.225338 -0.887729 0.401447
vn -0.50235 0.850592 -0.155363
vn 0.15312 0.776426 -0.611324
vn -0.150057 0.881304 -0.448091
vn 0.237607 0.720033 -0.651993
vn -0.660547 -0.252062 0.707208
vn -0.820253 0.308173 0.481886
vn -0.0745444 -0.807047 0.585763
vn 0.702482 -0.69533 -0.151774
vn -0.345816 -0.622806 0.7018
vn 0.798589 -0.175609 -0.575689
vn -0.75997 0.0366213 0.648925
vn 0.290352 -0.901775 0.320153
vn -0.587194 0.809316 -0.0145205
vn -0.788185 0.482611 0.381905
vn -0.188181 0.888578 -0.418351
vn 0.708534 0.117678 -0.695796
vn 0.421815 0.527306 -0.737577
vn 0.790742 -0.317416 -0.523425
vn -0.101638 -0.791295 0.602928
vn -0.567292 -0.335347 0.752145
vn -0.716847 0.651236 0.24904
vn -0.493137 0.864036 -0.10128
vn -0.771006 0.204089 0.603239
vn 0.322514 -0.904425 0.279285
vn 0.626209 -0.770281 -0.120535
vn 0.763318 -0.385781 -0.518188
vn -0.734509 0.579894 0.352447
vn -0.303275 0.907125 -0.291802
vn -0.573351 0.818266 0.041345
vn 0.279189 -0.910593 0.304752
vn 0.654243 0.121953 -0.746387
vn 0.393641 0.533259 -0.748787
vn 0.0597545 0.803431 -0.592392
vn -0.670991 -0.0869175 0.736354
vn -0.37751 -0.550512 0.744596
vn -0.759901 0.340178 0.553923
vn -0.956084 -0.112378 -0.270694
vn -0.44317 -0.135558 -0.886129
vn -0.442201 -0.743891 -0.501083
vn -0.443323 -0.282999 -0.850515
vn -0.399371 -0.0849771 -0.912843
vn -0.117531 0.69524 -0.709104
vn 0.206882 -0.727692 -0.653961
vn 0.15892 -0.616234 -0.771363
vn 0.844497 -0.326867 -0.424243
vn 0.242072 -0.0433827 -0.969288
vn 0.140914 0.648182 -0.748334
vn -0.881368 -0.470348 0.0443048
vn -0.960715 -0.239075 0.140961
vn -0.955126 0.226396 -0.190995
vn -0.73395 0.592737 -0.331633
vn -0.645076 -0.619427 0.447423
vn -0.777152 -0.383067 0.499294
vn -0.525809 -0.588149 0.614497
vn -0.367592 -0.929848 -0.0160755
vn -0.143661 -0.890943 0.430792
vn -0.275874 -0.716748 0.640442
vn 0.248351 -0.912259 -0.325738
vn 0.415391 -0.809673 0.414585
vn 0.742435 0.368255 -0.559624
vn 0.886424 -0.462321 0.0226162
vn 0.95219 -0.276171 -0.130625
vn 0.208475 -0.800018 0.562591
vn 0.254628 0.714071 -0.652126
vn -0.96625 0.0324292 0.255558
vn -0.311902 0.780507 -0.54178
vn -0.0397159 0.787614 -0.614887
vn -0.735948 0.623965 -0.26277
vn -0.739113 0.257217 0.622536
vn -0.685957 0.668027 0.28845
vn 0.782652 -0.583873 0.21575
vn 0.949014 -0.310843 -0.052436
vn 0.634324 0.49279 -0.595644
vn 0.617774 -0.710845 0.336238
vn -0.732393 -0.405964 0.54662
vn 0.334721 0.678692 -0.653712
vn -0.968427 0.179183 0.173325
vn -0.0802314 -0.780623 0.619831
vn 0.0958027 0.770906 -0.629703
vn -0.377834 0.789261 -0.484055
vn 0.606181 0.510253 -0.610071
vn 0.961773 -0.102964 -0.253753
vn -0.762719 0.612988 -0.206167
vn -0.946251 0.308047 0.0985703
vn -0.264448 -0.727528 0.633064
vn 0.41182 -0.799045 0.438101
vn -0.94512 0.0133515 0.326452
vn 0.661733 -0.708305 -0.245791
vn 0.738914 -0.280648 -0.612571
vn -0.122184 0.881154 -0.456769
vn -0.59785 -0.20352 0.775342
vn 0.592234 0.20182 -0.780082
vn -0.0308774 -0.820778 0.570413
vn 0.343599 0.563664 -0.751148
vn -0.52756 -0.57891 0.621726
vn -0.863335 0.502199 -0.0494726
vn -0.425326 0.79585 -0.430953
vn 0.953377 -0.148161 -0.26291
vn 0.389238 0.663043 -0.639428
vn -0.955305 0.183073 0.232112
vn -0.826426 -0.257012 0.500964
vn 0.114972 0.777648 -0.618098
vn 0.0740309 -0.824435 0.561094
vn 0.581773 -0.75183 0.31031
vn 0.728909 0.384248 -0.566608
vn 0.37486 -0.90821 0.186102
vn -0.679622 0.0573189 0.73132
vn -0.7113 0.562296 0.421753
vn -0.489351 0.871282 -0.0374642
vn -0.409209 -0.474889 0.77912
vn 0.760714 -0.632953 0.143819
vn -0.935493 0.0682927 0.346681
vn -0.870455 0.492093 0.0123341
vn -0.823962 -0.23023 0.517765
vn 0.342394 0.683769 -0.644381
vn 0.838341 0.200289 -0.50702
vn -0.370331 0.821654 -0.433289
vn 0.780548 -0.617965 0.0941485
vn -0.941769 0.177642 0.285509
vn 0.510976 -0.859278 -0.02333
vn 0.697056 -0.588687 -0.409342
vn -0.23136 0.908448 -0.348131
vn 0.0968232 0.768097 -0.632971
vn 0.411796 0.453609 -0.790356
vn -0.715575 0.352294 0.603192
vn 0.243661 -0.847518 0.471533
vn -0.36379 -0.683443 0.6329
vn 0.795228 -0.603169 0.0616456
vn 0.892173 0.0469133 -0.44925
vn 0.914756 -0.352261 -0.197821
vn 0.706933 -0.693041 0.141207
vn -0.832712 0.55369 -0.0042413
vn 0.129331 0.78148 -0.610379
vn 0.568469 0.524849 -0.633543
vn -0.418164 0.824575 -0.381069
vn -0.904423 -0.00309677 0.426626
vn 0.633815 0.0402034 -0.772439
vn -0.656243 0.690332 0.304609
vn -0.634131 -0.467595 0.615819
vn 0.528128 -0.803795 0.273851
vn -0.588799 0.77377 -0.233657
vn -0.007207 -0.833625 0.552284
vn -0.884936 0.445435 0.135928
vn -0.212661 -0.667104 0.713966
vn 0.228633 -0.913226 0.33726
vn -0.395213 0.907679 -0.141156
vn -0.587106 0.789263 0.179919
vn -0.597746 -0.103946 0.794918
vn -0.126759 0.88289 -0.452147
vn 0.871141 -0.475437 -0.122773
vn 0.90238 -0.0368938 -0.429358
vn 0.63263 0.455639 -0.626236
vn -0.145835 0.850799 -0.50485
vn 0.313216 0.706091 -0.635084
vn -0.896769 0.0247124 0.441809
vn -0.694166 0.71202 -0.105645
vn -0.886524 0.423038 0.187387
vn 0.500302 -0.864919 -0.0401601
vn -0.697705 0.459077 0.54996
vn 0.328075 0.532641 -0.780167
vn 0.670993 -0.588874 -0.45055
vn 0.606943 0.0164037 -0.794576
vn 0.90228 -0.0781909 -0.424002
vn 0.758977 0.280683 -0.587512
vn 0.103236 -0.86292 0.494683
vn 0.292553 -0.869339 0.398325
vn -0.693359 -0.386006 0.608484
vn -0.324207 -0.711386 0.623555
vn -0.297473 0.862755 -0.408857
vn -0.663852 0.199682 0.720714
vn 0.106467 -0.875795 0.470794
vn -0.489526 -0.27663 0.826947
vn -0.649769 0.639264 0.41127
vn 0.646137 0.424142 -0.634516
vn 0.900709 -0.125898 -0.415779
vn -0.907125 0.240341 0.345485
vn -0.814067 0.575539 0.0777787
vn -0.828187 -0.141507 0.542293
vn 0.439512 0.318885 -0.839727
vn -0.465781 0.884811 -0.0125522
vn 0.0637582 0.767529 -0.637836
vn -0.664019 0.374425 0.647213
vn -0.568724 -0.04443 0.821328
vn -0.292942 -0.543482 0.786646
vn -0.610194 0.776531 -0.157044
vn 0.0245136 0.835629 -0.548746
vn -0.545832 -0.539434 0.641155
vn 0.0163975 -0.854985 0.518394
vn -0.207882 0.875297 -0.436624
vn 0.315272 0.71019 -0.629472
vn 0.472923 -0.880783 -0.0237856
vn 0.628253 -0.675739 -0.385585
vn 0.658734 -0.315885 -0.682852
vn -0.267687 0.916011 -0.298777
vn -0.53386 0.833093 0.144743
vn 0.200904 -0.885815 0.418293
vn 0.890318 -0.131036 -0.436077
vn -0.836952 0.526989 0.147627
vn -0.565821 0.80509 -0.17798
vn -0.736995 0.675757 0.0137966
vn -0.875133 0.0362194 0.482524
vn 0.0919198 0.719835 -0.688033
vn 0.868444 -0.427178 -0.251641
vn -0.258117 0.882446 -0.393274
vn 0.0572942 0.833377 -0.549727
vn 0.879415 -0.119029 -0.460935
vn 0.758018 0.247051 -0.603635
vn -0.865421 0.435523 0.247722
vn -0.528318 0.828065 -0.187586
vn 0.41411 0.297635 -0.86019
vn 0.616526 -0.276742 -0.737095
vn -0.622969 0.24805 0.741877
vn -0.418957 -0.306174 0.854829
vn -0.105241 -0.719904 0.686049
vn 0.600335 -0.713209 -0.361845
vn 0.378132 -0.918738 0.113738
vn -0.628536 0.634467 0.449883
vn -0.885444 0.160175 0.436271
vn -0.761767 -0.240132 0.601704
vn -0.731308 0.681326 0.0313531
vn 0.151664 -0.883984 0.442233
vn -0.492922 0.865009 0.093738
vn -0.578304 0.157187 0.800535
vn -0.584013 0.6743 -0.45194
vn -0.968675 0.23676 0.0749212
vn -0.751914 -0.612921 0.242802
vn -0.584013 0.6743 -0.45194
vn -0.584013 0.6743 -0.45194
vn -0.514362 -0.640708 -0.570022
vn -0.331625 0.0724914 -0.940622
vn -0.425222 0.85594 -0.2942
vn 0.825694 0.0652829 -0.560329
vn -0.827374 0.526203 0.196374
vn -0.247034 0.889384 -0.384669
vn 0.481982 0.0753857 -0.872932
vn -0.151464 -0.64241 0.751244
vn -0.613708 0.603315 0.509287
vn -0.121032 -0.694471 -0.709268
vn -0.0672887 -0.852213 -0.518851
vn -0.231855 -0.922238 0.309387
vn -0.0476848 -0.154621 -0.986822
vn -0.257553 0.142737 -0.955664
vn 0.231995 -0.519197 -0.822565
vn 0.177714 -0.818984 -0.545604
vn 0.444485 -0.877621 0.179483
vn 0.925686 -0.343542 -0.158379
vn 0.356556 0.031703 -0.933736
vn 0.406838 0.230579 -0.883921
vn 0.556935 0.711959 -0.427713
vn 0.90482 0.227687 -0.359806
vn 0.051908 0.870355 -0.489682
vn -0.838967 -0.424289 0.340754
vn -0.978508 0.0212006 0.205117
vn 0.0729665 0.925549 -0.371531
vn 0.656432 0.639951 -0.399449
vn 0.0612199 -0.943691 0.325115
vn 0.332319 -0.890566 0.310572
vn 0.784028 -0.605494 -0.136666
vn -0.067726 -0.842381 0.534609
vn -0.880715 0.177381 0.439178
vn -0.536495 0.82892 -0.158318
vn -0.100753 0.882436 -0.459516
vn -0.412643 -0.257337 0.873787
vn 0.386227 -0.918596 0.0837312
vn 0.240314 0.521454 -0.818739
vn -0.314524 0.920715 -0.230995
vn -0.0681218 0.826916 -0.558184
vn -0.308333 -0.400285 0.862962
vn -0.401388 -0.827604 0.392377
vn -0.883531 0.468058 0.0171401
vn -0.835607 -0.423864 0.34943
vn 0.355712 0.687114 -0.633517
vn 0.573227 -0.436054 -0.693735
vn -0.883651 0.229658 0.407945
vn 0.496618 -0.287434 -0.818995
vn -0.832086 -0.0629207 0.551067
vn 0.292081 0.267494 -0.918224
vn -0.863956 0.43561 0.252633
vn 0.306065 0.325326 -0.894699
vn 0.599261 -0.610994 -0.517275
vn -0.680794 -0.369558 0.632413
vn -0.515501 0.0297744 0.856371
vn -0.600334 0.457193 0.656182
vn -0.715884 0.698049 0.0153852
vn 0.305014 0.375022 -0.8754
vn 0.721798 -0.687665 0.078259
vn 0.788195 0.481 -0.383911
vn 0.0752403 0.919608 -0.385566
vn 0.433196 0.794758 -0.425089
vn 0.0660324 -0.93996 0.334835
vn -0.455321 -0.792422 0.405894
vn -0.976991 0.11214 0.181419
vn 0.682573 -0.729539 -0.0432065
vn 0.382346 -0.923678 -0.0251054
vn -0.206903 -0.851346 0.48208
vn 0.0658436 -0.811223 0.581018
vn 0.0906489 -0.900866 0.424527
vn 0.150197 -0.913025 0.379245
vn -0.160497 -0.667861 0.726775
vn -0.392029 -0.618304 0.681185
vn -0.439931 0.864096 -0.244537
vn -0.576999 0.795817 -0.183703
vn -0.418752 0.875511 -0.241097
vn -0.307718 0.868479 -0.388656
vn -0.380941 0.905556 -0.186686
vn -0.422876 0.88016 -0.215626
vn -0.673182 0.462654 0.576868
vn -0.657329 0.505507 0.55891
vn -0.502941 -0.327685 0.799796
vn -0.797426 0.133226 0.588526
vn -0.821108 0.300979 0.484968
vn -0.787416 0.33917 0.514722
vn -0.642996 0.725404 0.245651
vn -0.621025 -0.403502 0.671948
vn -0.62989 -0.660328 0.408908
vn -0.20669 -0.893595 0.398457
vn -0.886106 -0.317187 0.337948
vn 0.00619925 -0.862132 0.506646
vn 0.583144 0.468068 -0.66397
vn -0.858405 0.337446 0.386357
vn -0.864202 0.169577 0.473707
vn 0.296109 -0.913347 0.279496
vn -0.966769 -0.0360158 0.253103
vn -0.701383 -0.583862 0.408861
vn -0.680786 0.720183 -0.133667
vn -0.167577 0.922478 -0.347781
vn -0.211871 0.901141 -0.378226
vn -0.649699 0.760164 0.00645433
vn 0.83467 0.393055 -0.38579
vn -0.45659 -0.778565 0.430537
vn 0.473369 0.759336 -0.446463
vn -0.821235 -0.421552 0.384535
vn -0.924442 0.374349 0.0725892
vn -0.819601 0.51091 0.259277
vn 0.0445171 -0.930918 0.362506
vn 0.603307 -0.782422 0.15439
vn 0.685686 0.577361 -0.443271
vn 0.950422 -0.27125 -0.152058
vn -0.28941 -0.854376 0.431605
vn -0.837545 0.54604 -0.0189426
vn -0.507708 0.830094 -0.230601
vn -0.973126 0.0863243 0.213478
vn -0.619048 -0.652339 0.437302
vn -0.909331 -0.235809 0.3428
vn -0.945473 0.303519 0.118137
vn 0.856634 -0.374427 -0.354939
vn -0.862626 0.198574 0.465236
vn 0.934401 0.138219 -0.328314
vn 0.139625 -0.926223 0.350166
vn -0.11604 0.918835 -0.377196
vn 0.239408 0.862007 -0.446797
vn -0.770514 -0.480606 0.41872
vn -0.969412 0.0627636 0.237277
vn -0.104085 -0.84229 0.528881
vn 0.114598 0.827611 -0.549479
vn -0.563021 0.822308 -0.0825621
vn -0.157895 -0.890955 0.425756
vn 0.876615 -0.478133 -0.0541704
vn -0.49014 -0.742799 0.456085
vn 0.0930172 0.896673 -0.43281
vn 0.467809 0.743708 -0.477549
vn -0.689161 0.712437 -0.132248
vn -0.215003 0.906955 -0.362225
vn -0.92074 -0.185167 0.343441
vn -0.906269 0.417782 0.0642968
vn -0.599787 -0.652877 0.462609
vn 0.390671 -0.89271 0.224601
vn 0.765525 -0.612959 -0.195582
vn -0.529358 -0.541889 0.652791
vn 0.837636 0.357928 -0.412618
vn 0.963338 -0.0791607 -0.256348
vn 0.433552 -0.866334 0.247988
vn -0.25193 -0.85685 0.449821
vn -0.808159 -0.410778 0.422067
vn -0.96594 0.148919 0.211618
vn -0.204284 0.906099 -0.370476
vn -0.860967 0.287751 0.419447
vn -0.777184 -0.160054 0.608579
vn -0.841864 0.0415553 0.538087
vn -0.768379 0.614135 0.180092
vn 0.148852 -0.920717 0.360727
vn 0.723766 -0.685287 0.0809006
vn 0.36131 0.793641 -0.489478
vn 0.728617 0.500003 -0.468096
vn 0.936622 0.085889 -0.339651
vn 0.939609 -0.300783 -0.163292
vn -0.0899851 -0.897878 0.430951
vn -0.380019 -0.794479 0.473696
vn -0.584996 -0.654208 0.479365
vn -0.886233 0.460809 0.0473914
vn -0.932439 -0.122694 0.339858
vn -0.958245 0.20997 0.19411
vn -0.772529 -0.447965 0.450029
vn 0.504497 0.554029 -0.662219
vn 0.0853855 -0.915073 0.394145
vn -0.262246 -0.840762 0.473651
vn -0.504665 0.827126 -0.247337
vn -0.531374 -0.685746 0.497388
vn -0.75594 0.649737 -0.0799816
vn -0.887246 0.457184 0.0614533
vn -0.440424 0.87843 -0.185439
vn 0.38658 -0.877887 0.282613
vn 0.954695 -0.161122 -0.250195
vn 0.828584 0.327608 -0.454005
vn 0.591393 0.622112 -0.51306
vn -0.279933 -0.825671 0.489801
vn 0.0377158 -0.906837 0.41979
vn -0.232353 0.898248 -0.373046
vn -0.398705 0.865258 -0.303913
vn -0.832124 -0.344217 0.434838
vn -0.663035 -0.563069 0.493293
vn 0.838472 -0.544192 -0.0286456
vn 0.221265 0.83623 -0.501758
vn 0.401909 0.743618 -0.534324
vn -0.748263 -0.442361 0.494387
vn -0.626416 -0.583841 0.516462
vn -0.42298 -0.742482 0.519431
vn -0.634938 0.753769 -0.16937
vn 0.761987 -0.584873 -0.278026
vn -0.961165 0.143995 0.23543
vn 0.775891 -0.472296 -0.418246
vn 0.737476 -0.547269 -0.395759
vn 0.961981 0.0572884 0.26704
vn 0.683701 0.310985 -0.660183
vn 0.64734 0.381038 -0.660122
vn -0.715114 -0.4631 0.523594
vn 0.711705 -0.354597 -0.606413
vn -0.0627822 -0.882303 0.466476
vn 0.75407 -0.534316 -0.381947
vn 0.565406 0.485928 -0.666476
vn 0.784668 0.05618 -0.617365
vn 0 0.0520836 0.998643
vn 0.70295 0.267983 -0.658822
vn -0.904608 0.424938 0.0333323
vn -0.534838 0.647505 -0.54285
vn 0.651802 0.350379 -0.672598
vn -0.718282 -0.504608 0.479001
vn 0.291342 -0.825819 0.482848
vn 0.735707 -0.658169 -0.159842
vn -0.765231 -0.463304 0.446958
vn 0.0658923 -0.756919 0.650179
vn -0.66482 -0.556383 0.498451
vn 0.683928 -0.724597 -0.08486
vn -0.643599 -0.73279 -0.220907
vn 0.186386 0.718337 -0.670262
vn -0.785701 0.615863 -0.0581946
vn -0.634415 0.772992 0.00138503
vn -0.106236 -0.871561 0.478639
vn 0.213462 -0.901079 0.37748
vn 0.603088 -0.778502 0.17384
vn 0.769042 -0.637844 0.041588
vn 0.501375 -0.86098 0.0856609
vn -0.496086 -0.694087 0.521672
vn 0.0867458 -0.923869 0.372748
vn 0.0806071 0.835598 -0.543396
vn -0.344978 0.853623 -0.39028
vn -0.26559 0.88628 -0.379434
vn 0.914136 -0.379852 -0.141662
vn 0.944304 -0.0308116 -0.327628
vn 0.467032 0.704365 -0.534557
vn -0.210716 -0.842303 0.496109
vn -0.229637 -0.802846 0.550186
vn 0.159759 0.846989 -0.507037
vn -0.346975 0.887646 -0.302808
vn -0.78813 -0.233418 0.569532
vn -0.542901 -0.568747 0.617888
vn -0.351606 0.878756 -0.32274
vn -0.70495 0.70762 -0.0481597
vn -0.882307 0.0679784 0.465739
vn -0.841314 0.478801 0.250881
vn 0.317311 -0.881946 0.348546
vn 0.834318 0.280821 -0.474398
vn -0.295345 -0.776308 0.556882
vn -0.026015 -0.87402 0.485193
vn 0.0116308 0.875573 -0.482946
vn 0.431526 0.711454 -0.554633
vn -0.90505 0.371375 0.207281
vn 0.941568 -0.231032 -0.2451
vn 0.83037 -0.556771 -0.0221973
vn 0.260049 -0.884259 0.387893
vn -0.507051 -0.633346 0.584613
vn -0.777169 -0.329347 0.536226
vn -0.923819 0.0595796 0.378164
vn -0.911045 0.365222 0.191338
vn -0.452613 0.843415 -0.289469
vn -0.160579 0.883856 -0.439332
vn 0.837921 -0.543578 -0.0491066
vn 0.54284 -0.808393 0.227651
vn 0.0515253 -0.875293 0.48084
vn 0.931984 -0.254332 -0.258303
vn -0.231727 -0.795301 0.560178
vn 0.610005 0.547488 -0.572845
vn -0.848605 -0.186104 0.495211
vn -0.684541 -0.44656 0.576184
vn -0.467582 -0.649683 0.599399
vn 0.273239 0.774914 -0.569955
vn -0.928747 0.134831 0.345326
vn 0.355652 -0.865382 0.353024
vn 0.870145 0.148904 -0.469761
vn -0.000685921 -0.855526 0.517759
vn -0.603268 -0.515915 0.608194
vn -0.499754 0.824041 -0.266837
vn -0.90519 0.0208998 0.424492
vn -0.802909 -0.244304 0.543739
vn -0.0986931 0.866681 -0.489003
vn -0.79666 0.604353 0.0095501
vn -0.910119 0.339166 0.238011
vn -0.312968 -0.735271 0.601188
vn 0.674752 -0.727822 0.122409
vn 0.614159 0.51146 -0.601014
vn -0.723914 -0.352737 0.592896
vn -0.457356 -0.625856 0.631767
vn 0.309399 0.726598 -0.613455
vn -0.664756 0.735289 -0.132097
vn -0.893737 0.0203182 0.44813
vn -0.86121 -0.0690975 0.50353
vn 0.827952 0.198172 -0.524617
vn 0.901373 -0.37408 -0.218153
vn 0.926928 -0.160798 -0.339041
vn 0.211932 -0.870309 0.444575
vn -0.127256 -0.805169 0.579232
vn -0.329662 -0.696005 0.637887
vn -0.504766 -0.563383 0.654073
vn -0.188267 -0.759769 0.62234
vn 0.0520239 0.815933 -0.575802
vn -0.83424 0.543579 0.0925454
vn -0.372851 0.852988 -0.365231
vn -0.717585 -0.33086 0.612865
vn -0.90915 0.278406 0.309735
vn -0.895488 0.104864 0.432556
vn 0.881372 0.0214435 -0.471936
vn 0.485731 -0.826298 0.285126
vn 0.152575 -0.858016 0.490437
vn 0.654642 0.426351 -0.624235
vn -0.638909 -0.403032 0.655256
vn -0.416849 -0.614005 0.67025
vn 0.384972 0.651699 -0.653518
vn -0.799448 -0.161379 0.578653
vn -0.868127 0.0503065 0.493787
vn -0.892171 0.34172 0.295396
vn -0.733939 0.677944 -0.0415403
vn -0.829542 0.546306 0.1158
vn 0.774034 -0.633128 -0.00454601
vn 0.900819 -0.302549 -0.311431
vn 0.0121871 -0.818846 0.573884
vn 0.274239 -0.851553 0.446823
vn -0.257844 -0.700489 0.665456
vn 0.580951 0.465583 -0.667629
vn 0.327308 0.653975 -0.682046
vn -0.539697 -0.480396 0.691337
vn -0.752431 -0.201792 0.626999
vn -0.576986 0.78772 -0.215834
vn -0.870749 0.130491 0.474098
vn -0.870787 0.406767 0.27617
vn 0.835245 0.0809955 -0.54388
vn 0.876967 -0.396178 -0.27198
vn 0.847591 -0.0182251 -0.530337
vn -0.349287 -0.61529 0.706695
vn 0.537861 -0.803751 0.254341
vn -0.0153544 -0.789992 0.612925
vn -0.15904 0.837445 -0.522869
vn 0.0522863 0.767964 -0.638355
vn 0.492537 0.496588 -0.714708
vn 0.296031 0.651231 -0.698759
vn -0.796381 -0.0663539 0.601145
vn -0.604634 -0.369927 0.705388
vn -0.775001 0.630704 0.0398213
vn -0.741867 -0.142181 0.6553
vn -0.859533 0.220032 0.46129
vn -0.835615 0.507208 0.210923
vn 0.305659 -0.839542 0.449157
vn 0.745189 -0.666734 0.0126023
vn 0.665961 0.311416 -0.677876
vn -0.387179 -0.555777 0.735666
vn -0.15847 -0.703163 0.693145
vn 0.485751 0.462574 -0.741668
vn 0.0871705 0.735427 -0.671974
vn -0.531243 -0.404018 0.744681
vn -0.667863 -0.215913 0.712278
vn -0.571458 0.788354 -0.22789
vn -0.731357 0.681957 -0.00721663
vn -0.288501 0.831623 -0.474522
vn -0.795227 0.0178992 0.606047
vn 0.802641 -0.585117 -0.115783
vn 0.112396 -0.804488 0.583237
vn 0.69995 0.187784 -0.689062
vn 0.849036 -0.154206 -0.505329
vn -0.292729 -0.583738 0.757337
vn 0.0180809 -0.752689 0.658128
vn -0.713121 -0.0956704 0.694482
vn -0.540216 -0.341764 0.769002
vn -0.812719 0.16504 0.558794
vn -0.829096 0.47916 0.288107
vn -0.475289 0.811931 -0.338924
vn 0.572002 -0.787619 0.229064
vn 0.559794 0.295721 -0.774067
vn 0.828925 -0.46433 -0.311897
vn -0.398823 -0.450624 0.798673
vn 0.328163 -0.821918 0.465575
vn -0.0951872 -0.664984 0.740767
vn -0.205216 0.795958 -0.569506
vn 0.208454 0.614708 -0.760711
vn -0.656531 -0.129544 0.743092
vn -0.485461 -0.31438 0.815777
vn -0.782959 0.181532 0.594997
vn -0.660073 0.743969 -0.103994
vn -0.808905 0.397141 0.433533
vn 0.23749 -0.795437 0.557565
vn 0.742469 0.0218751 -0.669524
vn 0.59083 -0.77896 0.210101
vn -0.275538 -0.498753 0.821781
vn -0.0822505 -0.622021 0.778668
vn -0.629482 -0.0842423 0.772435
vn -0.431856 -0.298083 0.851262
vn -0.783954 0.584222 0.210003
vn -0.41626 0.805044 -0.42265
vn -0.0889574 0.708283 -0.700301
vn -0.746985 0.204859 0.632493
vn 0.140905 -0.743344 0.6539
vn 0.396986 -0.799052 0.451572
vn 0.656655 0.0635684 -0.751508
vn 0.23978 -0.747066 0.619998
vn 0.0445347 -0.658529 0.751237
vn 0.342556 0.425561 -0.837588
vn 0.524438 0.14877 -0.838351
vn -0.608982 -0.0171308 0.792999
vn -0.180142 -0.492288 0.851588
vn -0.410932 -0.241775 0.879022
vn -0.736081 0.666343 0.119045
vn -0.77988 0.477113 0.405154
vn -0.7158 0.249638 0.652159
vn 0.791891 -0.364986 -0.489585
vn 0.706112 -0.16317 -0.689043
vn 0.728109 -0.682575 -0.0628368
vn -0.727567 0.454962 0.513474
vn -0.61669 0.350578 0.704832
vn -0.517893 0.0252908 0.855072
vn -0.403366 0.306125 0.862313
vn -0.106897 0.450531 0.886338
vn -0.209762 -0.302558 0.929762
vn -0.228396 0.0696924 0.971071
vn -0.00734995 -0.0987036 0.99509
vn 0.0741496 0.189715 0.979035
vn 0.157812 0.412044 0.897394
vn 0.135276 0.73759 -0.66156
vn -0.722054 0.633464 0.278139
vn -0.621325 0.782668 -0.0372209
vn -0.595193 0.606651 0.526991
vn -0.420608 0.838317 -0.346864
vn -0.563477 0.783808 0.261035
vn -0.364567 0.591865 0.718879
vn -0.31846 0.828346 0.460896
vn -0.379148 0.924029 0.0491688
vn -0.0777027 0.776739 0.625011
vn -0.113411 0.848085 -0.517581
vn -0.119635 0.977888 -0.171529
vn -0.0709119 0.964015 0.256214
vn 0.195887 0.659414 0.725811
vn 0.189023 0.881585 0.432525
vn 0.229495 0.940666 -0.249959
vn 0.186239 0.975452 0.117511
vn 0.0962113 -0.593325 0.799193
vn 0.398283 -0.720895 0.56717
vn 0.390435 -0.47713 0.787342
vn 0.614474 -0.741281 0.270044
vn 0.658826 -0.51204 0.551147
vn 0.797372 -0.59367 -0.108414
vn 0.863097 -0.447658 0.233805
vn 0.274687 0.458006 -0.845445
vn 0.499296 0.550021 -0.669463
vn 0.719263 0.0164483 -0.694543
vn 0.579366 0.251877 -0.775173
vn 0.816393 -0.303753 -0.491159
vn 0.535196 0.601534 0.593062
vn 0.627475 -0.211673 0.749313
vn 0.659205 0.0629611 0.749323
vn 0.676562 0.361695 0.641436
vn 0.734266 0.568389 0.371198
vn 0.840279 -0.14976 0.52106
vn 0.874792 0.125975 0.467834
vn 0.85792 0.347133 0.378778
vn 0.786771 0.361715 -0.500153
vn 0.882452 0.447501 -0.144988
vn 0.864897 0.480261 0.14595
vn 0.949183 -0.27305 -0.15651
vn 0.990658 -0.041098 0.130028
vn 0.933565 0.0759616 -0.350266
vn 0.971369 0.225408 0.0750587
vn 0.145782 -0.310752 0.939245
vn 0.256367 0.00680844 0.966555
vn 0.319825 0.233022 0.918375
vn 0.403196 0.446672 0.798697
vn 0.432741 -0.154459 0.888188
vn 0.452136 0.0573975 0.8901
vn 0.512984 0.24478 0.822758
vn 0.407338 0.781083 0.473271
vn 0.415789 0.791672 -0.447633
vn 0.442482 0.884459 0.148131
vn 0.594248 0.741023 0.312657
vn 0.533759 0.834729 -0.135386
vn 0.692524 0.65152 -0.309731
vn 0.716332 0.696386 0.0437698
vn -0.297322 -0.759774 -0.578224
vn 0.112136 -0.984587 0.134213
vn 0.196117 -0.954881 0.223026
vn 0.159637 -0.830083 0.534301
vn -0.0215971 -0.967106 0.253456
vn 0.84442 -0.440356 -0.305027
vn 0.664774 -0.731236 0.152873
vn -0.58144 -0.530823 -0.616567
vn -0.929146 0.135761 -0.343884
vn -0.970406 -0.0782569 0.228446
vn -0.946627 0.0113911 0.322131
vn -0.563767 -0.277803 -0.777813
vn 0.0781912 -0.145082 -0.986325
vn -0.39502 0.522007 -0.755955
vn 0.145333 -0.207583 -0.967361
vn 0.117217 0.506681 -0.854128
vn 0.826432 -0.232786 -0.512661
vn 0.010363 -0.0813087 -0.996635
vn 0.150268 0.520029 -0.840827
vn 0.744575 0.127735 -0.655204
vn 0.924798 -0.253275 -0.283903
vn 0.920827 -0.153284 -0.358584
vn 0.365641 -0.820503 0.43941
vn -0.218296 -0.717535 0.661431
vn 0.514888 -0.806003 0.291975
vn 0.754146 0.193292 -0.627616
vn 0.822584 0.0369874 -0.567439
vn 0.512618 -0.818844 0.258298
vn -0.0288336 -0.808004 0.588471
vn 0.380016 -0.865626 0.326004
vn 0.814003 0.0120194 -0.580737
vn 0.258442 0.693244 -0.672771
vn 0.316823 0.652336 -0.688535
vn 0.837821 -0.378939 -0.393016
vn 0.366083 -0.876525 0.312549
vn 0.686145 0.213288 -0.695495
vn 0.631301 -0.775358 -0.0166965
vn -0.778989 0.56424 0.273514
vn 0.681238 0.190862 -0.706744
vn -0.68552 -0.162839 0.70961
vn 0.655913 -0.74785 -0.102459
vn -0.494158 -0.499034 -0.71188
vn -0.651359 0.505028 -0.566284
vn 0.226549 -0.841154 -0.491055
vn 0.159633 -0.615619 -0.771706
vn 0.242072 -0.0433827 -0.969288
vn -0.307578 0.579679 -0.754565
vn 0.277674 -0.0807813 -0.957273
vn 0.215518 0.563069 -0.797813
vn 0.696777 -0.566155 -0.44042
vn 0.205789 -0.00586208 -0.978579
vn 0.696014 -0.264399 -0.667576
vn 0.184537 0.550583 -0.814128
vn 0.765606 0.179753 -0.617686
vn 0.655124 0.447363 -0.608834
vn -0.447046 -0.892621 -0.0581158
vn 0.212616 -0.933394 -0.289085
vn 0.304841 -0.899629 0.312635
vn 0.792806 -0.607485 -0.0492016
vn 0.255146 -0.901278 0.35014
vn 0.831077 0.194154 -0.521168
vn 0.866426 0.224518 -0.44598
vn 0.698246 -0.673644 0.242188
vn 0.942185 -0.144514 -0.302329
vn 0.38928 -0.822129 0.415409
vn 0.9378 -0.19065 -0.290144
vn 0.793494 -0.607199 -0.0409552
vn 0.677989 -0.733645 0.0457774
vn -0.970411 0.238872 0.0352483
vn -0.709084 -0.486989 -0.509943
vn -0.885369 -0.456817 0.0862543
vn -0.888487 -0.366553 0.276097
vn -0.522364 -0.38042 -0.763162
vn -0.941579 0.25279 -0.222546
vn -0.882059 0.4697 -0.0367851
vn -0.941579 0.25279 -0.222546
vn -0.583112 -0.793876 0.172457
vn -0.941579 0.25279 -0.222546
vn -0.39911 0.80883 -0.431862
vn -0.381991 -0.89769 0.219627
vn 0.224734 -0.951331 0.210864
vn 0.0572035 0.794761 -0.604221
vn 0.360521 0.172858 -0.916594
vn 0.938238 -0.217181 -0.269337
vn 0.180152 -0.956123 0.23103
vn 0.859924 -0.500929 -0.0979855
vn 0.938955 -0.0771504 -0.335278
vn 0.619562 0.591656 -0.515836
vn -0.370889 -0.846139 0.382741
vn -0.425924 0.870923 -0.245117
vn -0.472879 -0.802471 -0.363903
vn -0.31819 0.892397 -0.319974
vn 0.352067 0.233012 -0.906507
vn -0.472879 -0.802471 -0.363903
vn -0.31819 0.892397 -0.319974
vn 0.580004 -0.675965 -0.454606
vn 0.377564 -0.144022 -0.914715
vn -0.472879 -0.802471 -0.363903
vn -0.431194 -0.87878 -0.204493
vn -0.31819 0.892397 -0.319974
vn -0.884349 0.326446 0.333707
vn -0.686324 0.203418 -0.69827
vn -0.686324 0.203418 -0.69827
vn -0.416656 0.784865 -0.458677
vn -0.686324 0.203418 -0.69827
vn -0.416656 0.784865 -0.458677
vn 0.480096 -0.869637 -0.11506
vn -0.431194 -0.87878 -0.204493
vn -0.431194 -0.87878 -0.204493
vn 0.358441 -0.925236 -0.12433
vn -0.596182 0.726836 0.340993
vn -0.151179 -0.665923 0.730542
vn 0.0947475 0.673739 -0.73287
vn -0.416656 0.784865 -0.458677
vn -0.671198 0.736274 -0.0859828
vn 0.966086 -0.198456 -0.165208
vn -0.515445 0.830025 -0.213011
vn -0.151179 -0.665923 0.730542
vn -0.151179 -0.665923 0.730542
vn 0.656821 0.369854 -0.657111
vn -0.125054 -0.844975 0.51998
vn -0.961289 0.0940879 0.258979
vn 0.329381 -0.821548 0.465368
vn 0.811065 -0.413249 -0.414003
vn -0.0627822 -0.882303 0.466476
vn 0 -0.668479 -0.743731
vn -8.36598e-05 -0.998636 0.0522067
vn 0 -0.912454 0.409179
vn 0 0.0520836 0.998643
vn 0.815269 -0.0106552 -0.578984
vn -0.9333 0.177068 0.312405
vn 0.961981 0.0572884 0.26704
vn 0.751097 0.0722855 -0.656222
vn 0.694294 0.702078 0.158246
vn 0.694294 0.702078 0.158246
vn 0 -0.668479 -0.743731
vn -0.747106 -0.555969 -0.364324
vn -0.961289 0.0940879 0.258979
vn 0 -0.998643 0.0520765
vn -0.00016732 -0.998629 0.0523369
vn 0.291342 -0.825819 0.482848
vn 0 0.0520836 0.998643
vn -0.747106 -0.555969 -0.364324
vn -0.961289 0.0940879 0.258979
vn -0.752353 -0.00126033 -0.658759
vn 0.878874 -0.0201231 -0.476629
vn 0 -0.668479 -0.743731
vn -0.747106 -0.555969 -0.364324
vn -0.885102 -0.0196315 -0.464984
vn 0.845126 -0.376279 -0.379704
vn -0.936863 0.310934 0.160023
vn 0.961981 0.0572884 0.26704
vn 0.694294 0.702078 0.158246
vn -0.741718 0.0339865 -0.66985
vn -0.956912 0.248935 0.149503
vn -0.651389 0.060105 -0.75636
vn -0.534838 0.647505 -0.54285
vn -0.717896 0.10238 -0.688581
vn -0.534838 0.647505 -0.54285
vn 0.0680307 0.40821 -0.91035
vn -0.893831 0.447628 -0.0263584
vn 0.11886 0.557988 -0.821293
vn -0.411075 0.696455 -0.58819
vn 0.11886 0.557988 -0.821293
vn -8.36598e-05 -0.998636 0.0522067
vn 0.252787 -0.828628 0.499474
vn 0.785097 -0.567381 -0.248398
vn -0.669312 -0.636322 0.383557
vn -0.245973 -0.887913 -0.388726
vn -0.245973 -0.887913 -0.388726
vn 0.0658923 -0.756919 0.650179
vn -0.245973 -0.887913 -0.388726
vn 0.0658923 -0.756919 0.650179
vn -0.643599 -0.73279 -0.220907
vn -0.742021 -0.490681 0.456768
vn 0.707363 -0.695744 -0.124813
vn -0.643599 -0.73279 -0.220907
vn 0.623494 -0.780444 -0.046499
vn -0.337761 -0.814891 0.47103
vn 0.165772 0.689382 -0.705175
vn -0.319422 0.783429 -0.533112
vn 0.4684 -0.882344 0.0455085
vn 0.0529681 -0.946903 0.317125
g grp1
usemtl mtl1
f 1//1 2//2 8//8 
f 7//7 1//1 8//8 
f 12//12 783//783 790//790 
f 2//2 3//3 8//8 
f 783//783 12//12 4//4 
f 787//787 5//5 784//784 
f 784//784 5//5 785//785 
f 4//4 12//12 15//15 
f 5//5 786//786 785//785 
f 786//786 5//5 19//19 
f 799//799 18//18 788//788 
f 789//789 6//6 5//5 
f 5//5 6//6 19//19 
f 6//6 788//788 18//18 
f 20//20 6//6 18//18 
f 9//9 11//11 791//791 
f 792//792 793//793 9//9 
f 793//793 24//24 9//9 
f 793//793 23//23 24//24 
f 10//10 11//11 9//9 
f 9//9 24//24 10//10 
f 794//794 13//13 12//12 
f 790//790 794//794 12//12 
f 8//8 25//25 23//23 
f 8//8 3//3 25//25 
f 796//796 11//11 14//14 
f 11//11 10//10 14//14 
f 800//800 795//795 16//16 
f 16//16 795//795 797//797 
f 19//19 25//25 786//786 
f 801//801 798//798 14//14 
f 17//17 801//801 14//14 
f 26//26 17//17 14//14 
f 10//10 26//26 14//14 
f 802//802 18//18 799//799 
f 18//18 802//802 17//17 
f 17//17 21//21 18//18 
f 18//18 21//21 20//20 
f 6//6 20//20 19//19 
f 21//21 17//17 26//26 
f 10//10 24//24 22//22 
f 10//10 22//22 26//26 
f 28//28 26//26 22//22 
f 34//34 21//21 26//26 
f 28//28 34//34 26//26 
f 21//21 34//34 31//31 
f 23//23 27//27 24//24 
f 24//24 29//29 22//22 
f 24//24 27//27 29//29 
f 29//29 28//28 22//22 
f 25//25 19//19 38//38 
f 30//30 19//19 20//20 
f 32//32 19//19 30//30 
f 21//21 804//804 20//20 
f 803//803 20//20 804//804 
f 805//805 38//38 19//19 
f 33//33 23//23 25//25 
f 27//27 23//23 33//33 
f 27//27 33//33 29//29 
f 33//33 39//39 29//29 
f 35//35 803//803 804//804 
f 32//32 30//30 35//35 
f 31//31 34//34 36//36 
f 804//804 36//36 35//35 
f 25//25 40//40 33//33 
f 40//40 39//39 33//33 
f 40//40 25//25 38//38 
f 28//28 29//29 37//37 
f 35//35 46//46 32//32 
f 37//37 29//29 39//39 
f 805//805 43//43 38//38 
f 38//38 806//806 40//40 
f 807//807 43//43 805//805 
f 28//28 37//37 42//42 
f 44//44 34//34 28//28 
f 42//42 44//44 28//28 
f 37//37 41//41 42//42 
f 37//37 39//39 41//41 
f 44//44 45//45 34//34 
f 47//47 46//46 35//35 
f 36//36 34//34 45//45 
f 35//35 36//36 47//47 
f 47//47 36//36 45//45 
f 40//40 48//48 39//39 
f 40//40 54//54 48//48 
f 39//39 48//48 41//41 
f 45//45 44//44 52//52 
f 45//45 808//808 47//47 
f 53//53 46//46 47//47 
f 59//59 46//46 53//53 
f 809//809 47//47 808//808 
f 48//48 50//50 41//41 
f 54//54 40//40 61//61 
f 50//50 48//48 54//54 
f 43//43 807//807 810//810 
f 60//60 59//59 53//53 
f 806//806 61//61 40//40 
f 811//811 61//61 806//806 
f 41//41 49//49 42//42 
f 42//42 49//49 51//51 
f 50//50 49//49 41//41 
f 49//49 50//50 55//55 
f 51//51 49//49 55//55 
f 50//50 56//56 55//55 
f 44//44 42//42 51//51 
f 50//50 54//54 56//56 
f 809//809 808//808 64//64 
f 58//58 44//44 51//51 
f 52//52 44//44 58//58 
f 814//814 52//52 58//58 
f 61//61 56//56 54//54 
f 51//51 55//55 57//57 
f 57//57 55//55 62//62 
f 58//58 51//51 57//57 
f 58//58 57//57 62//62 
f 55//55 56//56 62//62 
f 64//64 813//813 809//809 
f 64//64 70//70 813//813 
f 58//58 62//62 66//66 
f 76//76 58//58 66//66 
f 61//61 811//811 69//69 
f 60//60 71//71 59//59 
f 71//71 60//60 816//816 
f 814//814 58//58 76//76 
f 63//63 62//62 56//56 
f 66//66 62//62 63//63 
f 56//56 65//65 63//63 
f 56//56 61//61 65//65 
f 64//64 68//68 70//70 
f 66//66 63//63 67//67 
f 815//815 814//814 76//76 
f 65//65 74//74 63//63 
f 63//63 74//74 67//67 
f 61//61 69//69 73//73 
f 817//817 69//69 812//812 
f 61//61 72//72 65//65 
f 65//65 77//77 74//74 
f 65//65 72//72 77//77 
f 817//817 80//80 69//69 
f 61//61 73//73 72//72 
f 73//73 69//69 87//87 
f 87//87 69//69 80//80 
f 66//66 67//67 75//75 
f 75//75 67//67 74//74 
f 816//816 79//79 71//71 
f 79//79 819//819 71//71 
f 79//79 816//816 78//78 
f 76//76 66//66 75//75 
f 68//68 818//818 70//70 
f 72//72 85//85 77//77 
f 73//73 85//85 72//72 
f 815//815 76//76 84//84 
f 818//818 68//68 821//821 
f 85//85 73//73 87//87 
f 83//83 76//76 75//75 
f 81//81 75//75 74//74 
f 77//77 820//820 74//74 
f 83//83 75//75 81//81 
f 82//82 84//84 76//76 
f 76//76 83//83 82//82 
f 84//84 82//82 83//83 
f 77//77 85//85 86//86 
f 86//86 820//820 77//77 
f 88//88 819//819 79//79 
f 79//79 78//78 90//90 
f 88//88 79//79 90//90 
f 90//90 818//818 821//821 
f 92//92 87//87 80//80 
f 88//88 823//823 819//819 
f 86//86 94//94 820//820 
f 87//87 89//89 85//85 
f 85//85 91//91 86//86 
f 89//89 87//87 99//99 
f 85//85 822//822 91//91 
f 86//86 91//91 94//94 
f 100//100 89//89 99//99 
f 91//91 822//822 100//100 
f 83//83 97//97 84//84 
f 95//95 83//83 93//93 
f 81//81 93//93 83//83 
f 821//821 96//96 90//90 
f 97//97 96//96 821//821 
f 95//95 97//97 83//83 
f 93//93 820//820 94//94 
f 104//104 99//99 87//87 
f 92//92 104//104 87//87 
f 91//91 103//103 94//94 
f 91//91 100//100 103//103 
f 98//98 88//88 90//90 
f 96//96 98//98 90//90 
f 823//823 88//88 98//98 
f 97//97 98//98 96//96 
f 103//103 101//101 94//94 
f 93//93 94//94 101//101 
f 823//823 98//98 105//105 
f 97//97 95//95 113//113 
f 95//95 93//93 102//102 
f 93//93 101//101 102//102 
f 101//101 109//109 102//102 
f 95//95 102//102 108//108 
f 109//109 108//108 102//102 
f 108//108 113//113 95//95 
f 107//107 109//109 101//101 
f 104//104 92//92 105//105 
f 103//103 107//107 101//101 
f 98//98 106//106 105//105 
f 99//99 104//104 110//110 
f 110//110 104//104 105//105 
f 106//106 168//168 105//105 
f 103//103 116//116 107//107 
f 98//98 111//111 106//106 
f 97//97 111//111 98//98 
f 97//97 112//112 111//111 
f 112//112 97//97 113//113 
f 107//107 116//116 150//150 
f 109//109 107//107 150//150 
f 105//105 186//186 110//110 
f 168//168 186//186 105//105 
f 111//111 112//112 174//174 
f 112//112 113//113 174//174 
f 174//174 113//113 170//170 
f 99//99 115//115 100//100 
f 103//103 100//100 114//114 
f 113//113 108//108 170//170 
f 103//103 114//114 116//116 
f 100//100 115//115 114//114 
f 115//115 171//171 114//114 
f 117//117 128//128 129//129 
f 118//118 120//120 824//824 
f 130//130 825//825 117//117 
f 117//117 129//129 130//130 
f 825//825 130//130 131//131 
f 838//838 119//119 135//135 
f 119//119 824//824 120//120 
f 119//119 838//838 824//824 
f 121//121 120//120 118//118 
f 131//131 122//122 825//825 
f 825//825 122//122 829//829 
f 826//826 138//138 839//839 
f 123//123 826//826 827//827 
f 123//123 827//827 124//124 
f 826//826 123//123 138//138 
f 833//833 828//828 126//126 
f 126//126 828//828 830//830 
f 122//122 835//835 831//831 
f 835//835 122//122 127//127 
f 127//127 122//122 144//144 
f 832//832 834//834 125//125 
f 832//832 125//125 841//841 
f 836//836 125//125 834//834 
f 836//836 837//837 140//140 
f 140//140 837//837 144//144 
f 841//841 125//125 141//141 
f 142//142 141//141 125//125 
f 836//836 843//843 125//125 
f 843//843 836//836 140//140 
f 128//128 132//132 129//129 
f 130//130 145//145 131//131 
f 130//130 129//129 145//145 
f 129//129 133//133 145//145 
f 136//136 838//838 135//135 
f 136//136 132//132 838//838 
f 132//132 133//133 129//129 
f 132//132 137//137 133//133 
f 132//132 136//136 137//137 
f 133//133 137//137 134//134 
f 133//133 134//134 145//145 
f 146//146 122//122 131//131 
f 842//842 139//139 840//840 
f 840//840 139//139 136//136 
f 139//139 137//137 136//136 
f 143//143 137//137 139//139 
f 143//143 134//134 137//137 
f 146//146 144//144 122//122 
f 141//141 139//139 841//841 
f 141//141 151//151 139//139 
f 151//151 143//143 139//139 
f 152//152 141//141 142//142 
f 151//151 141//141 152//152 
f 140//140 844//844 843//843 
f 148//148 146//146 131//131 
f 148//148 131//131 145//145 
f 146//146 147//147 144//144 
f 134//134 155//155 145//145 
f 134//134 158//158 155//155 
f 143//143 158//158 134//134 
f 146//146 148//148 147//147 
f 148//148 145//145 157//157 
f 168//168 106//106 169//169 
f 111//111 169//169 106//106 
f 172//172 169//169 111//111 
f 174//174 172//172 111//111 
f 108//108 109//109 189//189 
f 116//116 149//149 150//150 
f 116//116 114//114 149//149 
f 189//189 109//109 150//150 
f 171//171 149//149 114//114 
f 170//170 108//108 189//189 
f 844//844 140//140 153//153 
f 140//140 144//144 153//153 
f 153//153 144//144 147//147 
f 156//156 153//153 147//147 
f 162//162 151//151 152//152 
f 844//844 153//153 162//162 
f 151//151 154//154 143//143 
f 143//143 154//154 158//158 
f 154//154 151//151 162//162 
f 157//157 145//145 155//155 
f 163//163 148//148 157//157 
f 148//148 163//163 160//160 
f 147//147 148//148 160//160 
f 158//158 154//154 166//166 
f 162//162 178//178 154//154 
f 166//166 154//154 845//845 
f 153//153 156//156 161//161 
f 153//153 161//161 162//162 
f 165//165 158//158 166//166 
f 165//165 155//155 158//158 
f 147//147 160//160 159//159 
f 156//156 147//147 159//159 
f 161//161 156//156 159//159 
f 157//157 164//164 163//163 
f 163//163 164//164 176//176 
f 157//157 167//167 164//164 
f 157//157 155//155 167//167 
f 163//163 176//176 177//177 
f 160//160 163//163 177//177 
f 164//164 167//167 176//176 
f 160//160 177//177 159//159 
f 180//180 176//176 167//167 
f 155//155 181//181 167//167 
f 167//167 181//181 180//180 
f 99//99 110//110 173//173 
f 110//110 186//186 173//173 
f 173//173 115//115 99//99 
f 174//174 217//217 172//172 
f 217//217 169//169 172//172 
f 171//171 115//115 190//190 
f 150//150 149//149 188//188 
f 150//150 188//188 189//189 
f 178//178 162//162 185//185 
f 161//161 185//185 162//162 
f 165//165 175//175 155//155 
f 181//181 155//155 175//175 
f 182//182 159//159 177//177 
f 179//179 161//161 159//159 
f 179//179 159//159 182//182 
f 161//161 179//179 185//185 
f 176//176 180//180 193//193 
f 177//177 176//176 193//193 
f 165//165 166//166 183//183 
f 183//183 175//175 165//165 
f 197//197 182//182 177//177 
f 166//166 184//184 183//183 
f 197//197 195//195 182//182 
f 166//166 845//845 191//191 
f 178//178 185//185 196//196 
f 846//846 178//178 196//196 
f 191//191 184//184 166//166 
f 185//185 179//179 182//182 
f 185//185 182//182 195//195 
f 196//196 185//185 195//195 
f 175//175 194//194 181//181 
f 197//197 177//177 193//193 
f 194//194 192//192 181//181 
f 181//181 192//192 180//180 
f 180//180 192//192 193//193 
f 201//201 168//168 169//169 
f 217//217 201//201 169//169 
f 115//115 173//173 190//190 
f 149//149 171//171 187//187 
f 187//187 188//188 149//149 
f 187//187 171//171 190//190 
f 170//170 203//203 174//174 
f 170//170 202//202 203//203 
f 202//202 170//170 189//189 
f 184//184 191//191 198//198 
f 183//183 184//184 847//847 
f 192//192 194//194 193//193 
f 194//194 199//199 193//193 
f 213//213 195//195 197//197 
f 214//214 195//195 213//213 
f 196//196 195//195 214//214 
f 198//198 191//191 208//208 
f 209//209 848//848 846//846 
f 196//196 209//209 846//846 
f 209//209 196//196 214//214 
f 193//193 199//199 212//212 
f 194//194 175//175 207//207 
f 183//183 207//207 175//175 
f 197//197 193//193 212//212 
f 197//197 212//212 215//215 
f 206//206 183//183 847//847 
f 183//183 206//206 207//207 
f 847//847 211//211 206//206 
f 208//208 211//211 198//198 
f 186//186 225//225 173//173 
f 200//200 186//186 168//168 
f 186//186 200//200 225//225 
f 201//201 200//200 168//168 
f 203//203 204//204 174//174 
f 174//174 204//204 217//217 
f 224//224 190//190 173//173 
f 189//189 188//188 218//218 
f 187//187 205//205 188//188 
f 228//228 205//205 187//187 
f 218//218 188//188 205//205 
f 240//240 204//204 203//203 
f 187//187 190//190 228//228 
f 213//213 197//197 215//215 
f 209//209 210//210 848//848 
f 194//194 216//216 199//199 
f 207//207 219//219 194//194 
f 219//219 216//216 194//194 
f 211//211 208//208 210//210 
f 230//230 211//211 210//210 
f 232//232 214//214 213//213 
f 214//214 232//232 209//209 
f 199//199 216//216 212//212 
f 222//222 219//219 207//207 
f 173//173 225//225 224//224 
f 201//201 241//241 200//200 
f 204//204 240//240 217//217 
f 217//217 241//241 201//201 
f 218//218 205//205 239//239 
f 202//202 189//189 226//226 
f 189//189 218//218 227//227 
f 226//226 189//189 227//227 
f 227//227 218//218 239//239 
f 202//202 229//229 203//203 
f 229//229 202//202 226//226 
f 229//229 240//240 203//203 
f 210//210 209//209 231//231 
f 230//230 210//210 231//231 
f 207//207 206//206 222//222 
f 220//220 211//211 230//230 
f 211//211 220//220 206//206 
f 220//220 222//222 206//206 
f 212//212 216//216 223//223 
f 221//221 215//215 212//212 
f 223//223 221//221 212//212 
f 213//213 215//215 233//233 
f 215//215 221//221 233//233 
f 231//231 209//209 232//232 
f 220//220 246//246 222//222 
f 228//228 190//190 224//224 
f 239//239 205//205 228//228 
f 229//229 226//226 260//260 
f 226//226 227//227 260//260 
f 230//230 849//849 220//220 
f 245//245 222//222 246//246 
f 231//231 232//232 244//244 
f 230//230 231//231 243//243 
f 234//234 213//213 233//233 
f 213//213 234//234 232//232 
f 231//231 244//244 243//243 
f 219//219 235//235 216//216 
f 216//216 235//235 223//223 
f 222//222 248//248 219//219 
f 245//245 248//248 222//222 
f 219//219 247//247 235//235 
f 235//235 237//237 223//223 
f 223//223 237//237 236//236 
f 221//221 223//223 236//236 
f 233//233 221//221 249//249 
f 249//249 221//221 236//236 
f 224//224 225//225 251//251 
f 200//200 238//238 225//225 
f 200//200 241//241 238//238 
f 238//238 271//271 225//225 
f 225//225 271//271 251//251 
f 241//241 271//271 238//238 
f 217//217 240//240 242//242 
f 242//242 241//241 217//217 
f 228//228 250//250 239//239 
f 253//253 227//227 239//239 
f 260//260 227//227 253//253 
f 242//242 240//240 259//259 
f 250//250 253//253 239//239 
f 241//241 242//242 273//273 
f 244//244 232//232 234//234 
f 230//230 243//243 255//255 
f 255//255 849//849 230//230 
f 268//268 248//248 245//245 
f 233//233 249//249 234//234 
f 243//243 244//244 255//255 
f 247//247 219//219 248//248 
f 235//235 256//256 237//237 
f 246//246 268//268 245//245 
f 234//234 254//254 244//244 
f 235//235 258//258 256//256 
f 258//258 235//235 247//247 
f 248//248 268//268 267//267 
f 267//267 247//247 248//248 
f 259//259 273//273 242//242 
f 252//252 228//228 224//224 
f 250//250 228//228 252//252 
f 261//261 240//240 229//229 
f 262//262 253//253 250//250 
f 254//254 255//255 244//244 
f 234//234 270//270 254//254 
f 254//254 270//270 287//287 
f 255//255 254//254 287//287 
f 234//234 249//249 266//266 
f 270//270 234//234 266//266 
f 256//256 257//257 237//237 
f 236//236 237//237 257//257 
f 258//258 281//281 256//256 
f 236//236 257//257 265//265 
f 249//249 236//236 265//265 
f 278//278 265//265 257//257 
f 256//256 278//278 257//257 
f 256//256 281//281 278//278 
f 273//273 272//272 241//241 
f 271//271 241//241 272//272 
f 240//240 261//261 259//259 
f 275//275 260//260 253//253 
f 261//261 229//229 274//274 
f 229//229 260//260 274//274 
f 274//274 260//260 275//275 
f 252//252 263//263 250//250 
f 250//250 263//263 262//262 
f 264//264 252//252 224//224 
f 263//263 252//252 264//264 
f 251//251 264//264 224//224 
f 253//253 262//262 297//297 
f 253//253 297//297 275//275 
f 276//276 268//268 246//246 
f 283//283 849//849 255//255 
f 850//850 849//849 283//283 
f 269//269 249//249 265//265 
f 249//249 269//269 266//266 
f 265//265 278//278 279//279 
f 269//269 265//265 279//279 
f 247//247 267//267 258//258 
f 267//267 281//281 258//258 
f 267//267 299//299 281//281 
f 284//284 269//269 279//279 
f 266//266 269//269 270//270 
f 269//269 285//285 270//270 
f 285//285 269//269 284//284 
f 272//272 273//273 295//295 
f 263//263 264//264 293//293 
f 294//294 264//264 251//251 
f 294//294 293//293 264//264 
f 295//295 271//271 272//272 
f 259//259 261//261 282//282 
f 282//282 290//290 259//259 
f 274//274 275//275 302//302 
f 282//282 261//261 274//274 
f 275//275 297//297 302//302 
f 262//262 292//292 297//297 
f 292//292 262//262 263//263 
f 283//283 255//255 277//277 
f 255//255 287//287 277//277 
f 270//270 285//285 352//352 
f 270//270 352//352 287//287 
f 283//283 277//277 286//286 
f 277//277 287//287 286//286 
f 280//280 279//279 278//278 
f 288//288 280//280 278//278 
f 278//278 281//281 288//288 
f 259//259 291//291 273//273 
f 295//295 296//296 271//271 
f 271//271 296//296 251//251 
f 291//291 259//259 290//290 
f 268//268 339//339 267//267 
f 286//286 287//287 312//312 
f 287//287 352//352 312//312 
f 276//276 339//339 268//268 
f 299//299 298//298 281//281 
f 339//339 276//276 337//337 
f 284//284 279//279 289//289 
f 279//279 280//280 289//289 
f 281//281 298//298 288//288 
f 284//284 289//289 314//314 
f 291//291 295//295 273//273 
f 251//251 301//301 294//294 
f 293//293 294//294 316//316 
f 296//296 301//301 251//251 
f 315//315 291//291 290//290 
f 274//274 302//302 346//346 
f 347//347 282//282 274//274 
f 347//347 274//274 346//346 
f 297//297 292//292 317//317 
f 263//263 293//293 292//292 
f 317//317 292//292 303//303 
f 317//317 302//302 297//297 
f 293//293 303//303 292//292 
f 286//286 312//312 283//283 
f 285//285 284//284 314//314 
f 298//298 313//313 288//288 
f 300//300 280//280 288//288 
f 313//313 300//300 288//288 
f 313//313 298//298 340//340 
f 340//340 298//298 299//299 
f 280//280 300//300 289//289 
f 294//294 301//301 316//316 
f 293//293 316//316 343//343 
f 282//282 345//345 290//290 
f 303//303 293//293 343//343 
f 345//345 282//282 347//347 
f 307//307 304//304 308//308 
f 857//857 851//851 305//305 
f 855//855 309//309 852//852 
f 853//853 859//859 306//306 
f 854//854 853//853 306//306 
f 306//306 332//332 854//854 
f 310//310 321//321 855//855 
f 858//858 860//860 856//856 
f 311//311 861//861 857//857 
f 855//855 321//321 318//318 
f 855//855 318//318 309//309 
f 309//309 318//318 319//319 
f 862//862 320//320 859//859 
f 859//859 320//320 306//306 
f 306//306 320//320 871//871 
f 322//322 321//321 310//310 
f 861//861 331//331 864//864 
f 311//311 331//331 861//861 
f 305//305 333//333 857//857 
f 854//854 332//332 333//333 
f 334//334 331//331 311//311 
f 333//333 350//350 857//857 
f 857//857 350//350 311//311 
f 285//285 314//314 342//342 
f 300//300 341//341 289//289 
f 313//313 341//341 300//300 
f 341//341 314//314 289//289 
f 267//267 375//375 299//299 
f 267//267 339//339 375//375 
f 291//291 360//360 295//295 
f 295//295 889//889 296//296 
f 290//290 345//345 315//315 
f 360//360 291//291 353//353 
f 315//315 353//353 291//291 
f 318//318 321//321 323//323 
f 323//323 324//324 318//318 
f 318//318 324//324 319//319 
f 867//867 325//325 863//863 
f 863//863 325//325 320//320 
f 325//325 336//336 320//320 
f 320//320 336//336 871//871 
f 323//323 321//321 327//327 
f 328//328 327//327 865//865 
f 865//865 327//327 321//321 
f 870//870 864//864 331//331 
f 870//870 331//331 329//329 
f 868//868 866//866 326//326 
f 326//326 366//366 325//325 
f 326//326 325//325 868//868 
f 366//366 336//336 325//325 
f 869//869 326//326 866//866 
f 869//869 870//870 330//330 
f 869//869 330//330 326//326 
f 330//330 870//870 329//329 
f 330//330 335//335 367//367 
f 366//366 326//326 898//898 
f 898//898 326//326 330//330 
f 329//329 331//331 334//334 
f 335//335 330//330 329//329 
f 334//334 335//335 329//329 
f 872//872 334//334 311//311 
f 369//369 335//335 334//334 
f 367//367 335//335 369//369 
f 368//368 369//369 334//334 
f 899//899 334//334 872//872 
f 332//332 351//351 333//333 
f 332//332 349//349 351//351 
f 338//338 850//850 283//283 
f 338//338 283//283 312//312 
f 850//850 338//338 337//337 
f 338//338 312//312 426//426 
f 377//377 339//339 337//337 
f 377//377 375//375 339//339 
f 340//340 358//358 313//313 
f 313//313 358//358 364//364 
f 341//341 313//313 364//364 
f 340//340 354//354 358//358 
f 342//342 314//314 341//341 
f 375//375 361//361 299//299 
f 299//299 356//356 340//340 
f 340//340 356//356 354//354 
f 361//361 356//356 299//299 
f 348//348 343//343 316//316 
f 344//344 296//296 889//889 
f 296//296 344//344 301//301 
f 344//344 378//378 301//301 
f 301//301 376//376 316//316 
f 316//316 376//376 379//379 
f 348//348 316//316 379//379 
f 355//355 353//353 315//315 
f 362//362 303//303 343//343 
f 302//302 317//317 393//393 
f 345//345 347//347 384//384 
f 347//347 346//346 384//384 
f 302//302 393//393 346//346 
f 343//343 348//348 362//362 
f 345//345 365//365 315//315 
f 895//895 345//345 384//384 
f 303//303 363//363 317//317 
f 363//363 303//303 362//362 
f 393//393 317//317 363//363 
f 366//366 898//898 418//418 
f 349//349 871//871 336//336 
f 336//336 370//370 349//349 
f 366//366 370//370 336//336 
f 351//351 372//372 333//333 
f 285//285 342//342 352//352 
f 374//374 344//344 889//889 
f 344//344 374//374 378//378 
f 301//301 378//378 376//376 
f 312//312 352//352 399//399 
f 341//341 364//364 381//381 
f 381//381 342//342 341//341 
f 342//342 381//381 407//407 
f 407//407 352//352 342//342 
f 315//315 359//359 875//875 
f 315//315 365//365 359//359 
f 878//878 360//360 353//353 
f 355//355 879//879 353//353 
f 873//873 880//880 876//876 
f 359//359 357//357 875//875 
f 877//877 882//882 874//874 
f 354//354 883//883 358//358 
f 881//881 891//891 890//890 
f 884//884 887//887 885//885 
f 892//892 374//374 889//889 
f 886//886 888//888 896//896 
f 358//358 897//897 364//364 
f 363//363 362//362 387//387 
f 388//388 393//393 363//363 
f 388//388 363//363 387//387 
f 364//364 897//897 381//381 
f 385//385 384//384 346//346 
f 385//385 346//346 393//393 
f 367//367 369//369 409//409 
f 349//349 371//371 351//351 
f 351//351 397//397 372//372 
f 371//371 349//349 370//370 
f 872//872 406//406 899//899 
f 333//333 372//372 350//350 
f 369//369 368//368 406//406 
f 373//373 377//377 337//337 
f 373//373 337//337 338//338 
f 378//378 374//374 375//375 
f 375//375 374//374 892//892 
f 375//375 377//377 378//378 
f 376//376 378//378 379//379 
f 398//398 379//379 378//378 
f 398//398 378//378 377//377 
f 348//348 379//379 389//389 
f 362//362 348//348 389//389 
f 389//389 379//379 380//380 
f 379//379 398//398 380//380 
f 382//382 381//381 897//897 
f 897//897 384//384 382//382 
f 384//384 381//381 382//382 
f 381//381 384//384 383//383 
f 381//381 383//383 386//386 
f 386//386 383//383 384//384 
f 386//386 407//407 381//381 
f 386//386 384//384 385//385 
f 386//386 385//385 393//393 
f 386//386 393//393 408//408 
f 893//893 390//390 387//387 
f 900//900 901//901 894//894 
f 390//390 391//391 387//387 
f 388//388 387//387 392//392 
f 387//387 391//391 392//392 
f 389//389 380//380 394//394 
f 390//390 389//389 394//394 
f 388//388 392//392 393//393 
f 391//391 400//400 392//392 
f 418//418 367//367 409//409 
f 366//366 402//402 370//370 
f 402//402 366//366 416//416 
f 418//418 416//416 366//366 
f 396//396 371//371 370//370 
f 371//371 395//395 351//351 
f 396//396 395//395 371//371 
f 406//406 872//872 405//405 
f 395//395 397//397 351//351 
f 405//405 350//350 413//413 
f 413//413 350//350 372//372 
f 396//396 410//410 395//395 
f 397//397 403//403 372//372 
f 372//372 403//403 413//413 
f 338//338 426//426 373//373 
f 393//393 392//392 400//400 
f 393//393 400//400 408//408 
f 386//386 408//408 407//407 
f 400//400 391//391 401//401 
f 391//391 390//390 401//401 
f 370//370 402//402 396//396 
f 409//409 369//369 411//411 
f 411//411 369//369 406//406 
f 402//402 415//415 396//396 
f 396//396 415//415 410//410 
f 403//403 397//397 412//412 
f 397//397 395//395 404//404 
f 404//404 412//412 397//397 
f 410//410 404//404 395//395 
f 410//410 412//412 404//404 
f 377//377 447//447 398//398 
f 377//377 373//373 447//447 
f 398//398 434//434 380//380 
f 398//398 447//447 434//434 
f 352//352 407//407 435//435 
f 394//394 380//380 449//449 
f 449//449 380//380 434//434 
f 394//394 458//458 390//390 
f 401//401 414//414 400//400 
f 400//400 414//414 408//408 
f 458//458 401//401 390//390 
f 416//416 415//415 402//402 
f 418//418 409//409 428//428 
f 419//419 410//410 415//415 
f 406//406 405//405 421//421 
f 405//405 413//413 420//420 
f 405//405 420//420 421//421 
f 411//411 406//406 431//431 
f 423//423 412//412 410//410 
f 408//408 436//436 407//407 
f 399//399 902//902 312//312 
f 408//408 414//414 436//436 
f 411//411 417//417 409//409 
f 431//431 417//417 411//411 
f 428//428 409//409 417//417 
f 431//431 406//406 430//430 
f 406//406 421//421 430//430 
f 419//419 423//423 410//410 
f 417//417 450//450 428//428 
f 412//412 422//422 403//403 
f 416//416 429//429 415//415 
f 415//415 429//429 419//419 
f 403//403 422//422 413//413 
f 413//413 422//422 420//420 
f 412//412 424//424 422//422 
f 412//412 432//432 424//424 
f 412//412 423//423 432//432 
f 432//432 444//444 424//424 
f 424//424 433//433 422//422 
f 424//424 444//444 433//433 
f 422//422 425//425 420//420 
f 422//422 433//433 425//425 
f 458//458 394//394 449//449 
f 902//902 399//399 474//474 
f 401//401 427//427 414//414 
f 401//401 458//458 427//427 
f 427//427 457//457 414//414 
f 427//427 458//458 457//457 
f 438//438 416//416 418//418 
f 428//428 450//450 451//451 
f 418//418 428//428 451//451 
f 439//439 423//423 419//419 
f 439//439 432//432 423//423 
f 429//429 437//437 419//419 
f 419//419 437//437 439//439 
f 430//430 440//440 431//431 
f 417//417 431//431 441//441 
f 440//440 441//441 431//431 
f 417//417 441//441 450//450 
f 439//439 446//446 432//432 
f 448//448 447//447 373//373 
f 474//474 352//352 435//435 
f 474//474 399//399 352//352 
f 435//435 407//407 456//456 
f 534//534 434//434 447//447 
f 535//535 474//474 435//435 
f 435//435 456//456 535//535 
f 429//429 461//461 437//437 
f 416//416 452//452 429//429 
f 429//429 452//452 461//461 
f 462//462 452//452 416//416 
f 438//438 462//462 416//416 
f 441//441 464//464 450//450 
f 463//463 441//441 440//440 
f 445//445 420//420 425//425 
f 433//433 445//445 425//425 
f 420//420 445//445 442//442 
f 421//421 420//420 442//442 
f 443//443 430//430 421//421 
f 442//442 443//443 421//421 
f 440//440 430//430 443//443 
f 443//443 463//463 440//440 
f 433//433 444//444 455//455 
f 442//442 445//445 470//470 
f 446//446 454//454 432//432 
f 432//432 454//454 444//444 
f 433//433 455//455 445//445 
f 442//442 470//470 479//479 
f 436//436 456//456 407//407 
f 438//438 418//418 451//451 
f 453//453 439//439 437//437 
f 461//461 453//453 437//437 
f 463//463 464//464 441//441 
f 450//450 465//465 451//451 
f 453//453 446//446 439//439 
f 452//452 482//482 461//461 
f 452//452 462//462 482//482 
f 453//453 468//468 446//446 
f 467//467 468//468 453//453 
f 461//461 467//467 453//453 
f 454//454 471//471 444//444 
f 444//444 471//471 455//455 
f 443//443 442//442 477//477 
f 442//442 479//479 477//477 
f 455//455 470//470 445//445 
f 455//455 471//471 472//472 
f 472//472 470//470 455//455 
f 902//902 474//474 510//510 
f 426//426 932//932 373//373 
f 932//932 448//448 373//373 
f 457//457 458//458 459//459 
f 459//459 549//549 457//457 
f 457//457 460//460 414//414 
f 459//459 458//458 549//549 
f 456//456 436//436 481//481 
f 436//436 414//414 460//460 
f 464//464 463//463 485//485 
f 438//438 451//451 466//466 
f 451//451 465//465 466//466 
f 450//450 464//464 465//465 
f 462//462 438//438 466//466 
f 475//475 467//467 461//461 
f 461//461 482//482 475//475 
f 530//530 482//482 462//462 
f 462//462 492//492 530//530 
f 446//446 469//469 454//454 
f 469//469 446//446 468//468 
f 476//476 468//468 467//467 
f 467//467 475//475 476//476 
f 476//476 469//469 468//468 
f 493//493 485//485 463//463 
f 454//454 473//473 471//471 
f 454//454 469//469 473//473 
f 463//463 443//443 493//493 
f 492//492 462//462 466//466 
f 492//492 466//466 483//483 
f 483//483 466//466 465//465 
f 485//485 484//484 464//464 
f 484//484 465//465 464//464 
f 473//473 490//490 471//471 
f 475//475 487//487 476//476 
f 486//486 476//476 487//487 
f 475//475 482//482 487//487 
f 469//469 476//476 478//478 
f 478//478 473//473 469//469 
f 478//478 476//476 486//486 
f 488//488 443//443 477//477 
f 488//488 493//493 443//443 
f 494//494 485//485 493//493 
f 471//471 490//490 500//500 
f 471//471 500//500 472//472 
f 491//491 473//473 478//478 
f 500//500 480//480 472//472 
f 470//470 472//472 480//480 
f 479//479 470//470 480//480 
f 477//477 479//479 498//498 
f 480//480 498//498 479//479 
f 477//477 498//498 489//489 
f 447//447 532//532 534//534 
f 448//448 532//532 447//447 
f 458//458 545//545 549//549 
f 458//458 449//449 546//546 
f 545//545 458//458 546//546 
f 549//549 550//550 457//457 
f 436//436 460//460 527//527 
f 481//481 436//436 527//527 
f 460//460 457//457 550//550 
f 460//460 550//550 527//527 
f 465//465 484//484 483//483 
f 485//485 540//540 484//484 
f 497//497 478//478 486//486 
f 486//486 487//487 528//528 
f 482//482 529//529 487//487 
f 487//487 529//529 528//528 
f 482//482 530//530 529//529 
f 497//497 491//491 478//478 
f 486//486 528//528 497//497 
f 494//494 540//540 485//485 
f 488//488 477//477 489//489 
f 537//537 489//489 498//498 
f 488//488 489//489 537//537 
f 491//491 490//490 473//473 
f 906//906 501//501 448//448 
f 448//448 932//932 906//906 
f 474//474 504//504 510//510 
f 535//535 525//525 474//474 
f 481//481 527//527 544//544 
f 483//483 484//484 539//539 
f 496//496 491//491 497//497 
f 490//490 491//491 495//495 
f 491//491 496//496 495//495 
f 523//523 532//532 448//448 
f 496//496 522//522 495//495 
f 496//496 533//533 522//522 
f 488//488 537//537 493//493 
f 500//500 933//933 480//480 
f 480//480 933//933 514//514 
f 448//448 499//499 523//523 
f 504//504 474//474 505//505 
f 474//474 525//525 505//505 
f 499//499 448//448 501//501 
f 501//501 906//906 502//502 
f 910//910 907//907 508//508 
f 508//508 907//907 903//903 
f 501//501 502//502 509//509 
f 512//512 911//911 924//924 
f 928//928 912//912 511//511 
f 933//933 913//913 937//937 
f 503//503 914//914 934//934 
f 912//912 915//915 511//511 
f 935//935 917//917 916//916 
f 511//511 504//504 513//513 
f 915//915 504//504 511//511 
f 504//504 505//505 513//513 
f 505//505 525//525 516//516 
f 505//505 516//516 513//513 
f 495//495 506//506 490//490 
f 506//506 495//495 517//517 
f 499//499 501//501 507//507 
f 929//929 918//918 908//908 
f 930//930 925//925 919//919 
f 926//926 904//904 920//920 
f 909//909 947//947 922//922 
f 921//921 947//947 909//909 
f 923//923 518//518 905//905 
f 948//948 518//518 923//923 
f 499//499 519//519 523//523 
f 949//949 519//519 499//499 
f 938//938 927//927 936//936 
f 931//931 936//936 927//927 
f 933//933 937//937 514//514 
f 936//936 940//940 938//938 
f 941//941 515//515 939//939 
f 937//937 943//943 514//514 
f 942//942 946//946 944//944 
f 517//517 495//495 520//520 
f 950//950 517//517 520//520 
f 954//954 952//952 951//951 
f 526//526 480//480 514//514 
f 514//514 943//943 526//526 
f 522//522 520//520 495//495 
f 953//953 955//955 521//521 
f 959//959 524//524 956//956 
f 522//522 957//957 520//520 
f 958//958 523//523 519//519 
f 958//958 960//960 523//523 
f 546//546 449//449 434//434 
f 533//533 961//961 522//522 
f 523//523 960//960 532//532 
f 546//546 434//434 542//542 
f 542//542 434//434 534//534 
f 536//536 537//537 498//498 
f 946//946 962//962 944//944 
f 963//963 945//945 525//525 
f 498//498 480//480 526//526 
f 481//481 544//544 456//456 
f 531//531 530//530 492//492 
f 528//528 529//529 554//554 
f 493//493 540//540 494//494 
f 539//539 484//484 552//552 
f 497//497 533//533 496//496 
f 964//964 532//532 960//960 
f 532//532 965//965 534//534 
f 497//497 541//541 533//533 
f 534//534 965//965 541//541 
f 498//498 526//526 536//536 
f 963//963 525//525 536//536 
f 536//536 525//525 535//535 
f 543//543 493//493 537//537 
f 535//535 456//456 544//544 
f 544//544 536//536 535//535 
f 544//544 537//537 536//536 
f 527//527 550//550 548//548 
f 483//483 539//539 538//538 
f 483//483 538//538 492//492 
f 492//492 538//538 531//531 
f 559//559 530//530 531//531 
f 559//559 531//531 538//538 
f 530//530 551//551 529//529 
f 529//529 551//551 554//554 
f 497//497 528//528 541//541 
f 540//540 493//493 543//543 
f 552//552 484//484 556//556 
f 556//556 484//484 540//540 
f 541//541 542//542 534//534 
f 541//541 528//528 554//554 
f 541//541 554//554 553//553 
f 553//553 542//542 541//541 
f 543//543 556//556 540//540 
f 537//537 544//544 547//547 
f 555//555 543//543 537//537 
f 556//556 543//543 555//555 
f 527//527 548//548 544//544 
f 548//548 547//547 544//544 
f 548//548 565//565 547//547 
f 537//537 547//547 555//555 
f 547//547 566//566 555//555 
f 566//566 547//547 565//565 
f 550//550 557//557 548//548 
f 550//550 549//549 557//557 
f 538//538 539//539 558//558 
f 538//538 558//558 559//559 
f 552//552 556//556 572//572 
f 553//553 546//546 542//542 
f 551//551 560//560 554//554 
f 546//546 562//562 545//545 
f 561//561 546//546 553//553 
f 561//561 562//562 546//546 
f 571//571 553//553 554//554 
f 560//560 569//569 554//554 
f 576//576 556//556 555//555 
f 555//555 566//566 576//576 
f 545//545 562//562 549//549 
f 571//571 561//561 553//553 
f 561//561 574//574 562//562 
f 576//576 566//566 585//585 
f 562//562 563//563 549//549 
f 549//549 563//563 557//557 
f 539//539 552//552 558//558 
f 559//559 558//558 567//567 
f 530//530 559//559 567//567 
f 568//568 551//551 530//530 
f 568//568 560//560 551//551 
f 552//552 579//579 558//558 
f 579//579 552//552 572//572 
f 579//579 570//570 558//558 
f 569//569 571//571 554//554 
f 568//568 578//578 560//560 
f 560//560 578//578 569//569 
f 576//576 572//572 556//556 
f 575//575 561//561 571//571 
f 561//561 575//575 574//574 
f 564//564 548//548 557//557 
f 563//563 564//564 557//557 
f 582//582 566//566 565//565 
f 565//565 548//548 582//582 
f 577//577 564//564 563//563 
f 564//564 586//586 548//548 
f 577//577 587//587 564//564 
f 562//562 573//573 563//563 
f 563//563 573//573 577//577 
f 530//530 567//567 568//568 
f 567//567 558//558 570//570 
f 590//590 579//579 572//572 
f 580//580 571//571 569//569 
f 574//574 573//573 562//562 
f 574//574 584//584 573//573 
f 593//593 576//576 585//585 
f 566//566 582//582 585//585 
f 548//548 586//586 582//582 
f 573//573 583//583 577//577 
f 577//577 583//583 587//587 
f 586//586 564//564 587//587 
f 579//579 599//599 570//570 
f 590//590 597//597 579//579 
f 579//579 597//597 599//599 
f 567//567 570//570 599//599 
f 568//568 567//567 589//589 
f 568//568 589//589 578//578 
f 575//575 571//571 588//588 
f 588//588 571//571 580//580 
f 569//569 578//578 580//580 
f 572//572 576//576 590//590 
f 590//590 576//576 593//593 
f 575//575 581//581 574//574 
f 574//574 581//581 584//584 
f 581//581 591//591 584//584 
f 581//581 575//575 588//588 
f 583//583 573//573 584//584 
f 583//583 584//584 595//595 
f 582//582 586//586 594//594 
f 585//585 582//582 607//607 
f 582//582 594//594 607//607 
f 595//595 587//587 583//583 
f 580//580 601//601 588//588 
f 580//580 600//600 601//601 
f 578//578 600//600 580//580 
f 598//598 589//589 567//567 
f 590//590 614//614 597//597 
f 614//614 590//590 593//593 
f 581//581 592//592 591//591 
f 581//581 588//588 592//592 
f 601//601 592//592 588//588 
f 584//584 591//591 595//595 
f 605//605 593//593 585//585 
f 585//585 607//607 605//605 
f 587//587 606//606 586//586 
f 596//596 595//595 591//591 
f 603//603 591//591 592//592 
f 603//603 608//608 591//591 
f 592//592 601//601 602//602 
f 586//586 606//606 594//594 
f 595//595 609//609 587//587 
f 595//595 596//596 609//609 
f 587//587 609//609 606//606 
f 596//596 610//610 609//609 
f 596//596 618//618 610//610 
f 567//567 599//599 598//598 
f 598//598 599//599 611//611 
f 599//599 597//597 611//611 
f 578//578 612//612 600//600 
f 612//612 578//578 589//589 
f 600//600 613//613 601//601 
f 600//600 612//612 613//613 
f 604//604 602//602 601//601 
f 614//614 611//611 597//597 
f 591//591 608//608 596//596 
f 602//602 603//603 592//592 
f 604//604 601//601 613//613 
f 602//602 604//604 603//603 
f 614//614 593//593 617//617 
f 608//608 618//618 596//596 
f 620//620 609//609 610//610 
f 609//609 620//620 606//606 
f 632//632 607//607 594//594 
f 605//605 617//617 593//593 
f 607//607 632//632 641//641 
f 608//608 615//615 618//618 
f 618//618 619//619 610//610 
f 623//623 589//589 598//598 
f 623//623 598//598 624//624 
f 623//623 612//612 589//589 
f 612//612 626//626 613//613 
f 604//604 613//613 625//625 
f 613//613 626//626 625//625 
f 614//614 617//617 628//628 
f 611//611 614//614 635//635 
f 614//614 628//628 635//635 
f 598//598 611//611 635//635 
f 603//603 615//615 608//608 
f 603//603 604//604 616//616 
f 616//616 615//615 603//603 
f 615//615 616//616 630//630 
f 616//616 627//627 630//630 
f 616//616 604//604 627//627 
f 604//604 625//625 627//627 
f 605//605 607//607 641//641 
f 615//615 631//631 618//618 
f 619//619 618//618 631//631 
f 641//641 629//629 605//605 
f 610//610 619//619 620//620 
f 606//606 621//621 594//594 
f 621//621 632//632 594//594 
f 620//620 622//622 606//606 
f 606//606 622//622 621//621 
f 621//621 622//622 647//647 
f 632//632 621//621 647//647 
f 620//620 634//634 622//622 
f 634//634 647//647 622//622 
f 624//624 598//598 635//635 
f 628//628 653//653 635//635 
f 612//612 639//639 626//626 
f 615//615 630//630 631//631 
f 630//630 627//627 638//638 
f 625//625 626//626 640//640 
f 627//627 625//625 640//640 
f 605//605 629//629 617//617 
f 628//628 617//617 629//629 
f 631//631 633//633 619//619 
f 619//619 633//633 620//620 
f 631//631 630//630 646//646 
f 620//620 633//633 634//634 
f 645//645 633//633 631//631 
f 636//636 623//623 624//624 
f 639//639 651//651 626//626 
f 626//626 651//651 640//640 
f 637//637 635//635 653//653 
f 653//653 628//628 629//629 
f 637//637 624//624 635//635 
f 637//637 636//636 624//624 
f 612//612 623//623 639//639 
f 637//637 653//653 667//667 
f 638//638 627//627 640//640 
f 638//638 646//646 630//630 
f 642//642 629//629 641//641 
f 644//644 629//629 642//642 
f 629//629 644//644 643//643 
f 653//653 629//629 643//643 
f 646//646 645//645 631//631 
f 645//645 649//649 633//633 
f 654//654 646//646 638//638 
f 638//638 640//640 655//655 
f 638//638 655//655 654//654 
f 645//645 648//648 649//649 
f 646//646 648//648 645//645 
f 662//662 642//642 641//641 
f 634//634 650//650 647//647 
f 661//661 632//632 647//647 
f 647//647 650//650 661//661 
f 632//632 661//661 660//660 
f 644//644 642//642 657//657 
f 657//657 642//642 662//662 
f 649//649 634//634 633//633 
f 634//634 649//649 650//650 
f 632//632 660//660 662//662 
f 663//663 649//649 648//648 
f 646//646 658//658 648//648 
f 652//652 623//623 636//636 
f 652//652 636//636 664//664 
f 636//636 637//637 667//667 
f 623//623 652//652 639//639 
f 652//652 675//675 639//639 
f 665//665 640//640 651//651 
f 664//664 636//636 667//667 
f 667//667 653//653 666//666 
f 675//675 652//652 664//664 
f 640//640 665//665 655//655 
f 665//665 669//669 655//655 
f 653//653 643//643 656//656 
f 644//644 656//656 643//643 
f 657//657 656//656 644//644 
f 653//653 656//656 666//666 
f 632//632 662//662 641//641 
f 648//648 658//658 659//659 
f 659//659 663//663 648//648 
f 658//658 646//646 654//654 
f 659//659 670//670 663//663 
f 654//654 668//668 658//658 
f 654//654 655//655 668//668 
f 681//681 657//657 662//662 
f 663//663 672//672 649//649 
f 663//663 670//670 672//672 
f 665//665 651//651 679//679 
f 665//665 679//679 669//669 
f 675//675 651//651 639//639 
f 664//664 667//667 677//677 
f 655//655 669//669 668//668 
f 668//668 669//669 680//680 
f 682//682 656//656 657//657 
f 682//682 657//657 681//681 
f 666//666 689//689 667//667 
f 689//689 666//666 656//656 
f 659//659 658//658 671//671 
f 670//670 659//659 671//671 
f 671//671 658//658 668//668 
f 671//671 668//668 678//678 
f 661//661 686//686 660//660 
f 650//650 673//673 661//661 
f 660//660 686//686 674//674 
f 662//662 660//660 674//674 
f 681//681 662//662 674//674 
f 672//672 673//673 649//649 
f 649//649 673//673 650//650 
f 671//671 683//683 670//670 
f 670//670 683//683 672//672 
f 661//661 673//673 686//686 
f 689//689 656//656 676//676 
f 690//690 664//664 677//677 
f 689//689 677//677 667//667 
f 678//678 668//668 680//680 
f 683//683 671//671 678//678 
f 691//691 678//678 680//680 
f 679//679 651//651 675//675 
f 683//683 678//678 684//684 
f 684//684 678//678 691//691 
f 669//669 679//679 688//688 
f 680//680 669//669 688//688 
f 656//656 682//682 676//676 
f 683//683 685//685 672//672 
f 683//683 693//693 685//685 
f 693//693 683//683 684//684 
f 672//672 685//685 673//673 
f 673//673 695//695 686//686 
f 687//687 695//695 673//673 
f 709//709 686//686 695//695 
f 673//673 685//685 687//687 
f 677//677 689//689 712//712 
f 690//690 675//675 664//664 
f 690//690 677//677 714//714 
f 675//675 690//690 679//679 
f 690//690 688//688 679//679 
f 712//712 714//714 677//677 
f 689//689 701//701 712//712 
f 676//676 701//701 689//689 
f 688//688 699//699 680//680 
f 692//692 691//691 680//680 
f 680//680 699//699 692//692 
f 699//699 703//703 692//692 
f 697//697 682//682 681//681 
f 682//682 704//704 676//676 
f 701//701 676//676 704//704 
f 697//697 704//704 682//682 
f 705//705 701//701 704//704 
f 693//693 698//698 685//685 
f 694//694 693//693 684//684 
f 694//694 684//684 691//691 
f 707//707 691//691 692//692 
f 681//681 674//674 696//696 
f 674//674 686//686 696//696 
f 697//697 681//681 696//696 
f 685//685 698//698 687//687 
f 695//695 710//710 709//709 
f 687//687 710//710 695//695 
f 698//698 710//710 687//687 
f 706//706 693//693 694//694 
f 690//690 700//700 688//688 
f 745//745 700//700 690//690 
f 745//745 690//690 714//714 
f 700//700 699//699 688//688 
f 700//700 702//702 699//699 
f 701//701 713//713 712//712 
f 705//705 713//713 701//701 
f 707//707 694//694 691//691 
f 706//706 694//694 708//708 
f 708//708 694//694 707//707 
f 702//702 703//703 699//699 
f 707//707 692//692 703//703 
f 704//704 697//697 749//749 
f 693//693 706//706 698//698 
f 698//698 706//706 711//711 
f 696//696 686//686 729//729 
f 696//696 729//729 697//697 
f 698//698 711//711 710//710 
f 706//706 717//717 711//711 
f 709//709 710//710 726//726 
f 717//717 716//716 711//711 
f 710//710 711//711 715//715 
f 711//711 716//716 715//715 
f 710//710 715//715 726//726 
f 729//729 686//686 727//727 
f 709//709 727//727 686//686 
f 727//727 709//709 726//726 
f 703//703 702//702 742//742 
f 703//703 742//742 707//707 
f 700//700 743//743 702//702 
f 743//743 742//742 702//702 
f 742//742 720//720 707//707 
f 769//769 720//720 742//742 
f 744//744 769//769 742//742 
f 715//715 728//728 726//726 
f 718//718 716//716 717//717 
f 728//728 715//715 716//716 
f 716//716 718//718 731//731 
f 731//731 719//719 734//734 
f 719//719 724//724 738//738 
f 717//717 721//721 718//718 
f 706//706 708//708 717//717 
f 707//707 720//720 708//708 
f 717//717 708//708 720//720 
f 717//717 720//720 721//721 
f 719//719 718//718 721//721 
f 719//719 731//731 718//718 
f 723//723 719//719 721//721 
f 769//769 722//722 720//720 
f 722//722 721//721 720//720 
f 722//722 723//723 721//721 
f 724//724 719//719 723//723 
f 769//769 770//770 722//722 
f 770//770 723//723 722//722 
f 770//770 771//771 723//723 
f 724//724 771//771 772//772 
f 723//723 771//771 724//724 
f 772//772 738//738 724//724 
f 725//725 749//749 697//697 
f 697//697 735//735 725//725 
f 725//725 735//735 740//740 
f 749//749 725//725 750//750 
f 726//726 728//728 730//730 
f 727//727 726//726 730//730 
f 728//728 731//731 732//732 
f 728//728 716//716 731//731 
f 727//727 730//730 733//733 
f 730//730 728//728 732//732 
f 730//730 732//732 733//733 
f 729//729 727//727 733//733 
f 733//733 732//732 737//737 
f 697//697 729//729 735//735 
f 735//735 729//729 736//736 
f 736//736 729//729 733//733 
f 732//732 731//731 734//734 
f 737//737 732//732 734//734 
f 736//736 733//733 737//737 
f 739//739 737//737 734//734 
f 735//735 736//736 740//740 
f 740//740 736//736 741//741 
f 736//736 737//737 741//741 
f 739//739 734//734 738//738 
f 738//738 734//734 719//719 
f 741//741 737//737 739//739 
f 739//739 778//778 741//741 
f 739//739 776//776 778//778 
f 738//738 776//776 739//739 
f 712//712 713//713 753//753 
f 743//743 744//744 742//742 
f 747//747 745//745 714//714 
f 745//745 743//743 700//700 
f 755//755 773//773 744//744 
f 745//745 746//746 743//743 
f 743//743 746//746 744//744 
f 746//746 755//755 744//744 
f 747//747 714//714 712//712 
f 712//712 753//753 747//747 
f 747//747 748//748 745//745 
f 745//745 748//748 746//746 
f 744//744 773//773 769//769 
f 704//704 749//749 705//705 
f 705//705 751//751 713//713 
f 705//705 749//749 752//752 
f 749//749 750//750 752//752 
f 762//762 750//750 781//781 
f 713//713 751//751 753//753 
f 752//752 751//751 705//705 
f 752//752 750//750 762//762 
f 751//751 767//767 753//753 
f 762//762 767//767 751//751 
f 752//752 762//762 751//751 
f 754//754 738//738 772//772 
f 756//756 773//773 755//755 
f 774//774 773//773 756//756 
f 757//757 754//754 772//772 
f 782//782 779//779 758//758 
f 758//758 754//754 757//757 
f 779//779 754//754 758//758 
f 759//759 756//756 755//755 
f 756//756 760//760 757//757 
f 759//759 746//746 748//748 
f 755//755 746//746 759//759 
f 759//759 760//760 756//756 
f 761//761 757//757 760//760 
f 767//767 762//762 763//763 
f 758//758 761//761 764//764 
f 761//761 758//758 757//757 
f 763//763 762//762 781//781 
f 782//782 763//763 781//781 
f 764//764 763//763 782//782 
f 764//764 782//782 758//758 
f 747//747 753//753 765//765 
f 747//747 765//765 748//748 
f 759//759 748//748 766//766 
f 748//748 765//765 766//766 
f 753//753 767//767 765//765 
f 765//765 767//767 766//766 
f 759//759 766//766 760//760 
f 766//766 767//767 768//768 
f 766//766 768//768 760//760 
f 764//764 761//761 768//768 
f 768//768 761//761 760//760 
f 768//768 767//767 763//763 
f 764//764 768//768 763//763 
f 773//773 770//770 769//769 
f 770//770 773//773 774//774 
f 771//771 770//770 774//774 
f 771//771 774//774 775//775 
f 775//775 772//772 771//771 
f 774//774 756//756 775//775 
f 756//756 757//757 775//775 
f 757//757 772//772 775//775 
f 750//750 725//725 777//777 
f 750//750 777//777 781//781 
f 740//740 777//777 725//725 
f 741//741 778//778 740//740 
f 776//776 779//779 778//778 
f 776//776 754//754 779//779 
f 754//754 776//776 738//738 
f 780//780 781//781 777//777 
f 740//740 780//780 777//777 
f 780//780 740//740 778//778 
f 779//779 782//782 778//778 
f 782//782 781//781 780//780 
f 778//778 782//782 780//780 
