#
# Compatibility version : 4.3
# File ID : FJ4003
# Representation ID : BP28997
# Build-up logic : FMA 3.0 is_a
# Concept ID : FMA52936
# English name : Right posterior superior alveolar nerve
# Bounds(mm): (-35.113300,-144.082400,1470.362200)-(-25.564900,-130.926300,1508.201900)
# Volume(cm3): 0.019100
#
v -35.0907 -135.054 1472.13
v -35.0983 -134.974 1472.21
v -35.085 -134.958 1472.08
v -35.0908 -134.912 1472.23
v -35.074 -135.01 1472.07
v -35.0679 -134.892 1472.17
v -35.0277 -135.109 1472.14
v -35.0261 -135.06 1472.06
v -35.0257 -134.967 1472.05
v -34.976 -135.108 1472.14
v -34.9769 -135.055 1472.07
v -34.9748 -134.962 1472.06
v -34.9132 -135.029 1472.19
v -34.9074 -134.899 1472.26
v -35.0678 -135.001 1472.31
v -35.0041 -135.059 1472.3
v -34.9006 -134.979 1472.45
v -35.0203 -134.899 1472.12
v -34.9725 -134.902 1472.13
v -35.0261 -134.726 1472.61
v -34.923 -134.717 1472.53
v -34.9203 -134.535 1472.93
v -34.8574 -134.637 1472.75
v -34.7694 -134.299 1473.48
v -34.7774 -134.355 1473.96
v -34.6395 -134.33 1473.78
v -34.6819 -134.302 1474.14
v -34.5221 -134.052 1474.62
v -34.72 -134 1474.17
v -34.7565 -133.969 1474.58
v -34.7345 -133.917 1474.44
v -34.504 -133.862 1474.72
v -34.5232 -133.704 1474.94
v -34.6789 -133.728 1475.01
v -34.571 -133.905 1475.16
v -34.4741 -133.894 1475.13
v -34.6209 -133.743 1475.39
v -34.5334 -133.551 1475.27
v -34.5641 -133.445 1475.65
v -34.478 -133.301 1476.56
v -34.0338 -142.85 1473.29
v -34.0394 -142.559 1473.65
v -34.0228 -141.705 1474.23
v -34.0472 -141.581 1474.39
v -34.0317 -141.192 1474.83
v -34.0424 -140.74 1475.14
v -34.4201 -133.214 1476.18
v -34.3287 -133.178 1476.33
v -34.2558 -133.419 1476.26
v -34.4282 -133.396 1476.52
v -34.3285 -133.42 1476.56
v -34.2212 -133.312 1476.84
v -34.2421 -133.207 1476.45
v -34.1318 -133.118 1477.04
v -34.3684 -133.075 1477.35
v -34.2764 -133.142 1477.44
v -34.1779 -133.148 1477.48
v -34.0737 -133.005 1477.98
v -34.4263 -133.076 1477
v -34.364 -132.966 1477
v -34.1672 -132.942 1477.16
v -34.1856 -132.764 1477.61
v -34.0639 -133.03 1477.72
v -34.2395 -132.642 1478.36
v -34.1754 -132.977 1478.13
v -34.1801 -132.628 1478.11
v -34.0758 -132.649 1478.1
v -34.205 -132.729 1478.73
v -34.2119 -132.611 1478.79
v -34.0754 -132.815 1478.92
v -34.1743 -132.563 1478.45
v -34.0817 -132.537 1478.48
v -34.0721 -132.426 1479.03
v -34.0804 -132.39 1479.36
v -34.1042 -132.507 1479.82
v -34.0653 -132.351 1479.9
v -33.9807 -144.016 1472.2
v -33.9836 -143.933 1472.23
v -33.9235 -144.07 1472.2
v -33.926 -144.015 1472.15
v -33.9259 -143.966 1472.15
v -33.926 -143.865 1472.23
v -33.8735 -144.07 1472.21
v -33.8769 -144.02 1472.15
v -33.8763 -143.968 1472.15
v -33.875 -143.896 1472.2
v -33.8205 -144.015 1472.2
v -33.8189 -143.941 1472.22
v -33.9949 -143.969 1472.29
v -34.0024 -143.733 1472.55
v -33.9526 -144.059 1472.25
v -33.9728 -144.003 1472.32
v -33.9247 -144.058 1472.3
v -33.9274 -143.966 1472.4
v -33.8793 -144.078 1472.25
v -33.8756 -144.049 1472.31
v -33.8737 -143.775 1472.58
v -33.8292 -144.043 1472.25
v -33.828 -144 1472.31
v -33.807 -144 1472.26
v -33.816 -143.665 1472.56
v -33.9254 -143.411 1472.67
v -33.8739 -143.404 1472.7
v -33.9753 -143.174 1473.16
v -33.9249 -143.18 1473.17
v -33.879 -142.703 1473.35
v -33.9754 -142.595 1473.43
v -33.8355 -142.773 1473.36
v -33.8349 -142.646 1473.56
v -33.859 -142.394 1473.84
v -33.976 -141.963 1474.25
v -33.9201 -141.685 1474.49
v -33.8382 -141.84 1474.15
v -33.9261 -141.544 1474.32
v -33.9692 -140.766 1475.24
v -33.8019 -140.433 1475.28
v -33.8711 -140.239 1475.36
v -33.7857 -140.337 1475.5
v -34.0089 -139.917 1475.84
v -33.8166 -140.179 1475.69
v -34.018 -139.872 1475.78
v -33.9832 -139.93 1475.65
v -33.6966 -138.556 1476.93
v -33.8278 -138.514 1477.07
v -33.8288 -138.149 1477
v -33.922 -138.024 1477.18
v -33.7297 -138.195 1477.3
v -33.7311 -137.97 1477.16
v -33.924 -137.626 1477.64
v -33.8806 -137.853 1477.57
v -33.677 -137.691 1477.7
v -33.6368 -137.681 1477.53
v -33.8235 -137.232 1478.12
v -33.7301 -137.33 1478.06
v -33.6748 -137.022 1477.95
v -33.8204 -136.937 1478.03
v -33.7292 -137.05 1477.9
v -33.8624 -136.687 1478.52
v -33.7737 -136.649 1478.66
v -33.6749 -136.622 1478.7
v -33.6792 -136.236 1478.63
v -33.8562 -136.339 1478.69
v -33.7739 -136.207 1478.68
v -33.7277 -136.234 1479.07
v -33.7232 -135.994 1478.86
v -33.7768 -135.995 1479.26
v -33.7261 -135.626 1479.23
v -33.6756 -135.635 1479.21
v -33.8219 -135.666 1479.48
v -33.791 -135.459 1479.48
v -33.7254 -135.308 1480
v -33.8026 -135.012 1480.1
v -33.6748 -134.794 1480.11
v -33.728 -134.366 1480.67
v -33.7754 -134.115 1481.23
v -33.7383 -134.176 1481.3
v -33.6754 -134.085 1480.97
v -33.6711 -134.078 1481.51
v -33.7433 -134.006 1481.5
v -33.76 -133.566 1481.87
v -33.723 -133.407 1481.98
v -33.7471 -133.461 1482.26
v -33.6775 -133.427 1482.46
v -33.6665 -132.759 1483.67
v -33.6419 -132.799 1484.92
v -33.9846 -132.733 1478.18
v -34.0246 -132.865 1478.69
v -33.9287 -132.762 1479.22
v -33.9021 -132.758 1478.99
v -33.9773 -132.747 1479.39
v -33.8128 -132.625 1479.51
v -33.8172 -132.587 1479.39
v -34.0228 -132.677 1479.69
v -33.8778 -132.685 1479.8
v -33.8711 -132.613 1480.69
v -33.7126 -132.565 1480.65
v -33.9567 -132.485 1481.16
v -33.8588 -132.555 1481.65
v -33.6754 -132.613 1481.97
v -33.8893 -132.432 1482.27
v -33.7547 -132.674 1483.22
v -33.7438 -132.629 1483.12
v -33.7869 -132.409 1483.58
v -33.7653 -132.61 1483.74
v -33.7187 -132.692 1483.79
v -33.6534 -132.49 1484.93
v -33.9784 -132.481 1478.86
v -33.8824 -132.492 1479.14
v -33.9755 -132.341 1479.5
v -33.8739 -132.357 1479.63
v -33.9756 -132.274 1480.05
v -33.8754 -132.253 1480.21
v -33.7199 -132.377 1480.37
v -34.0104 -132.315 1480.69
v -33.9848 -132.263 1480.56
v -33.7748 -132.25 1480.59
v -33.8758 -132.197 1480.97
v -33.7736 -132.205 1481.01
v -33.9429 -132.325 1481.61
v -33.8763 -132.204 1481.54
v -33.8569 -132.271 1482.38
v -33.7754 -132.18 1482.01
v -33.6716 -132.193 1482.21
v -33.7765 -132.217 1482.62
v -33.6754 -132.211 1482.91
v -33.7194 -132.306 1483.62
v -33.5952 -137.075 1478.13
v -33.5956 -136.254 1478.67
v -33.6257 -135.881 1479.42
v -33.5301 -135.807 1479.17
v -33.5807 -135.461 1479.41
v -33.5319 -135.674 1479.55
v -33.5812 -135.3 1480.03
v -33.5083 -135.105 1479.85
v -33.4762 -135.172 1479.89
v -33.5731 -134.613 1480.31
v -33.4706 -134.553 1480.49
v -33.5296 -134.676 1480.74
v -33.4559 -134.551 1480.78
v -33.6275 -134.538 1480.94
v -33.5256 -134.136 1480.9
v -33.5247 -134.362 1481.14
v -33.4175 -134.08 1481.21
v -33.5772 -134.198 1481.38
v -33.6208 -134.061 1480.97
v -33.5719 -133.963 1481.7
v -33.5277 -133.728 1481.42
v -33.4779 -133.91 1481.72
v -33.4428 -133.786 1481.45
v -33.4265 -133.853 1481.7
v -33.2979 -133.323 1488.74
v -33.2283 -133.355 1489.33
v -33.6209 -133.593 1481.6
v -33.4087 -133.515 1481.91
v -33.5312 -133.437 1482.48
v -33.4795 -133.23 1482.17
v -33.4288 -133.42 1482.37
v -33.2629 -133.046 1485.94
v -33.4147 -133.185 1487.31
v -33.4316 -133.075 1487.71
v -33.2799 -133.17 1488.93
v -33.387 -133.071 1482.75
v -33.6207 -132.782 1483.61
v -33.6215 -132.744 1483.75
v -33.5674 -132.771 1483.9
v -33.5733 -132.776 1483.64
v -33.4691 -132.754 1483.75
v -33.5841 -132.817 1484.41
v -33.3081 -132.794 1484.75
v -33.3326 -132.927 1485.19
v -33.5228 -132.959 1485.52
v -33.4016 -133.023 1485.65
v -33.6155 -132.691 1485.76
v -33.4664 -132.708 1486.67
v -33.4377 -132.911 1487.49
v -33.5771 -132.561 1482.09
v -33.5144 -132.429 1482.24
v -33.5754 -132.666 1482.92
v -33.4894 -132.633 1483.08
v -33.4498 -132.574 1483.09
v -33.4198 -132.772 1483
v -33.4045 -132.702 1483.54
v -33.3993 -132.618 1483.32
v -33.374 -132.541 1483.67
v -33.4001 -132.66 1483.72
v -33.3758 -132.617 1483.77
v -33.3763 -132.454 1483.91
v -33.5308 -132.328 1484.21
v -33.4112 -132.398 1484.33
v -33.5582 -132.483 1485.29
v -33.3699 -132.546 1485.9
v -33.6218 -132.257 1481.71
v -33.5122 -132.302 1482.78
v -33.5728 -132.245 1483.17
v -33.0275 -133.627 1489.46
v -32.9493 -133.615 1489.23
v -32.8696 -133.728 1490.12
v -33.0311 -133.59 1490.34
v -32.9695 -133.678 1490.25
v -32.8243 -133.695 1491.44
v -33.0234 -133.389 1487.98
v -32.9574 -133.302 1487.92
v -33.2295 -133.408 1488.13
v -33.1736 -133.503 1489.16
v -33.0758 -133.313 1490.22
v -33.0078 -133.49 1490.7
v -32.9125 -133.225 1490.59
v -32.8345 -133.49 1491.59
v -33.0109 -133.031 1487.23
v -33.0029 -132.945 1487.75
v -33.0833 -132.885 1488.03
v -33.1417 -132.918 1488.43
v -33.1315 -133.1 1489.4
v -32.9589 -133.07 1489.5
v -33.2152 -132.822 1485.42
v -33.1673 -132.797 1485.83
v -32.5314 -133.849 1492.51
v -32.7744 -133.704 1489.98
v -32.7223 -133.815 1491.35
v -32.6219 -133.849 1491.33
v -32.7117 -133.651 1492.16
v -32.4911 -133.76 1493.03
v -32.4353 -133.501 1493.29
v -32.4352 -133.592 1493.39
v -32.7675 -133.396 1489.07
v -32.7258 -133.551 1489.56
v -32.7438 -133.243 1489.4
v -32.6851 -133.235 1490.34
v -32.5688 -133.409 1490.38
v -32.816 -133.201 1490.62
v -32.732 -133.209 1490.58
v -32.7741 -133.378 1491.65
v -32.6793 -133.267 1491.35
v -32.5806 -133.283 1491.43
v -32.5251 -133.312 1491.31
v -32.4653 -133.343 1492.49
v -32.8375 -133.118 1489.34
v -32.414 -133.895 1492.02
v -32.4237 -133.909 1492.59
v -32.2191 -133.948 1493.12
v -32.1147 -133.933 1493.18
v -32.3142 -133.88 1493.44
v -32.0748 -133.94 1494.08
v -32.0434 -133.766 1494.81
v -32.4188 -133.839 1491.66
v -32.195 -133.748 1492.25
v -32.1923 -133.632 1492.2
v -32.3913 -133.685 1493.57
v -32.1089 -133.395 1494.11
v -32.3224 -133.368 1492.39
v -32.2537 -133.447 1492.25
v -31.8269 -133.859 1493.92
v -31.903 -133.96 1494.24
v -32.0069 -133.893 1494.61
v -31.6447 -133.803 1496.07
v -32.0048 -133.494 1493.31
v -32.0291 -133.383 1494.02
v -31.9527 -133.403 1494.79
v -31.9949 -133.65 1495.09
v -31.9959 -133.553 1495.06
v -31.9441 -133.44 1495.01
v -31.778 -133.374 1495.1
v -31.6908 -133.455 1496.02
v -31.5908 -133.918 1495.05
v -31.5458 -133.924 1495.84
v -31.4422 -133.876 1496.41
v -31.2808 -133.9 1496.29
v -31.4695 -133.659 1496.84
v -31.2692 -133.735 1497.31
v -31.594 -133.722 1494.63
v -31.617 -133.571 1494.65
v -31.5889 -133.425 1495.16
v -31.5714 -133.356 1495.99
v -31.4765 -133.346 1496.01
v -31.2494 -133.452 1496.11
v -31.4696 -133.552 1496.88
v -31.1304 -133.823 1496.46
v -31.0245 -133.674 1496.61
v -31.0747 -133.862 1497.22
v -30.9228 -133.763 1498.09
v -30.8584 -133.563 1498.7
v -31.0065 -133.559 1496.69
v -30.9039 -133.383 1497.25
v -31.1738 -133.295 1497.41
v -31.0073 -133.279 1497.39
v -31.0584 -133.381 1498.12
v -30.8579 -133.459 1498.77
v -30.5605 -133.74 1498.49
v -30.6533 -133.752 1498.61
v -30.5377 -133.57 1499.48
v -30.4289 -133.65 1499.47
v -30.503 -133.124 1499.47
v -30.2703 -133.586 1499.03
v -30.3815 -133.308 1498.74
v -30.3931 -133.176 1499.01
v -30.2632 -133.446 1498.95
v -30.3639 -133.085 1499.49
v -30.4011 -133.396 1500.06
v -30.2684 -133.221 1500.47
v -29.9182 -133.52 1500.15
v -29.9182 -133.433 1501.09
v -29.7774 -133.492 1501.03
v -29.915 -133.306 1501.33
v -29.6653 -132.948 1501.07
v -29.7326 -132.863 1501.56
v -29.6589 -132.85 1501.5
v -29.6194 -132.88 1502.15
v -29.6048 -133.445 1501.21
v -29.5121 -133.365 1501.96
v -29.2733 -133.327 1502.29
v -29.4073 -133.11 1501.4
v -29.3006 -133.244 1501.72
v -29.1214 -133.255 1502.39
v -28.9884 -133.208 1503.19
v -28.9799 -133.079 1503.65
v -29.0422 -132.808 1503.8
v -28.8702 -131.737 1502.45
v -28.955 -131.717 1503.52
v -28.8881 -131.748 1503.98
v -28.862 -131.906 1503.74
v -28.8654 -131.585 1499.35
v -28.8914 -131.605 1499.87
v -29.0221 -131.468 1500.67
v -28.8639 -131.631 1500.47
v -28.9893 -131.552 1501.05
v -28.8618 -131.651 1501.47
v -29.0275 -131.556 1501.83
v -29.0797 -131.431 1502.13
v -29.0412 -131.457 1502.81
v -29.0264 -131.598 1502.83
v -28.9235 -131.338 1503.21
v -28.9593 -131.602 1503.54
v -28.8476 -131.632 1504.03
v -28.9674 -131.347 1499.94
v -28.8394 -131.166 1499.68
v -29.0155 -131.423 1500.37
v -28.8723 -131.063 1500.31
v -29.0404 -131.312 1500.61
v -29.0009 -131.214 1500.46
v -29.073 -131.387 1501.18
v -29.041 -131.184 1501.14
v -28.9773 -131.093 1500.99
v -28.8677 -130.998 1500.99
v -29.0729 -131.263 1501.53
v -28.9644 -131.071 1501.46
v -28.9819 -131.139 1502.12
v -29.0454 -131.312 1502.46
v -28.9686 -131.211 1502.62
v -28.8678 -131.146 1502.73
v -28.7889 -133.105 1503.86
v -28.5972 -133.077 1503.98
v -28.5254 -132.408 1504.74
v -28.5368 -132.437 1504.94
v -28.5453 -132.414 1505.09
v -28.5243 -132.479 1505.09
v -28.5275 -132.539 1505.15
v -28.4774 -132.404 1505.59
v -28.5527 -132.347 1504.73
v -28.6663 -132.169 1504.92
v -28.5552 -132.165 1505.31
v -28.4763 -132.022 1497.85
v -28.659 -131.919 1503.26
v -28.5208 -131.802 1502.92
v -28.769 -131.999 1503.76
v -28.7482 -131.865 1504.58
v -28.6458 -131.739 1504.67
v -28.5096 -131.986 1505.23
v -28.4679 -131.796 1505.02
v -28.5123 -131.87 1497.48
v -28.6398 -131.807 1498.11
v -28.7256 -131.759 1499.06
v -28.6117 -131.832 1498.96
v -28.7718 -131.708 1499.55
v -28.6657 -131.738 1499.68
v -28.6671 -131.667 1500.54
v -28.6715 -131.665 1501.61
v -28.4824 -131.584 1501.74
v -28.7187 -131.731 1502.24
v -28.5316 -131.683 1502.31
v -28.7759 -131.309 1503.54
v -28.792 -131.488 1503.94
v -28.4754 -131.29 1503.72
v -28.6704 -131.526 1504.25
v -28.6221 -131.406 1504.03
v -28.5243 -131.607 1504.6
v -28.5965 -131.5 1498.09
v -28.5749 -131.329 1498.39
v -28.4709 -131.222 1498.53
v -28.7939 -131.515 1498.81
v -28.7781 -131.3 1499.06
v -28.6277 -131.166 1499.02
v -28.4766 -131.118 1498.99
v -28.824 -131.007 1501.97
v -28.4813 -131.033 1502.15
v -28.6825 -131.044 1502.55
v -28.5726 -131.091 1502.84
v -28.6738 -131.207 1503.35
v -28.6802 -131.063 1499.59
v -28.768 -130.995 1500.31
v -28.615 -130.981 1500.03
v -28.4737 -130.97 1500.4
v -28.6328 -130.934 1500.82
v -28.777 -130.956 1501.44
v -28.5204 -130.955 1501.23
v -28.6282 -130.955 1501.73
v -28.2644 -132.813 1505.51
v -28.2034 -132.83 1505.72
v -28.2166 -132.835 1505.54
v -28.1115 -132.858 1505.58
v -28.0691 -132.884 1505.75
v -28.09 -133.013 1506.59
v -28.0634 -132.81 1506.62
v -28.2724 -132.447 1504.74
v -28.2164 -132.426 1504.8
v -28.185 -132.569 1504.72
v -28.3798 -132.657 1505.55
v -28.446 -132.621 1505.37
v -28.4022 -132.732 1505.38
v -28.3107 -132.746 1505.69
v -28.4043 -132.61 1505.7
v -28.3525 -132.391 1505.88
v -28.2654 -132.706 1506.18
v -28.1727 -132.386 1506.13
v -28.0725 -132.445 1496.57
v -28.3254 -132.334 1504.58
v -28.2254 -132.382 1504.74
v -28.1147 -132.159 1504.48
v -28.3208 -132.022 1505.52
v -28.1041 -132.21 1505.96
v -28.1562 -132.412 1496.36
v -28.2767 -132.099 1497.85
v -28.1771 -132.046 1498.02
v -28.3796 -131.916 1498.64
v -28.3331 -131.924 1503.65
v -28.3682 -131.72 1504.96
v -28.2247 -131.94 1505.46
v -28.124 -131.841 1505.25
v -28.2604 -131.991 1496.54
v -28.1854 -131.872 1496.53
v -28.3859 -131.736 1497.17
v -28.0659 -131.948 1498.15
v -28.2272 -131.846 1498.73
v -28.1336 -131.75 1498.79
v -28.4199 -131.73 1499.55
v -28.2642 -131.501 1499.95
v -28.4248 -131.547 1500.73
v -28.3824 -131.459 1501.58
v -28.4034 -131.576 1502.33
v -28.3261 -131.39 1502.21
v -28.3529 -131.643 1502.86
v -28.2673 -131.492 1502.99
v -28.2664 -131.388 1503
v -28.2595 -131.369 1503.35
v -28.2206 -131.645 1503.44
v -28.2034 -131.528 1503.47
v -28.225 -131.534 1504.36
v -28.3374 -131.576 1504.62
v -28.2196 -131.612 1497.1
v -28.3839 -131.442 1497.75
v -28.2735 -131.398 1497.73
v -28.1205 -131.39 1497.72
v -28.3644 -131.201 1498.52
v -28.2307 -131.184 1498.75
v -28.102 -131.495 1499.17
v -28.0509 -131.385 1498.89
v -28.2512 -131.128 1499.69
v -28.1813 -131.315 1499.76
v -28.2023 -131.212 1499.77
v -28.2979 -131.163 1500.73
v -28.3862 -131.039 1501.06
v -28.3111 -131.353 1500.84
v -28.3222 -131.275 1501.4
v -28.3389 -131.164 1501.61
v -28.3905 -131.096 1501.99
v -28.3255 -131.236 1502.23
v -28.4209 -131.141 1502.78
v -28.3819 -131.05 1499.52
v -27.6824 -133.543 1506.89
v -27.7289 -133.521 1507.36
v -27.8517 -133.409 1506.9
v -27.8449 -133.293 1507.15
v -27.6836 -133.102 1507.29
v -27.6955 -133.356 1507.43
v -28.0119 -132.899 1505.67
v -27.9708 -132.822 1505.46
v -27.8375 -132.827 1505.72
v -27.7842 -132.733 1506.85
v -27.6281 -132.999 1494.99
v -28.0355 -132.472 1505.04
v -28.019 -132.688 1505.07
v -27.9995 -132.785 1505.22
v -27.8151 -132.522 1505.39
v -27.7817 -132.669 1505.59
v -27.9664 -132.699 1506.67
v -27.8515 -132.799 1495.08
v -27.8446 -132.797 1495.38
v -27.8977 -132.332 1505.07
v -27.8132 -132.247 1505.2
v -27.8277 -132.076 1505.24
v -27.9235 -132.174 1505.94
v -27.8232 -132.19 1505.92
v -27.7884 -132.156 1495.43
v -27.9662 -132.366 1496.91
v -27.673 -132.362 1496.64
v -28.018 -131.908 1504.45
v -28.0345 -131.747 1504.58
v -27.9119 -131.967 1505.34
v -27.7731 -131.743 1496.54
v -27.7858 -131.638 1497.56
v -27.6638 -131.851 1497.17
v -27.9376 -131.754 1498.22
v -28.0152 -131.625 1496.88
v -27.9247 -131.469 1497.77
v -27.4275 -134.001 1507.78
v -27.4057 -133.971 1507.95
v -27.4127 -133.843 1507.98
v -27.3204 -134.117 1507.93
v -27.3211 -133.97 1508.08
v -27.2958 -134.118 1507.74
v -27.2761 -134.101 1508.03
v -27.4178 -133.598 1506.92
v -27.4275 -133.526 1507.84
v -27.275 -133.772 1508.12
v -27.3839 -133.202 1507.58
v -27.3838 -133.476 1493.37
v -27.4947 -132.796 1506.12
v -27.6203 -132.728 1506.9
v -27.3387 -133.118 1493.15
v -27.5588 -133.083 1493.78
v -27.5114 -132.541 1506.4
v -27.4026 -132.688 1506.41
v -27.5824 -132.594 1506.66
v -27.5306 -132.833 1495.48
v -27.2345 -132.512 1494.3
v -27.6033 -132.131 1495.35
v -27.4178 -132.16 1495.34
v -27.601 -132.141 1496.82
v -27.4777 -131.998 1496.15
v -27.1488 -134.141 1507.68
v -26.9911 -134.07 1507.61
v -27.2236 -134.159 1507.98
v -27.2223 -134.069 1508.1
v -27.2207 -133.921 1508.16
v -27.1787 -134.193 1507.88
v -27.1789 -134.146 1508.03
v -27.1282 -134.194 1507.79
v -27.123 -134.179 1507.98
v -27.1239 -134.12 1508.08
v -27.1237 -134.02 1508.16
v -27.0774 -134.202 1507.88
v -27.0263 -134.185 1507.78
v -27.0272 -134.148 1508.03
v -27.0254 -134.073 1508.12
v -27.0236 -134.017 1508.16
v -26.9769 -134.173 1507.93
v -26.9272 -134.112 1508.03
v -26.9256 -134.024 1508.12
v -26.9285 -133.964 1508.16
v -26.8799 -134.123 1507.78
v -27.0753 -133.915 1508.2
v -26.8341 -134.443 1490.25
v -27.1148 -133.594 1507.11
v -27.1889 -133.614 1508.09
v -27.0391 -133.561 1508.08
v -26.9262 -133.62 1508.12
v -26.9397 -133.526 1508.02
v -26.8293 -133.675 1508.1
v -26.8786 -133.676 1508.13
v -27.1734 -133.819 1508.19
v -27.1721 -133.721 1508.16
v -27.0753 -133.768 1508.2
v -27.0779 -133.669 1508.16
v -26.9691 -133.815 1508.19
v -26.9787 -133.672 1508.16
v -27.0557 -133.978 1491.52
v -27.0218 -134.095 1491.69
v -26.9152 -134.152 1491.82
v -27.2262 -133.24 1507.66
v -27.1823 -133.072 1507.33
v -27.0098 -133.636 1491.68
v -26.9214 -133.745 1493.01
v -27.2167 -133.04 1493.07
v -26.8008 -132.943 1493.44
v -27.0974 -132.528 1494.95
v -27.0995 -132.576 1494.22
v -27.0762 -132.529 1494.62
v -26.4967 -140.356 1470.41
v -26.4794 -140.307 1470.41
v -26.4728 -140.403 1470.4
v -26.4727 -140.354 1470.38
v -26.5053 -140.399 1470.46
v -26.5156 -140.347 1470.47
v -26.5069 -140.344 1470.61
v -26.482 -140.283 1470.9
v -26.5003 -140.3 1470.46
v -26.4913 -140.238 1470.75
v -26.4716 -140.433 1470.46
v -26.4685 -140.39 1470.63
v -26.4723 -140.271 1470.47
v -26.4756 -140.159 1471.17
v -26.4626 -135.276 1487.47
v -26.5758 -135.08 1488.45
v -26.6283 -134.9 1489.44
v -26.8166 -133.987 1507.66
v -26.7389 -133.894 1507.71
v -26.8315 -134.092 1507.93
v -26.8284 -134.042 1508.03
v -26.8287 -133.972 1508.09
v -26.8292 -133.871 1508.13
v -26.7776 -134.032 1507.78
v -26.7678 -134.025 1507.93
v -26.7764 -133.975 1508.03
v -26.7757 -133.914 1508.07
v -26.711 -133.936 1507.83
v -26.709 -133.881 1507.97
v -26.6078 -134.436 1489.35
v -26.7117 -134.542 1489.5
v -26.5291 -134.395 1491.19
v -26.6919 -134.323 1491.44
v -26.8277 -133.767 1508.13
v -26.8288 -133.624 1508.07
v -26.8375 -133.546 1507.97
v -26.7499 -133.782 1508.06
v -26.7722 -133.681 1508.06
v -26.74 -133.632 1507.96
v -26.8096 -133.511 1507.8
v -26.6974 -133.773 1507.96
v -26.7531 -133.68 1507.65
v -26.7175 -133.655 1507.81
v -26.6806 -133.79 1507.86
v -26.5645 -134.172 1489.84
v -26.7782 -134.186 1490.23
v -26.6909 -133.819 1492.63
v -26.8379 -133.683 1491.29
v -26.7714 -133.431 1491.8
v -26.8115 -133.307 1493.68
v -26.7965 -133.067 1493.84
v -26.7143 -133.088 1493.45
v -26.4253 -140.432 1470.41
v -26.4236 -140.404 1470.38
v -26.4254 -140.357 1470.36
v -26.4274 -140.309 1470.37
v -26.4256 -140.272 1470.4
v -26.3755 -140.405 1470.39
v -26.3773 -140.359 1470.37
v -26.376 -140.307 1470.38
v -26.3284 -140.4 1470.45
v -26.3284 -140.354 1470.4
v -26.4252 -140.448 1470.46
v -26.419 -140.408 1470.63
v -26.4253 -140.244 1470.46
v -26.3765 -140.437 1470.47
v -26.3597 -140.358 1470.78
v -26.328 -140.395 1470.52
v -26.3754 -140.243 1470.45
v -26.3024 -140.351 1470.47
v -26.2776 -140.269 1470.84
v -26.2934 -140.292 1470.88
v -26.2861 -140.218 1470.74
v -26.4242 -140.168 1470.75
v -26.3254 -140.054 1471.09
v -26.4098 -139.98 1471.47
v -26.3401 -139.533 1473.53
v -26.094 -139.576 1473.58
v -26.2263 -139.438 1474.2
v -26.2769 -139.173 1474.46
v -26.1903 -138.712 1476.55
v -26.1915 -138.59 1476.61
v -26.1328 -138.161 1478.46
v -26.124 -137.924 1478.87
v -26.0911 -137.6 1480.55
v -26.1126 -137.369 1480.81
v -26.1679 -136.594 1483.41
v -26.0924 -136.51 1483.16
v -26.1698 -136.575 1483.93
v -26.1343 -136.241 1485.45
v -26.2106 -136.195 1485.38
v -26.2741 -136.045 1485.52
v -26.2455 -135.825 1486.78
v -26.0835 -135.756 1485.2
v -26.2364 -135.833 1485.41
v -26.3795 -135.653 1486.68
v -26.3193 -135.474 1486.49
v -26.3387 -135.74 1486.78
v -26.4198 -135.052 1487.66
v -26.3205 -135.059 1487.4
v -26.3726 -135.195 1488.88
v -26.2248 -135.14 1489.04
v -26.174 -134.574 1488.53
v -26.2452 -134.587 1490.4
v -26.1322 -134.112 1490.42
v -26.0689 -134.357 1490.25
v -26.1378 -134.362 1490.53
v -26.4068 -133.977 1491.84
v -26.3823 -133.794 1490.86
v -26.3297 -133.751 1491.18
v -26.242 -133.916 1491.26
v -26.3407 -133.85 1491.77
v -26.4087 -133.573 1491.97
v -26.0295 -139.002 1474.68
v -25.9141 -139.033 1475.04
v -25.9202 -139.059 1475.25
v -25.9301 -138.903 1475.18
v -25.9712 -138.907 1476.16
v -26.0482 -138.403 1476.69
v -25.825 -138.271 1477.21
v -25.7593 -138.43 1477.31
v -25.7803 -138.414 1477.66
v -25.8229 -138.161 1478.85
v -25.8779 -137.873 1478.38
v -25.7084 -138.029 1478.29
v -25.6656 -137.935 1478.88
v -26.0442 -138.12 1478.97
v -25.6967 -137.794 1479.92
v -25.6526 -137.775 1479.73
v -25.8906 -137.729 1480.47
v -25.6798 -137.58 1479.58
v -25.6308 -137.537 1479.95
v -25.7287 -137.403 1480
v -26.0311 -137.226 1482.1
v -25.731 -137.219 1482.12
v -25.8307 -136.728 1483.9
v -25.9475 -136.812 1481.89
v -25.7855 -136.68 1482.22
v -25.6982 -136.362 1483.32
v -25.6827 -136.66 1483.86
v -25.7884 -136.33 1485.12
v -26.029 -136.316 1485.31
v -25.732 -136.072 1485.72
v -25.6464 -135.824 1485.89
v -26.0271 -135.833 1486.88
v -25.9267 -135.782 1484.97
v -25.7059 -135.423 1486.6
v -25.9686 -135.645 1487.39
v -25.9289 -135.343 1488.1
v -25.7894 -135.344 1486.49
v -25.797 -135.205 1487.93
v -25.7898 -135.037 1487.95
v -25.9206 -134.911 1488.99
v -26.0368 -134.991 1489.16
v -25.9109 -134.668 1488.7
v -26.0417 -134.439 1489.13
v -25.9413 -134.562 1489.32
v -25.8919 -134.779 1489.01
v -25.5902 -137.294 1481.14
v -25.6165 -136.971 1481.62
v -25.631 -137.154 1482.04
v -25.5717 -136.913 1482.17
v -25.6007 -136.601 1483.67
v -25.6041 -136.226 1484.11
v -25.5913 -136.164 1484.58
v -35.0907 -135.054 1472.13
v -35.0907 -135.054 1472.13
v -35.0907 -135.054 1472.13
v -35.085 -134.958 1472.08
v -35.085 -134.958 1472.08
v -35.074 -135.01 1472.07
v -35.074 -135.01 1472.07
v -35.0277 -135.109 1472.14
v -35.0277 -135.109 1472.14
v -35.0277 -135.109 1472.14
v -35.0261 -135.06 1472.06
v -35.0261 -135.06 1472.06
v -35.0257 -134.967 1472.05
v -34.976 -135.108 1472.14
v -34.976 -135.108 1472.14
v -34.9769 -135.055 1472.07
v -34.9769 -135.055 1472.07
v -34.9748 -134.962 1472.06
v -34.9748 -134.962 1472.06
v -34.9006 -134.979 1472.45
v -34.9725 -134.902 1472.13
v -34.72 -134 1474.17
v -34.6789 -133.728 1475.01
v -34.5334 -133.551 1475.27
v -34.0394 -142.559 1473.65
v -34.3285 -133.42 1476.56
v -34.3285 -133.42 1476.56
v -34.1779 -133.148 1477.48
v -34.1754 -132.977 1478.13
v -34.0754 -132.815 1478.92
v -33.9807 -144.016 1472.2
v -33.9807 -144.016 1472.2
v -33.9836 -143.933 1472.23
v -33.9836 -143.933 1472.23
v -33.9235 -144.07 1472.2
v -33.926 -144.015 1472.15
v -33.926 -144.015 1472.15
v -33.9259 -143.966 1472.15
v -33.9259 -143.966 1472.15
v -33.9259 -143.966 1472.15
v -33.926 -143.865 1472.23
v -33.8735 -144.07 1472.21
v -33.8735 -144.07 1472.21
v -33.8769 -144.02 1472.15
v -33.8769 -144.02 1472.15
v -33.8769 -144.02 1472.15
v -33.8763 -143.968 1472.15
v -33.8763 -143.968 1472.15
v -33.875 -143.896 1472.2
v -33.8205 -144.015 1472.2
v -33.9526 -144.059 1472.25
v -33.9247 -144.058 1472.3
v -33.807 -144 1472.26
v -33.816 -143.665 1472.56
v -33.816 -143.665 1472.56
v -33.9254 -143.411 1472.67
v -33.8739 -143.404 1472.7
v -33.879 -142.703 1473.35
v -33.8355 -142.773 1473.36
v -33.8349 -142.646 1473.56
v -33.9261 -141.544 1474.32
v -33.6775 -133.427 1482.46
v -33.6665 -132.759 1483.67
v -33.6665 -132.759 1483.67
v -33.6419 -132.799 1484.92
v -33.7126 -132.565 1480.65
v -33.6754 -132.613 1481.97
v -33.7547 -132.674 1483.22
v -33.7438 -132.629 1483.12
v -33.7438 -132.629 1483.12
v -33.7653 -132.61 1483.74
v -33.7653 -132.61 1483.74
v -33.7653 -132.61 1483.74
v -33.7653 -132.61 1483.74
v -33.7187 -132.692 1483.79
v -33.5952 -137.075 1478.13
v -33.5319 -135.674 1479.55
v -33.4559 -134.551 1480.78
v -33.2629 -133.046 1485.94
v -33.4147 -133.185 1487.31
v -33.6215 -132.744 1483.75
v -33.6215 -132.744 1483.75
v -33.5733 -132.776 1483.64
v -33.5733 -132.776 1483.64
v -33.4691 -132.754 1483.75
v -33.4691 -132.754 1483.75
v -33.5841 -132.817 1484.41
v -33.3326 -132.927 1485.19
v -33.5771 -132.561 1482.09
v -33.5754 -132.666 1482.92
v -33.5754 -132.666 1482.92
v -33.5754 -132.666 1482.92
v -33.5754 -132.666 1482.92
v -33.4894 -132.633 1483.08
v -33.4498 -132.574 1483.09
v -33.4498 -132.574 1483.09
v -33.4045 -132.702 1483.54
v -33.3993 -132.618 1483.32
v -33.374 -132.541 1483.67
v -32.195 -133.748 1492.25
v -31.5889 -133.425 1495.16
v -29.6589 -132.85 1501.5
v -28.5254 -132.408 1504.74
v -28.5254 -132.408 1504.74
v -28.5254 -132.408 1504.74
v -28.5254 -132.408 1504.74
v -28.5254 -132.408 1504.74
v -28.5368 -132.437 1504.94
v -28.5243 -132.479 1505.09
v -28.5275 -132.539 1505.15
v -28.5275 -132.539 1505.15
v -28.5527 -132.347 1504.73
v -28.659 -131.919 1503.26
v -28.2724 -132.447 1504.74
v -28.2724 -132.447 1504.74
v -28.2724 -132.447 1504.74
v -28.3254 -132.334 1504.58
v -28.3254 -132.334 1504.58
v -28.2254 -132.382 1504.74
v -28.0119 -132.899 1505.67
v -28.0119 -132.899 1505.67
v -28.0119 -132.899 1505.67
v -28.0355 -132.472 1505.04
v -28.0355 -132.472 1505.04
v -26.3773 -140.359 1470.37
v -26.3773 -140.359 1470.37
v -26.376 -140.307 1470.38
v -26.376 -140.307 1470.38
v -26.376 -140.307 1470.38
v -26.3284 -140.354 1470.4
v -26.3284 -140.354 1470.4
v -26.3754 -140.243 1470.45
v -26.3024 -140.351 1470.47
v -26.2861 -140.218 1470.74
v -26.3254 -140.054 1471.09
v -26.4098 -139.98 1471.47
v -26.1328 -138.161 1478.46
v -26.0911 -137.6 1480.55
v -26.0482 -138.403 1476.69
v -26.0442 -138.12 1478.97
v -26.0311 -137.226 1482.1
vn -0.582442 -0.632392 -0.510727
vn -0.99795 -0.0595066 0.0235572
vn -0.979999 0.148341 -0.13265
vn -0.949444 0.309646 -0.0517331
vn -0.616501 -0.564346 -0.549035
vn -0.650492 0.702922 -0.287682
vn -0.544154 -0.695848 -0.468713
vn -0.582442 -0.632392 -0.510727
vn -0.0891274 -0.0565571 -0.994413
vn 0.0669704 -0.82148 -0.566291
vn 0.108751 -0.805072 -0.583122
vn 0.304712 -0.0383653 -0.951671
vn 0.94406 -0.24261 -0.223363
vn 0.85334 0.388685 -0.347469
vn -0.789594 -0.534108 0.302109
vn -0.184252 -0.91138 0.368017
vn 0.876311 -0.480455 0.0352411
vn -0.0552787 0.826562 -0.560124
vn 0.227238 0.803643 -0.55002
vn -0.832631 0.542772 -0.110109
vn 0.365714 0.826652 -0.427667
vn -0.302946 0.8892 -0.342852
vn 0.670533 0.633537 -0.386027
vn 0.399303 0.818403 -0.413248
vn -0.59563 -0.711283 0.373232
vn 0.984888 -0.136679 -0.10637
vn 0.197877 -0.920752 0.336246
vn 0.781875 -0.613 0.113589
vn -0.463291 0.841956 -0.276536
vn -0.988453 -0.0312807 0.148263
vn -0.706253 0.685235 -0.177932
vn 0.8735 0.386852 -0.295539
vn 0.529715 0.757926 -0.380723
vn -0.943967 0.330034 0.00180589
vn -0.253851 -0.895029 0.366719
vn 0.511981 -0.827841 0.229246
vn -0.782308 -0.543132 0.304961
vn -0.468058 0.843984 -0.261939
vn -0.670758 0.720927 -0.174207
vn -0.907741 -0.345418 0.2381
vn -0.894029 0.290001 -0.341484
vn -0.997529 -0.0530014 0.0461101
vn -0.654701 0.486286 -0.578699
vn -0.979233 0.131661 -0.154167
vn -0.855446 -0.324882 0.403316
vn -0.988411 -0.0840648 0.126398
vn -0.151359 0.94089 -0.303011
vn 0.433219 0.830627 -0.349828
vn 0.921303 -0.388487 -0.0167195
vn -0.639076 -0.702054 0.314169
vn 0.187715 -0.938275 0.290521
vn 0.54656 -0.823941 0.149643
vn 0.871753 0.406743 -0.273143
vn 0.98965 -0.00858947 -0.143246
vn -0.900029 -0.376269 0.219931
vn -0.477175 -0.829611 0.289912
vn 0.500086 -0.850561 0.162662
vn 0.356248 -0.919927 0.163775
vn -0.97875 0.194495 0.0649642
vn -0.597031 0.785768 -0.161623
vn 0.732569 0.617625 -0.286149
vn 0.148021 0.94403 -0.294782
vn 0.769383 -0.636182 0.0576495
vn -0.847622 0.529995 -0.0253489
vn -0.0239702 -0.973545 0.227233
vn -0.238578 0.946648 -0.216651
vn 0.560677 0.782997 -0.269365
vn -0.831756 -0.516986 0.202257
vn -0.983944 0.158865 0.0813362
vn -0.154638 -0.969448 0.190416
vn -0.509871 0.849702 -0.134305
vn 0.0970686 0.967947 -0.231637
vn -0.129593 0.97668 -0.171178
vn -0.622894 0.779805 -0.0625089
vn -0.971136 -0.206735 0.118973
vn -0.795887 0.605445 0.000852991
vn -0.740405 -0.617905 -0.264565
vn -0.986197 0.0555978 -0.155961
vn -0.131373 -0.990034 -0.0507255
vn -0.314065 -0.631011 -0.709357
vn -0.815402 -0.0414075 -0.577413
vn -0.559096 0.550014 -0.6204
vn 0.00214318 -0.985921 -0.167196
vn -0.0219925 -0.684198 -0.728965
vn -0.0039098 -0.0690733 -0.997604
vn -0.0626388 0.635668 -0.769417
vn 0.735482 -0.591859 -0.329804
vn 0.850686 0.293819 -0.435895
vn -0.976631 -0.211326 0.0391619
vn -0.871412 -0.35842 0.334928
vn -0.795919 -0.597226 0.0991663
vn -0.727421 -0.553948 0.404969
vn -0.060217 -0.891715 0.448575
vn -0.262253 -0.684846 0.67986
vn 0.127928 -0.981625 0.141589
vn 0.33496 -0.754891 0.563863
vn 0.565323 -0.565822 0.600213
vn 0.730954 -0.672341 0.116887
vn 0.760776 -0.484116 0.432263
vn 0.888555 -0.417032 0.191191
vn 0.915648 0.292186 -0.276073
vn -0.585517 0.546716 -0.598558
vn 0.796147 0.429221 -0.426519
vn -0.507806 -0.595863 0.622157
vn 0.109655 -0.675386 0.729267
vn 0.202496 0.657656 -0.725592
vn -0.319549 0.622057 -0.714796
vn 0.790687 0.411734 -0.453089
vn 0.838577 -0.369115 0.400678
vn 0.664963 -0.496797 0.557689
vn -0.392759 -0.601405 0.695739
vn 0.180478 -0.63548 0.750728
vn 0.772302 0.398629 -0.494616
vn -0.205002 0.6263 -0.752145
vn -0.42589 -0.56419 0.707324
vn 0.86493 0.292514 -0.407837
vn 0.246489 0.595813 -0.764362
vn 0.948941 -0.220751 0.225343
vn -0.892519 -0.263137 0.36629
vn 0.589384 -0.523603 0.615196
vn -0.98184 0.137243 -0.130976
vn -0.610664 0.503981 -0.610813
vn 0.865399 -0.345838 0.362603
vn -0.012614 -0.635821 0.771733
vn -0.221291 0.617902 -0.754471
vn -0.828833 0.376655 -0.413723
vn 0.517175 -0.56282 0.644797
vn 0.507816 0.525033 -0.682981
vn -0.992445 -0.0490066 0.112475
vn -0.669143 -0.457566 0.58556
vn 0.635755 -0.522106 0.568525
vn 0.962957 0.139066 -0.231031
vn -0.446491 -0.573594 0.686757
vn 0.122851 -0.657174 0.74366
vn 0.570531 0.518641 -0.636793
vn -0.491288 0.585515 -0.644832
vn 0.0662088 0.645934 -0.760517
vn -0.850235 -0.330913 0.409386
vn -0.36625 -0.625058 0.689321
vn 0.269943 -0.671996 0.689603
vn 0.134787 0.666098 -0.733585
vn -0.958867 0.214703 -0.185681
vn -0.528795 0.589401 -0.610723
vn -0.320475 -0.660948 0.67856
vn -0.186417 0.679765 -0.709344
vn -0.656438 -0.514245 0.551943
vn -0.414924 0.657819 -0.628579
vn 0.0449246 0.709933 -0.702835
vn -0.920505 -0.253104 0.297674
vn -0.768309 0.478342 -0.425312
vn -0.456097 -0.642556 0.615708
vn -0.998975 -0.0130477 0.0433536
vn -0.254431 0.725021 -0.640007
vn -0.775487 0.496495 -0.390016
vn -0.967049 -0.196679 0.161657
vn -0.757069 -0.507709 0.411192
vn -0.475931 0.697384 -0.535859
vn -0.428516 -0.73065 0.53153
vn -0.801536 -0.478977 0.357939
vn -0.98349 0.149602 -0.101815
vn -0.717129 0.575401 -0.393243
vn -0.879022 -0.397821 0.262791
vn -0.800475 -0.518363 0.300899
vn -0.0211519 -0.897466 0.440576
vn -0.798897 -0.601349 -0.0119091
vn 0.885176 0.412157 -0.215848
vn 0.174428 -0.971585 0.159993
vn 0.387326 -0.916848 0.0967949
vn 0.766708 -0.641563 0.0235821
vn -0.0602798 -0.983805 0.168802
vn 0.882401 -0.468417 -0.0442001
vn 0.990013 -0.0870735 -0.110868
vn -0.531488 -0.831545 0.161411
vn 0.32268 -0.942717 0.0846326
vn -0.217672 -0.973832 0.0653459
vn 0.441379 -0.897289 -0.00749764
vn -0.853862 -0.511895 0.0942437
vn -0.596095 -0.802515 0.0253138
vn 0.550388 -0.830443 -0.0862447
vn -0.970069 -0.233144 0.0678965
vn -0.930247 0.317132 -0.184574
vn -0.423246 -0.905928 -0.0125375
vn -0.971394 0.217216 0.0959737
vn -0.840747 -0.508391 0.186236
vn -0.77699 -0.628874 0.0283454
vn -0.813487 0.564575 0.13962
vn 0.505117 0.832721 -0.226785
vn 0.856655 0.4807 -0.18727
vn 0.0584451 0.98546 -0.159538
vn 0.61176 0.771385 -0.175255
vn -0.355142 0.932233 -0.0693994
vn 0.208396 0.971121 -0.116172
vn 0.911983 0.388579 -0.131501
vn -0.926869 0.369524 0.0660669
vn -0.675467 0.737321 0.0101193
vn 0.645708 0.753892 -0.12128
vn -0.205519 0.978186 -0.0302254
vn 0.323663 0.944133 -0.0620945
vn -0.992646 0.0880072 0.0831219
vn -0.631912 0.77366 0.0462275
vn -0.844057 0.529455 0.0851241
vn -0.112693 0.993478 0.0173878
vn 0.395964 0.918164 -0.0137031
vn -0.510657 0.856044 0.0801176
vn -0.0582112 0.995929 0.068823
vn -0.590363 0.797899 0.121774
vn 0.998188 -0.060017 -0.00419931
vn 0.695575 0.465566 -0.547197
vn 0.311462 -0.685777 0.6578
vn 0.910495 0.259551 -0.32192
vn 0.432876 0.633728 -0.641098
vn 0.563419 -0.616447 0.550047
vn 0.226981 -0.734214 0.639851
vn 0.761123 0.457277 -0.459988
vn 0.99748 0.0189635 -0.0683729
vn 0.316443 0.707788 -0.631585
vn 0.816532 0.425692 -0.389951
vn 0.428665 -0.703984 0.566262
vn 0.691255 -0.576729 0.435374
vn -0.131547 -0.771493 0.62249
vn 0.458786 0.68728 -0.563172
vn 0.44419 -0.718726 0.53491
vn 0.997186 0.0388751 -0.064097
vn 0.0572156 -0.796157 0.602379
vn -0.0476669 0.782262 -0.621123
vn 0.106957 -0.811617 0.574315
vn 0.320312 0.761764 -0.56313
vn 0.578055 -0.67134 0.463848
vn 0.777327 0.496022 -0.386943
vn 0.896829 -0.370999 0.240952
vn -0.935698 -0.346699 0.0653455
vn -0.980601 -0.151237 0.124694
vn -0.164184 0.804067 -0.571419
vn 0.918533 0.321584 -0.22996
vn 0.184604 -0.840098 0.510056
vn 0.561138 0.683003 -0.46758
vn 0.777527 -0.531872 0.335505
vn 0.211917 -0.96059 -0.179881
vn -0.82433 -0.566099 -0.00336882
vn -0.992273 -0.0815408 0.0935137
vn -0.951215 0.261399 0.163891
vn 0.997981 -0.0594214 0.0224059
vn -0.0485804 -0.920018 0.388854
vn 0.514277 -0.84873 -0.123196
vn -0.23416 -0.969933 -0.0663319
vn -0.171851 -0.894992 0.41165
vn 0.82492 -0.565245 -0.0023558
vn 0.514277 -0.84873 -0.123196
vn 0.817854 -0.555717 -0.149308
vn 0.720933 -0.673626 -0.162738
vn -0.543481 -0.83615 -0.0740371
vn 0.00372924 -0.988162 -0.15337
vn -0.972625 0.201844 0.115148
vn -0.673993 0.718107 0.173367
vn -0.906225 0.392161 0.158007
vn 0.528646 -0.846484 -0.0632268
vn 0.995129 -0.0215711 -0.0961957
vn -0.596093 0.673195 -0.437586
vn 0.739205 -0.649084 -0.179625
vn 0.957298 -0.263604 -0.118721
vn 0.819739 0.475004 -0.319997
vn 0.787175 -0.579049 0.212267
vn 0.923121 0.332979 -0.192281
vn 0.997813 -0.030294 -0.0587433
vn 0.839605 -0.543045 -0.0128433
vn 0.935288 -0.346464 -0.0721029
vn 0.918786 0.391729 -0.0488005
vn 0.0737686 0.992155 0.100931
vn 0.640846 0.767077 0.0301427
vn -0.379106 0.91237 0.154465
vn 0.190245 0.974839 0.116175
vn 0.787711 0.610879 -0.0796185
vn 0.796593 0.603286 -0.0385377
vn 0.445305 0.894969 0.0271076
vn -0.43179 -0.899899 -0.0611467
vn 0.00709352 -0.988753 -0.14939
vn -0.218078 -0.973343 -0.071027
vn -0.886457 -0.452008 0.0994095
vn -0.654281 -0.755626 0.0307532
vn -0.846856 -0.515723 0.129865
vn 0.489795 -0.848797 -0.199111
vn 0.867654 -0.461181 -0.185714
vn -0.469682 -0.878556 -0.0868221
vn -0.784688 -0.619464 0.0230149
vn -0.935932 0.296625 0.189856
vn -0.979251 -0.114528 0.167184
vn -0.336838 0.928534 0.156092
vn -0.959901 0.185219 0.210438
vn 0.991872 0.0558516 -0.114327
vn 0.872031 0.488478 -0.030835
vn 0.459928 0.885015 0.0722111
vn -0.132174 0.979029 0.155026
vn -0.675775 0.712133 0.190248
vn 0.205269 0.974404 0.0916632
vn 0.945092 -0.295879 -0.138766
vn 0.991298 0.0977266 -0.0881939
vn -0.692236 -0.712101 0.11714
vn 0.347513 -0.923028 -0.165089
vn -0.521793 -0.852355 0.0349584
vn -0.0258494 -0.9967 -0.0769531
vn -0.964175 -0.176802 0.197759
vn -0.866788 -0.461706 0.18843
vn -0.883672 0.411466 0.223204
vn -0.966609 0.0994923 0.236152
vn 0.981573 -0.109939 -0.156295
vn 0.873249 -0.444171 -0.200368
vn 0.893212 0.442366 -0.0805338
vn 0.558794 0.829237 -0.0106775
vn 0.955051 0.257928 -0.146116
vn -0.0420618 0.993485 0.105921
vn 0.312055 0.949157 0.0414983
vn -0.743875 0.638749 0.196596
vn -0.0395879 0.995547 0.085549
vn 0.272428 0.961857 0.0247883
vn 0.650039 0.757388 -0.0617546
vn -0.155746 0.984301 0.0830406
vn 0.640697 0.767699 0.012047
vn 0.131909 -0.987481 -0.0864903
vn -0.349955 -0.936024 0.0372919
vn -0.0495868 -0.998646 -0.015739
vn 0.416804 -0.900485 -0.1241
vn -0.681368 -0.715418 0.154641
vn -0.35562 -0.930576 0.0869614
vn -0.874452 -0.421783 0.239653
vn 0.563349 -0.806977 -0.177274
vn 0.82816 -0.518646 -0.212503
vn 0.962127 0.182415 -0.202577
vn -0.955342 -0.180767 0.233762
vn -0.32215 0.942562 0.0882937
vn 0.460935 0.885711 -0.0552776
vn 0.792676 0.594545 -0.134841
vn 0.809014 -0.54664 -0.216058
vn 0.0981593 -0.994978 -0.0195898
vn -0.639402 -0.746785 0.182969
vn -0.733151 -0.638187 0.234963
vn 0.72261 0.671559 -0.163837
vn 0.219526 0.974613 -0.0440281
vn -0.43951 0.891862 0.106838
vn -0.960629 -0.0732334 0.268007
vn -0.938251 0.233458 0.25531
vn -0.616078 0.771514 0.15879
vn -0.0298144 0.999495 -0.0109906
vn -0.844618 0.482735 0.231488
vn 0.524115 -0.84151 -0.131014
vn -0.27069 -0.956906 0.105157
vn -0.484111 -0.854241 0.189497
vn 0.308307 -0.949961 -0.0502025
vn -0.911883 -0.28607 0.294337
vn -0.740314 -0.612581 0.276909
vn 0.963332 -0.0406769 -0.265211
vn 0.872608 0.423708 -0.242954
vn 0.760213 0.612678 -0.216107
vn -0.254076 0.966412 0.0386514
vn 0.0780168 0.994783 -0.0657342
vn 0.73344 0.633056 -0.247602
vn -0.953929 0.0823744 0.288502
vn 0.746944 -0.636007 -0.193828
vn 0.942714 -0.183565 -0.278557
vn -0.0544142 -0.995203 0.0813075
vn -0.470515 -0.854367 0.220618
vn -0.859655 -0.398163 0.320092
vn 0.9066 0.301479 -0.295275
vn 0.700569 0.659298 -0.273
vn -0.469084 0.878553 0.0900313
vn 0.320214 0.934398 -0.156085
vn -0.877614 0.405015 0.256431
vn -0.943979 -0.0755095 0.321251
vn 0.386678 -0.921043 -0.0464727
vn -0.0724439 -0.990732 0.114903
vn -0.704286 -0.64016 0.30688
vn -0.368191 -0.902347 0.224067
vn -0.567847 0.815718 0.110244
vn 0.888091 -0.376185 -0.264159
vn 0.801995 0.505153 -0.318785
vn 0.511598 0.821737 -0.251031
vn 0.946305 0.0275102 -0.322104
vn 0.0137287 0.994038 -0.108168
vn -0.888061 -0.30181 0.346783
vn -0.941621 0.0496463 0.332995
vn 0.735695 -0.65081 -0.187612
vn -0.575675 -0.759999 0.301661
vn 0.0433502 -0.994062 0.0998077
vn -0.830207 -0.425584 0.360048
vn 0.514062 0.808294 -0.287056
vn -0.443587 0.895028 0.0464135
vn -0.218557 0.974694 -0.046944
vn -0.842188 0.479903 0.24579
vn 0.427571 -0.902856 -0.0451071
vn -0.261596 -0.940053 0.218788
vn 0.211573 -0.975963 0.0522717
vn 0.901955 0.241202 -0.358187
vn 0.914986 -0.270004 -0.299831
vn 0.60097 -0.790918 -0.115261
vn 0.00169922 -0.990077 0.140515
vn -0.595506 -0.733853 0.326853
vn -0.932034 -0.0680953 0.355916
vn -0.409658 -0.905346 -0.111929
vn -0.974156 -0.206263 0.0920619
vn -0.979572 0.0300743 0.198834
vn -0.792828 -0.608258 -0.0380268
vn -0.923637 -0.372425 -0.0905222
vn -0.743644 -0.668022 -0.0271859
vn -0.9035 -0.425182 -0.0539265
vn -0.429029 -0.90319 0.0135084
vn -0.672536 -0.738978 -0.0400866
vn -0.228984 -0.972018 -0.0524202
vn -0.840011 -0.541032 -0.0408177
vn -0.996426 -0.08246 0.018328
vn -0.989149 0.0992871 0.10829
vn -0.952678 -0.302928 0.0252965
vn -0.824588 0.524855 0.211143
vn -0.968414 0.175908 0.176722
vn -0.880888 0.384877 0.27551
vn -0.975535 0.162905 -0.147626
vn -0.766756 0.617129 -0.17674
vn -0.983329 -0.158735 -0.0887011
vn -0.669009 0.734329 -0.114836
vn -0.989725 0.121747 -0.0749853
vn -0.896365 0.429472 -0.109926
vn -0.987755 -0.151133 -0.0387267
vn -0.911991 0.408915 -0.0325795
vn -0.769046 0.636968 -0.0532886
vn -0.499275 0.865728 -0.0352063
vn -0.960275 0.278937 0.00811165
vn -0.708533 0.705263 0.0242111
vn -0.754428 0.651205 0.0822871
vn -0.935914 0.339134 0.0951486
vn -0.774736 0.614336 0.149584
vn -0.526068 0.831513 0.178434
vn -0.265885 -0.935607 0.232258
vn 0.343041 -0.93932 -0.00074543
vn -0.389958 0.920687 0.0163946
vn -0.684655 0.712106 0.155411
vn -0.94166 -0.335528 -0.0263895
vn -0.852345 0.456727 0.254772
vn -0.928977 0.183775 0.32129
vn -0.953636 -0.032398 0.299212
vn -0.592277 -0.788413 -0.166172
vn -0.964932 -0.203272 0.166095
vn -0.91069 0.204595 0.358865
vn -0.622132 -0.780856 0.0567051
vn 0.335499 -0.904928 -0.261811
vn 0.472508 -0.857466 -0.203685
vn -0.498996 -0.852345 -0.15656
vn -0.914209 0.252792 0.316731
vn -0.713207 0.586668 0.38361
vn -0.734051 0.511812 0.446338
vn -0.487509 0.749968 0.447082
vn -0.975486 -0.0401977 -0.216361
vn -0.931448 -0.344711 -0.116529
vn -0.664707 -0.747033 0.0103285
vn -0.335889 -0.935067 0.113256
vn -0.502724 -0.863497 0.0405148
vn -0.15065 -0.982982 0.105126
vn 0.119451 -0.991935 0.0423888
vn 0.215247 -0.97473 -0.0597504
vn 0.587087 -0.808351 -0.0435603
vn 0.107861 -0.984357 -0.139311
vn 0.475001 -0.871061 -0.125009
vn -0.544018 0.795499 0.266883
vn -0.696057 0.647998 0.309197
vn 0.139759 0.960009 0.242589
vn -0.558475 0.7477 0.359235
vn -0.323154 0.888995 0.324438
vn -0.38093 0.837388 0.392012
vn -0.844218 0.45313 -0.286304
vn -0.630382 0.725649 -0.275777
vn -0.352789 0.900286 -0.255001
vn -0.976162 0.0892788 -0.197832
vn -0.83097 0.508864 -0.224825
vn -0.527548 0.819723 -0.223042
vn -0.115617 0.977778 -0.174877
vn -0.40221 0.910825 0.0928726
vn 0.435013 0.896513 0.0838335
vn -0.167028 0.973979 0.153186
vn 0.159437 0.974278 0.159252
vn -0.231338 0.942991 0.239272
vn -0.436362 0.884499 -0.165075
vn -0.384545 0.918605 -0.0910534
vn -0.0837403 0.991198 -0.102536
vn 0.355295 0.934449 -0.0238982
vn -0.0635899 0.997737 -0.0218612
vn -0.313448 0.949205 0.0275928
vn 0.402612 0.914789 0.0326251
vn 0.0549944 0.995683 0.0747771
vn -0.58622 -0.78074 0.216313
vn -0.512378 -0.856106 -0.0674582
vn -0.390306 -0.908806 0.147422
vn -0.367316 -0.923601 0.109728
vn -0.353745 -0.921442 -0.160651
vn -0.937536 -0.210096 0.277281
vn -0.822756 0.256308 0.507325
vn 0.149645 0.970423 -0.189437
vn 0.676345 -0.489315 -0.550571
vn 0.824639 0.386936 -0.412614
vn -0.850799 -0.49697 0.170768
vn -0.883278 -0.394322 0.253633
vn -0.805854 -0.517944 0.28694
vn -0.77929 -0.624968 0.0460749
vn -0.90485 -0.402914 0.137498
vn -0.837566 0.303738 0.454122
vn -0.936162 -0.0213891 0.350917
vn -0.607631 0.581927 0.540505
vn -0.390612 -0.901731 0.18521
vn 0.353836 -0.84592 -0.399023
vn 0.000173326 -0.0525238 -0.99862
vn 0.696356 -0.584751 -0.416119
vn -0.495131 0.71074 0.499694
vn -0.278993 0.796704 0.536121
vn -0.790115 -0.612917 -0.00709833
vn -0.115346 -0.968517 0.220613
vn 0.251097 -0.925626 0.283136
vn 0.0986366 -0.971949 0.21351
vn 0.581234 -0.753976 -0.306083
vn -0.193697 0.888514 0.415961
vn -0.204488 0.860194 0.467174
vn 0.184442 0.917595 0.352138
vn -0.896117 0.300751 -0.326378
vn -0.69449 0.612755 -0.377113
vn -0.798644 0.503096 -0.330247
vn 0.541908 -0.78022 0.312398
vn 0.443787 -0.856563 0.263351
vn 0.716784 -0.64846 0.25636
vn 0.408297 -0.89465 0.181369
vn 0.844878 -0.508641 0.165727
vn 0.68898 -0.721228 0.0716722
vn 0.878343 -0.477837 -0.0136271
vn 0.754839 -0.646366 -0.111481
vn 0.968963 -0.236458 -0.0721022
vn 0.817704 -0.543823 -0.188723
vn 0.975462 -0.17249 -0.136828
vn 0.991539 0.109328 -0.0699805
vn 0.870981 0.491141 0.0131141
vn 0.913104 -0.332384 -0.236138
vn 0.987544 0.0992391 -0.122098
vn 0.504852 0.843713 0.18241
vn 0.0141543 0.942759 0.333176
vn -0.478636 0.803112 -0.35485
vn -0.554922 0.768703 -0.318053
vn -0.236973 0.927197 -0.290087
vn 0.161813 0.963833 -0.211759
vn -0.0362528 0.976743 -0.211326
vn 0.339726 0.933372 -0.115772
vn 0.947368 -0.247729 0.20279
vn 0.978258 0.124562 0.165815
vn 0.749657 0.661404 0.0236303
vn 0.990089 -0.039229 0.13485
vn 0.926698 0.366963 0.0810475
vn 0.957909 0.280612 0.060552
vn 0.705885 0.707518 0.0338289
vn 0.954129 -0.289387 0.0767661
vn 0.996951 -0.0767056 0.0143358
vn 0.957314 0.287412 0.030747
vn 0.780811 0.623293 0.0428985
vn 0.976673 0.214354 -0.0127066
vn 0.544946 0.830251 0.117122
vn 0.27523 0.957604 -0.0851117
vn -0.381331 -0.846371 -0.371809
vn -0.922232 -0.240274 0.302912
vn -0.769671 -0.636044 -0.0552755
vn -0.903731 -0.00152328 0.428098
vn -0.593307 0.504768 0.627053
vn -0.81894 0.184206 0.543512
vn 0.0996322 -0.992574 0.0697924
vn 0.639675 -0.740849 -0.204838
vn 0.60509 -0.643015 -0.469466
vn -0.361868 0.714104 0.599256
vn -0.383675 -0.896835 0.220183
vn 0.666942 0.57014 -0.479717
vn 0.913943 -0.0902971 -0.395671
vn 0.824933 -0.494662 -0.273485
vn 0.817394 -0.346563 -0.460176
vn 0.726403 -0.563181 -0.39391
vn -0.607108 0.537181 0.585539
vn -0.840842 -0.53975 -0.0406817
vn -0.637422 -0.76657 0.0778727
vn 0.794001 -0.421875 -0.437703
vn 0.922035 -0.138392 -0.361524
vn 0.928291 0.350796 -0.123358
vn 0.0369128 0.886725 0.46082
vn 0.379849 0.868189 0.319317
vn -0.465469 0.792603 -0.393851
vn 0.128051 -0.939574 0.317495
vn 0.542609 -0.747218 0.383721
vn 0.96971 -0.0464116 -0.239808
vn 0.881883 0.470684 -0.0271813
vn 0.659551 0.739518 0.134557
vn 0.305039 0.928267 -0.21277
vn 0.89288 0.441393 0.08909
vn 0.97305 0.0782437 0.216913
vn 0.853526 -0.431902 0.291468
vn -0.139667 0.93632 -0.322178
vn 0.605123 0.793188 -0.0684073
vn -0.814672 -0.577392 0.0541083
vn -0.847304 -0.372506 0.378571
vn -0.829363 0.0367946 0.557498
vn -0.646191 -0.746559 0.158386
vn -0.683099 -0.245538 0.687813
vn -0.500311 -0.835676 -0.226573
vn -0.569914 -0.633883 0.522868
vn 0.125541 -0.799558 -0.587321
vn -0.626614 0.423607 0.65415
vn -0.60959 0.20954 0.764521
vn -0.285487 0.707383 0.646611
vn -0.869002 -0.494487 -0.0178255
vn 0.818967 -0.299144 -0.489701
vn -0.0329711 0.838737 0.543538
vn -0.788874 0.492729 -0.367283
vn -0.972908 -0.0430201 -0.227154
vn 0.639641 0.747495 0.179195
vn 0.910353 0.384689 -0.152554
vn 0.276664 0.867911 0.412538
vn 0.151408 -0.919271 0.36334
vn 0.150037 0.940332 -0.305391
vn -0.0508732 0.939653 -0.338326
vn 0.39557 0.894708 -0.207416
vn 0.892057 -0.317338 0.321761
vn 0.726266 0.686484 -0.0357376
vn -0.0730449 -0.859835 -0.505319
vn 0.324937 -0.739139 -0.589992
vn -0.35382 -0.874837 0.330864
vn -0.3638 -0.551175 0.750903
vn -0.405582 -0.188594 0.894391
vn -0.284335 -0.957648 0.0454307
vn -0.241207 -0.797912 0.552409
vn -0.123894 -0.960449 -0.249374
vn -0.0308186 -0.933655 0.356846
vn -0.0647737 -0.741461 0.667862
vn -0.123549 -0.474936 0.871304
vn 0.0691821 -0.995815 0.0597154
vn 0.22288 -0.931263 -0.288224
vn 0.168783 -0.845567 0.506487
vn 0.152388 -0.660208 0.735461
vn 0.141557 -0.447376 0.883072
vn 0.327435 -0.928975 0.172603
vn 0.409377 -0.767349 0.493544
vn 0.388366 -0.560394 0.731526
vn 0.33684 -0.301139 0.892107
vn 0.51119 -0.816802 -0.267431
vn -0.0172162 -0.179064 0.983687
vn -0.974467 -0.209925 -0.0796654
vn 0.614155 -0.478961 -0.627224
vn -0.379074 0.577396 0.72313
vn -0.0444957 0.709485 0.703315
vn 0.24005 0.616771 0.749646
vn 0.25673 0.787905 0.559729
vn 0.55436 0.356363 0.752124
vn 0.375866 0.355198 0.855897
vn -0.310212 0.0706077 0.948042
vn -0.3364 0.356223 0.871746
vn -0.0542714 0.182639 0.981681
vn -0.126072 0.500025 0.856785
vn 0.257733 0.0368936 0.965512
vn 0.12392 0.414351 0.901641
vn -0.983492 -0.0848868 -0.159808
vn -0.796136 -0.602218 0.0591663
vn -0.442542 -0.868204 0.22445
vn 0.0573194 0.826499 0.560013
vn 0.390197 0.836671 0.384355
vn -0.817854 0.475013 -0.324773
vn 0.175486 -0.911155 0.372829
vn -0.537655 0.744152 -0.396442
vn 0.707271 0.700758 -0.0933125
vn 0.938925 0.317893 0.131772
vn 0.467496 0.861396 -0.198607
vn 0.758087 0.650975 -0.0391853
vn -0.851384 -0.0708038 -0.519742
vn -0.69537 0.471282 -0.542543
vn -0.555623 -0.529234 -0.641245
vn -0.548901 0.000183152 -0.835887
vn -0.874914 -0.473378 -0.102173
vn -0.982985 0.101833 -0.152873
vn -0.959567 -0.252857 0.123669
vn -0.92463 -0.35068 0.148604
vn -0.837345 0.503411 -0.213145
vn -0.926115 0.374883 -0.0421088
vn -0.48006 -0.875024 -0.0622526
vn -0.634759 -0.739219 0.225024
vn -0.607451 0.749569 -0.262965
vn -0.988318 0.151979 0.0114183
vn -0.972461 0.170487 -0.158913
vn -0.984863 -0.158522 -0.0701175
vn -0.799298 -0.594422 0.0882381
vn 0.628846 -0.553175 -0.546398
vn 0.866164 -0.242899 -0.436761
vn 0.611624 -0.776564 0.151212
vn 0.614596 -0.627741 0.477716
vn 0.58548 -0.42062 0.693031
vn 0.559385 -0.148655 0.81547
vn 0.761689 -0.606582 -0.227788
vn 0.806348 -0.564096 0.177763
vn 0.766841 -0.45301 0.454683
vn 0.7558 -0.251132 0.604731
vn 0.928381 -0.360621 -0.0897797
vn 0.918965 -0.24505 0.308957
vn -0.739494 0.595154 -0.314549
vn -0.938745 0.258169 -0.228269
vn 0.296468 -0.882696 0.364628
vn -0.0420817 -0.944336 0.326281
vn 0.552975 0.133497 0.822434
vn 0.510724 0.594417 0.621152
vn 0.537966 0.746353 0.391855
vn 0.791779 0.0121128 0.610688
vn 0.741611 0.319023 0.590116
vn 0.801894 0.51556 0.301935
vn 0.742602 0.659109 0.11882
vn 0.941385 0.156359 0.298909
vn 0.917655 0.0364782 -0.3957
vn 0.930045 0.364325 -0.0477812
vn 0.996049 -0.000136973 -0.0888102
vn -0.488032 0.799269 -0.350705
vn -0.771216 0.549515 -0.32134
vn 0.543772 -0.745405 0.385594
vn -0.588039 0.721273 -0.366028
vn -0.207569 0.905405 -0.370347
vn 0.817309 -0.451964 0.357399
vn 0.961435 -0.077239 0.263965
vn 0.94688 0.301542 0.11176
vn -0.0625457 -0.878678 -0.473299
vn -0.079214 -0.535151 -0.841034
vn -0.167616 -0.0862359 -0.982073
vn -0.234994 0.390713 -0.890012
vn -0.223005 0.78344 -0.580077
vn 0.428001 -0.663118 -0.614077
vn 0.274194 -0.399268 -0.874873
vn 0.0919949 0.192955 -0.976885
vn 0.754471 -0.615533 -0.2278
vn 0.736515 -0.42009 -0.53016
vn -0.0449455 -0.998508 -0.0309963
vn -0.0612119 -0.966916 0.247642
vn -0.303291 0.895164 -0.326644
vn 0.391927 -0.918843 -0.0460489
vn 0.450561 -0.874941 0.177409
vn 0.73257 -0.673209 0.100653
vn -0.049655 0.909652 -0.412393
vn 0.941637 -0.325374 -0.0863208
vn 0.912803 -0.408029 0.0173773
vn 0.742611 -0.667314 0.0567413
vn 0.728125 0.618453 -0.295551
vn -0.421919 0.879105 -0.221719
vn -0.17735 0.948224 -0.263475
vn -0.829915 0.547547 -0.106928
vn -0.964891 -0.236613 0.114016
vn 0.57083 -0.802357 0.174287
vn -0.276326 -0.923626 0.265631
vn -0.904296 0.420692 -0.0725673
vn -0.960687 -0.25476 0.110351
vn -0.961848 0.269922 -0.0446057
vn -0.99854 -0.0427362 0.0330375
vn -0.970258 0.236704 -0.0507095
vn -0.745335 -0.640685 0.184388
vn -0.976993 0.201251 -0.0705943
vn -0.98896 0.125321 -0.0790781
vn -0.835421 0.513513 -0.1959
vn -0.897299 -0.431212 0.0943977
vn -0.528444 -0.820926 0.216399
vn -0.757599 -0.637303 0.141026
vn -0.980391 -0.196744 -0.0111828
vn -0.582785 -0.788682 0.195809
vn -0.495684 0.814873 -0.300466
vn -0.869177 0.449722 -0.205624
vn -0.968584 -0.248027 -0.0180914
vn -0.835613 0.494266 -0.239693
vn -0.834481 -0.543042 0.0935263
vn -0.796815 0.537008 -0.276963
vn -0.624724 0.71872 -0.305224
vn -0.256058 -0.927336 0.272913
vn 0.26601 -0.904077 0.33449
vn -0.00608577 0.945175 -0.326509
vn 0.596186 -0.722826 0.349406
vn 0.89428 0.447322 -0.0129025
vn 0.984175 -0.0473909 0.170746
vn 0.870403 -0.40377 0.281724
vn 0.79808 -0.500253 0.33588
vn 0.348815 0.90139 -0.256562
vn 0.695832 0.707546 -0.123276
vn 0.979581 0.158409 0.123804
vn 0.965228 -0.110464 0.236923
vn 0.91745 0.395051 0.0471261
vn 0.372889 0.881108 -0.290864
vn 0.995825 0.0310577 -0.0858359
vn 0.851105 -0.518598 0.0817061
vn 0.812733 0.540065 -0.21862
vn 0.365864 -0.903374 0.223737
vn -0.758741 0.633236 -0.152722
vn 0.594184 0.760236 -0.262653
vn 0.975975 -0.217873 0.00217008
vn 0.757063 -0.638687 0.137602
vn 0.429215 -0.873791 0.228613
vn 0.0887982 0.950882 -0.296542
vn 0.936996 0.316405 -0.14808
vn 0.998147 -0.0528533 -0.0301468
vn -0.801679 -0.569406 0.181903
vn 0.694582 -0.697116 0.177724
vn 0.903929 -0.418796 0.086731
vn -0.0223438 -0.962121 0.271705
vn 0.763223 0.6094 -0.214762
vn 0.96106 0.254252 -0.108254
vn 0.460293 0.844756 -0.272981
vn -0.757573 -0.629443 0.172874
vn 0.466995 -0.850184 0.24311
vn 0.250079 -0.926614 0.280799
vn -0.574712 0.77939 -0.249513
vn 0.112903 0.947133 -0.300319
vn 0.455227 0.849752 -0.265876
vn 0.657622 -0.717884 0.228423
vn 0.462234 -0.841886 0.27851
vn -0.145271 -0.949566 0.277887
vn 0.766652 -0.599812 0.229064
vn 0.981937 -0.158918 0.102687
vn 0.143661 -0.94216 0.302813
vn -0.0664051 0.946515 -0.315752
vn 0.923302 0.377868 -0.0687633
vn 0.44696 -0.841958 0.302215
vn 0.678057 -0.678589 0.282413
vn 0.612961 0.760372 -0.21474
vn 0.935471 -0.306174 0.176497
vn 0.987927 0.150518 0.0366587
vn 0.886069 -0.395913 0.241112
vn 0.667023 -0.674959 0.315454
vn 0.834342 0.543183 -0.093951
vn 0.577878 0.791993 -0.196986
vn 0.970109 0.238146 0.0466384
vn 0.987565 -0.0712978 0.140117
vn 0.982583 -0.182672 0.034069
vn 0.802517 0.56717 -0.185162
vn 0.809209 -0.565693 0.158658
vn 0.993774 0.104932 -0.0374404
vn 0.929015 -0.349648 0.121149
vn 0.863532 0.485484 -0.136444
vn 0.997812 0.0658537 0.00585597
vn -0.646501 -0.702526 0.297479
vn -0.9771 0.0863816 -0.194459
vn -0.937328 -0.280346 0.206936
vn -0.363716 0.720678 -0.590198
vn -0.485372 0.166006 -0.858403
vn -0.985837 -0.0416362 -0.162454
vn -0.366324 -0.000951008 -0.930487
vn -0.636971 -0.708573 0.303633
vn 0.0250356 -0.836 -0.548158
vn -0.00179367 -0.956033 0.293255
vn -0.0786802 -0.172506 -0.981861
vn 0.0669704 -0.82148 -0.566291
vn -0.0702241 0.70578 -0.704942
vn 0.124784 -0.942181 0.311003
vn 0.813581 -0.56668 -0.130227
vn 0.191315 -0.1067 -0.975712
vn 0.875818 -0.251689 -0.411819
vn 0.203649 0.703272 -0.681129
vn 0.884264 0.191187 -0.426056
vn 0.329275 -0.891637 0.310743
vn 0.754315 0.522826 -0.397067
vn 0.172936 0.898568 -0.403323
vn -0.535251 0.809309 -0.24192
vn 0.268841 0.885112 -0.379871
vn -0.734921 -0.457024 0.501019
vn 0.539236 -0.82561 0.16611
vn -0.286634 -0.901783 0.323463
vn -0.075748 -0.959029 0.272995
vn -0.688553 -0.68206 0.24635
vn -0.725209 -0.659531 0.197714
vn -0.984256 0.023633 -0.17516
vn -0.647546 0.2177 -0.730268
vn -0.611652 0.509947 -0.604844
vn -0.742573 0.0894837 -0.663761
vn -0.334871 -0.710192 -0.619265
vn -0.742573 0.0894837 -0.663761
vn -0.0039098 -0.0690733 -0.997604
vn -0.591404 0.492191 -0.63874
vn -0.000454455 -0.0727394 -0.997351
vn 0.0263626 0.610504 -0.791574
vn 0.0433331 0.644418 -0.763445
vn 0.0300157 -0.709302 -0.704265
vn 0.623568 -0.713448 -0.319617
vn -0.00736505 -0.0654055 -0.997832
vn 0.54401 -0.577284 -0.60893
vn 0.62757 -0.0580808 -0.776391
vn -0.0590116 0.58331 -0.810103
vn 0.673096 0.190404 -0.714624
vn 0.636137 0.485313 -0.599834
vn 0.810862 0.0625611 -0.581885
vn -0.259836 -0.959366 0.11001
vn -0.592927 -0.64608 0.480643
vn 0.980476 0.0903363 -0.174657
vn 0.848468 -0.345565 0.400857
vn 0.997401 0.0589072 -0.0414916
vn 0.249404 0.667231 -0.701855
vn 0.189082 0.684174 -0.704382
vn 0.72561 0.456849 -0.514566
vn 0.999013 0.0356845 -0.0264466
vn 0.985372 0.105004 -0.134227
vn 0.547556 0.530235 -0.647328
vn -0.0725558 -0.856683 0.510715
vn 0.514277 -0.84873 -0.123196
vn -0.758056 -0.65138 0.0324908
vn 0.217598 -0.960003 -0.176197
vn 0.937566 -0.339169 -0.0770318
vn -0.328825 -0.944239 0.0169172
vn -0.597561 -0.709548 -0.373446
vn -0.597561 -0.709548 -0.373446
vn -0.987575 0.152225 -0.0390314
vn -0.999839 0.0177997 0.00203507
vn -0.980927 -0.185102 0.0593316
vn -0.582529 -0.812797 0.00463225
vn 0.217598 -0.960003 -0.176197
vn 0.0526346 -0.873749 0.483521
vn 0.737049 -0.473818 0.481928
vn 0.96698 -0.208041 0.147205
vn 0.98081 -0.16943 0.0964647
vn 0.753326 -0.63288 -0.178779
vn 0.217598 -0.960003 -0.176197
vn -0.096169 -0.957815 0.270817
vn -0.377746 -0.92527 -0.0343987
vn -0.512346 -0.858369 0.0265355
vn 0.193137 -0.981091 0.0126026
vn -0.323164 -0.826759 0.460471
vn 0.167962 -0.98155 -0.0913672
vn -0.464021 -0.883508 -0.0640216
vn 0.265289 -0.951087 -0.158288
vn 0.939562 -0.325587 -0.105913
vn -0.254883 -0.966568 -0.0279392
vn -0.597561 -0.709548 -0.373446
vn 0.531518 0.689175 -0.49247
vn 0.511274 -0.853435 -0.101234
vn 0.71393 0.573104 -0.402312
vn 0.748317 -0.640649 -0.172022
vn 0.932979 0.332087 -0.138811
vn 0.967501 -0.239864 0.0800434
vn 0.816243 -0.508327 -0.274502
vn 0.961784 0.245198 -0.12186
vn 0.974242 -0.0200577 -0.224611
vn 0.300402 0.94726 -0.11161
vn 0.289412 0.931638 -0.219755
vn 0.208289 0.956216 -0.205588
vn -0.976712 -0.206669 -0.0576378
vn 0.000173326 -0.0525238 -0.99862
vn -0.520648 -0.273459 -0.808793
vn 0.0809863 -0.933793 -0.348529
vn -0.987479 -0.154509 -0.0318267
vn -0.939481 -0.300307 -0.164895
vn -0.904451 -0.28398 -0.318313
vn -0.943063 -0.282383 0.175761
vn -0.520648 -0.273459 -0.808793
vn -0.217117 -0.952528 -0.213427
vn 0.697926 0.580869 -0.418916
vn 0.000173326 -0.0525238 -0.99862
vn 0.730057 -0.405391 -0.550158
vn -0.121057 -0.955635 -0.268527
vn -0.520648 -0.273459 -0.808793
vn 0.443895 -0.752334 -0.486775
vn -0.615959 -0.708413 0.344596
vn 0.489392 -0.773754 -0.402243
vn -0.355484 -0.89801 -0.259248
vn 0.630479 -0.572452 -0.524209
vn 0.877374 0.00584459 -0.479771
vn 0.0553361 0.227743 -0.972148
vn 0.587513 0.17215 -0.790691
vn 0.132034 0.69121 -0.71049
vn 0.587513 0.17215 -0.790691
vn 0.829883 0.458839 -0.31743
vn 0.587513 0.17215 -0.790691
vn 0.745906 0.580577 -0.326426
vn 0.79522 0.533115 -0.288816
vn 0.746003 0.58047 -0.326395
vn 0.988043 0.109497 -0.108544
vn 0.651092 0.712439 -0.261745
vn -0.293695 0.923817 -0.245573
vn -0.787926 -0.58782 0.183412
vn -0.990406 -0.133458 0.0358431
vn -0.12364 0.951827 -0.280603
vn -0.236308 -0.934105 0.267593
vn -0.27301 -0.925262 0.263356
g grp1
usemtl mtl1
f 8//8 7//7 1//1 
f 832//832 839//839 15//15 
f 5//5 8//8 1//1 
f 837//837 833//833 2//2 
f 834//834 15//15 2//2 
f 15//15 30//30 2//2 
f 837//837 2//2 3//3 
f 2//2 4//4 3//3 
f 2//2 30//30 4//4 
f 3//3 4//4 6//6 
f 18//18 835//835 6//6 
f 15//15 839//839 16//16 
f 842//842 838//838 9//9 
f 9//9 838//838 836//836 
f 844//844 835//835 18//18 
f 840//840 843//843 10//10 
f 841//841 845//845 16//16 
f 10//10 843//843 11//11 
f 847//847 842//842 9//9 
f 847//847 9//9 12//12 
f 849//849 844//844 18//18 
f 18//18 19//19 849//849 
f 848//848 13//13 846//846 
f 848//848 850//850 13//13 
f 850//850 852//852 14//14 
f 14//14 13//13 850//850 
f 15//15 16//16 25//25 
f 30//30 15//15 25//25 
f 30//30 20//20 4//4 
f 13//13 17//17 846//846 
f 845//845 851//851 16//16 
f 26//26 17//17 13//13 
f 13//13 14//14 26//26 
f 16//16 851//851 27//27 
f 18//18 6//6 22//22 
f 19//19 18//18 21//21 
f 18//18 22//22 21//21 
f 6//6 4//4 20//20 
f 22//22 6//6 20//20 
f 852//852 21//21 14//14 
f 21//21 22//22 24//24 
f 23//23 14//14 21//21 
f 23//23 21//21 24//24 
f 14//14 23//23 32//32 
f 23//23 24//24 32//32 
f 22//22 20//20 31//31 
f 31//31 20//20 30//30 
f 22//22 31//31 29//29 
f 32//32 26//26 14//14 
f 22//22 853//853 24//24 
f 16//16 27//27 25//25 
f 24//24 853//853 33//33 
f 17//17 26//26 28//28 
f 27//27 851//851 28//28 
f 24//24 33//33 32//32 
f 28//28 36//36 27//27 
f 25//25 35//35 37//37 
f 27//27 35//35 25//25 
f 27//27 36//36 35//35 
f 30//30 34//34 31//31 
f 31//31 854//854 38//38 
f 25//25 37//37 30//30 
f 29//29 31//31 38//38 
f 33//33 853//853 855//855 
f 34//34 30//30 59//59 
f 34//34 59//59 39//39 
f 38//38 854//854 39//39 
f 36//36 28//28 49//49 
f 28//28 26//26 49//49 
f 37//37 35//35 50//50 
f 36//36 51//51 35//35 
f 37//37 40//40 30//30 
f 47//47 38//38 39//39 
f 30//30 40//40 59//59 
f 37//37 50//50 40//40 
f 50//50 56//56 55//55 
f 50//50 55//55 40//40 
f 40//40 55//55 59//59 
f 42//42 44//44 41//41 
f 107//107 41//41 43//43 
f 43//43 41//41 44//44 
f 44//44 45//45 46//46 
f 46//46 121//121 44//44 
f 46//46 119//119 121//121 
f 49//49 857//857 36//36 
f 50//50 35//35 858//858 
f 33//33 855//855 48//48 
f 855//855 47//47 48//48 
f 33//33 53//53 32//32 
f 48//48 53//53 33//33 
f 26//26 32//32 49//49 
f 32//32 53//53 49//49 
f 47//47 39//39 60//60 
f 48//48 47//47 62//62 
f 47//47 60//60 62//62 
f 53//53 48//48 61//61 
f 62//62 61//61 48//48 
f 49//49 53//53 54//54 
f 56//56 50//50 858//858 
f 60//60 39//39 59//59 
f 52//52 857//857 49//49 
f 53//53 61//61 54//54 
f 52//52 49//49 63//63 
f 57//57 857//857 52//52 
f 858//858 859//859 56//56 
f 859//859 65//65 56//56 
f 63//63 58//58 57//57 
f 63//63 57//57 52//52 
f 58//58 65//65 859//859 
f 49//49 54//54 63//63 
f 63//63 54//54 169//169 
f 66//66 60//60 71//71 
f 62//62 60//60 66//66 
f 67//67 61//61 62//62 
f 63//63 169//169 58//58 
f 61//61 166//166 54//54 
f 67//67 166//166 61//61 
f 60//60 59//59 64//64 
f 71//71 60//60 64//64 
f 58//58 167//167 65//65 
f 62//62 66//66 72//72 
f 72//72 66//66 71//71 
f 62//62 72//72 67//67 
f 56//56 68//68 55//55 
f 55//55 69//69 59//59 
f 59//59 69//69 64//64 
f 860//860 68//68 56//56 
f 55//55 68//68 69//69 
f 70//70 65//65 167//167 
f 861//861 68//68 860//860 
f 68//68 75//75 69//69 
f 173//173 75//75 68//68 
f 167//167 170//170 70//70 
f 68//68 861//861 173//173 
f 173//173 177//177 75//75 
f 75//75 177//177 199//199 
f 187//187 166//166 67//67 
f 72//72 187//187 67//67 
f 72//72 71//71 73//73 
f 72//72 73//73 187//187 
f 71//71 64//64 74//74 
f 74//74 73//73 71//71 
f 64//64 69//69 74//74 
f 73//73 74//74 189//189 
f 75//75 194//194 69//69 
f 69//69 194//194 76//76 
f 74//74 69//69 76//76 
f 75//75 199//199 194//194 
f 77//77 91//91 89//89 
f 862//862 89//89 78//78 
f 82//82 864//864 41//41 
f 41//41 78//78 89//89 
f 79//79 95//95 882//882 
f 77//77 866//866 91//91 
f 866//866 77//77 80//80 
f 867//867 865//865 81//81 
f 867//867 863//863 865//865 
f 82//82 869//869 864//864 
f 83//83 95//95 79//79 
f 873//873 866//866 84//84 
f 84//84 866//866 80//80 
f 868//868 870//870 85//85 
f 875//875 868//868 85//85 
f 878//878 871//871 872//872 
f 86//86 878//878 872//872 
f 98//98 95//95 874//874 
f 87//87 874//874 876//876 
f 879//879 881//881 877//877 
f 879//879 880//880 88//88 
f 98//98 874//874 87//87 
f 100//100 98//98 87//87 
f 879//879 88//88 881//881 
f 881//881 88//88 884//884 
f 88//88 101//101 884//884 
f 91//91 92//92 89//89 
f 92//92 90//90 89//89 
f 882//882 95//95 93//93 
f 92//92 91//91 883//883 
f 883//883 94//94 92//92 
f 92//92 94//94 90//90 
f 95//95 96//96 93//93 
f 96//96 94//94 93//93 
f 97//97 94//94 96//96 
f 96//96 95//95 98//98 
f 98//98 99//99 96//96 
f 99//99 97//97 96//96 
f 99//99 885//885 97//97 
f 88//88 880//880 103//103 
f 99//99 98//98 100//100 
f 885//885 99//99 100//100 
f 102//102 82//82 41//41 
f 872//872 888//888 86//86 
f 888//888 872//872 887//887 
f 103//103 101//101 88//88 
f 89//89 90//90 41//41 
f 90//90 94//94 104//104 
f 104//104 94//94 105//105 
f 107//107 102//102 41//41 
f 105//105 94//94 97//97 
f 106//106 887//887 107//107 
f 887//887 106//106 888//888 
f 104//104 856//856 90//90 
f 42//42 41//41 90//90 
f 101//101 103//103 108//108 
f 114//114 106//106 107//107 
f 108//108 103//103 889//889 
f 110//110 105//105 97//97 
f 97//97 885//885 109//109 
f 110//110 97//97 109//109 
f 886//886 890//890 891//891 
f 856//856 104//104 111//111 
f 105//105 111//111 104//104 
f 111//111 105//105 112//112 
f 112//112 105//105 110//110 
f 108//108 889//889 113//113 
f 890//890 113//113 891//891 
f 43//43 114//114 107//107 
f 889//889 892//892 113//113 
f 42//42 45//45 44//44 
f 856//856 111//111 45//45 
f 122//122 114//114 43//43 
f 45//45 111//111 115//115 
f 115//115 111//111 112//112 
f 112//112 110//110 120//120 
f 110//110 118//118 120//120 
f 110//110 109//109 118//118 
f 122//122 43//43 44//44 
f 117//117 114//114 122//122 
f 113//113 892//892 117//117 
f 45//45 119//119 46//46 
f 45//45 115//115 119//119 
f 112//112 124//124 115//115 
f 120//120 124//124 112//112 
f 121//121 122//122 44//44 
f 113//113 117//117 116//116 
f 116//116 891//891 113//113 
f 119//119 115//115 130//130 
f 115//115 124//124 130//130 
f 118//118 891//891 116//116 
f 116//116 132//132 118//118 
f 132//132 123//123 118//118 
f 123//123 120//120 118//118 
f 126//126 122//122 121//121 
f 125//125 117//117 122//122 
f 117//117 125//125 128//128 
f 116//116 117//117 128//128 
f 121//121 129//129 126//126 
f 121//121 119//119 129//129 
f 125//125 122//122 126//126 
f 124//124 120//120 127//127 
f 123//123 127//127 120//120 
f 123//123 132//132 207//207 
f 116//116 128//128 132//132 
f 119//119 130//130 129//129 
f 123//123 131//131 127//127 
f 131//131 123//123 907//907 
f 130//130 138//138 129//129 
f 133//133 130//130 124//124 
f 133//133 138//138 130//130 
f 124//124 127//127 134//134 
f 134//134 127//127 131//131 
f 134//134 131//131 140//140 
f 131//131 907//907 140//140 
f 133//133 124//124 134//134 
f 125//125 126//126 136//136 
f 125//125 137//137 128//128 
f 137//137 125//125 136//136 
f 128//128 135//135 132//132 
f 137//137 135//135 128//128 
f 138//138 133//133 139//139 
f 136//136 126//126 142//142 
f 141//141 137//137 136//136 
f 137//137 141//141 135//135 
f 138//138 142//142 129//129 
f 142//142 126//126 129//129 
f 134//134 139//139 133//133 
f 139//139 134//134 140//140 
f 907//907 212//212 140//140 
f 143//143 136//136 142//142 
f 141//141 136//136 143//143 
f 135//135 141//141 208//208 
f 140//140 144//144 139//139 
f 209//209 140//140 212//212 
f 139//139 146//146 138//138 
f 139//139 144//144 146//146 
f 144//144 151//151 146//146 
f 140//140 151//151 144//144 
f 142//142 150//150 143//143 
f 141//141 143//143 145//145 
f 148//148 141//141 145//145 
f 211//211 141//141 148//148 
f 142//142 138//138 149//149 
f 138//138 146//146 149//149 
f 145//145 143//143 147//147 
f 147//147 143//143 150//150 
f 151//151 140//140 209//209 
f 148//148 145//145 147//147 
f 148//148 147//147 153//153 
f 153//153 211//211 148//148 
f 146//146 151//151 149//149 
f 142//142 152//152 150//150 
f 142//142 149//149 152//152 
f 150//150 153//153 147//147 
f 151//151 209//209 213//213 
f 149//149 151//151 152//152 
f 156//156 152//152 151//151 
f 155//155 152//152 156//156 
f 220//220 151//151 213//213 
f 156//156 151//151 220//220 
f 155//155 160//160 152//152 
f 154//154 152//152 160//160 
f 150//150 152//152 154//154 
f 150//150 154//154 153//153 
f 157//157 153//153 154//154 
f 225//225 153//153 157//157 
f 156//156 159//159 155//155 
f 158//158 159//159 156//156 
f 220//220 158//158 156//156 
f 220//220 224//224 158//158 
f 158//158 162//162 159//159 
f 159//159 162//162 155//155 
f 157//157 154//154 161//161 
f 157//157 233//233 225//225 
f 157//157 161//161 233//233 
f 155//155 162//162 160//160 
f 163//163 162//162 158//158 
f 258//258 233//233 161//161 
f 161//161 154//154 160//160 
f 162//162 163//163 184//184 
f 162//162 902//902 160//160 
f 160//160 181//181 161//161 
f 160//160 902//902 181//181 
f 184//184 163//163 185//185 
f 258//258 161//161 181//181 
f 893//893 164//164 906//906 
f 235//235 164//164 893//893 
f 243//243 164//164 235//235 
f 244//244 248//248 894//894 
f 243//243 912//912 164//164 
f 918//918 185//185 895//895 
f 185//185 251//251 165//165 
f 903//903 253//253 183//183 
f 167//167 58//58 169//169 
f 54//54 166//166 172//172 
f 54//54 172//172 169//169 
f 168//168 167//167 169//169 
f 169//169 172//172 171//171 
f 169//169 171//171 174//174 
f 172//172 166//166 188//188 
f 170//170 173//173 70//70 
f 167//167 168//168 170//170 
f 174//174 170//170 168//168 
f 169//169 174//174 168//168 
f 170//170 174//174 173//173 
f 173//173 174//174 175//175 
f 175//175 177//177 173//173 
f 176//176 174//174 171//171 
f 897//897 171//171 172//172 
f 175//175 178//178 177//177 
f 174//174 176//176 175//175 
f 897//897 172//172 257//257 
f 176//176 179//179 175//175 
f 177//177 180//180 199//199 
f 175//175 898//898 178//178 
f 177//177 178//178 180//180 
f 178//178 921//921 182//182 
f 178//178 898//898 921//921 
f 180//180 178//178 903//903 
f 180//180 903//903 183//183 
f 180//180 183//183 199//199 
f 183//183 201//201 199//199 
f 183//183 206//206 201//201 
f 922//922 899//899 900//900 
f 901//901 181//181 902//902 
f 904//904 178//178 182//182 
f 185//185 165//165 184//184 
f 186//186 206//206 183//183 
f 186//186 270//270 206//206 
f 270//270 268//268 206//206 
f 183//183 253//253 186//186 
f 188//188 166//166 187//187 
f 187//187 73//73 189//189 
f 187//187 189//189 190//190 
f 188//188 187//187 190//190 
f 190//190 193//193 188//188 
f 189//189 74//74 191//191 
f 190//190 189//189 192//192 
f 196//196 193//193 190//190 
f 192//192 196//196 190//190 
f 188//188 193//193 172//172 
f 191//191 74//74 76//76 
f 189//189 191//191 192//192 
f 191//191 197//197 192//192 
f 172//172 193//193 257//257 
f 195//195 76//76 194//194 
f 76//76 195//195 191//191 
f 191//191 195//195 197//197 
f 196//196 192//192 198//198 
f 197//197 198//198 192//192 
f 196//196 272//272 193//193 
f 272//272 196//196 198//198 
f 201//201 194//194 199//199 
f 200//200 195//195 194//194 
f 194//194 201//201 200//200 
f 197//197 195//195 200//200 
f 202//202 198//198 197//197 
f 197//197 200//200 202//202 
f 203//203 272//272 198//198 
f 200//200 201//201 204//204 
f 200//200 204//204 202//202 
f 202//202 203//203 198//198 
f 201//201 206//206 204//204 
f 203//203 202//202 205//205 
f 202//202 204//204 205//205 
f 205//205 204//204 206//206 
f 205//205 206//206 268//268 
f 207//207 132//132 210//210 
f 207//207 210//210 215//215 
f 132//132 135//135 208//208 
f 208//208 210//210 132//132 
f 207//207 215//215 908//908 
f 141//141 211//211 208//208 
f 210//210 208//208 211//211 
f 210//210 211//211 214//214 
f 215//215 210//210 214//214 
f 213//213 209//209 212//212 
f 153//153 216//216 211//211 
f 211//211 216//216 214//214 
f 215//215 214//214 217//217 
f 220//220 213//213 218//218 
f 212//212 218//218 213//213 
f 216//216 217//217 214//214 
f 215//215 217//217 223//223 
f 218//218 224//224 220//220 
f 218//218 222//222 224//224 
f 212//212 219//219 218//218 
f 909//909 908//908 215//215 
f 153//153 225//225 216//216 
f 216//216 221//221 217//217 
f 225//225 221//221 216//216 
f 215//215 223//223 909//909 
f 218//218 219//219 222//222 
f 219//219 228//228 222//222 
f 223//223 230//230 909//909 
f 228//228 219//219 230//230 
f 226//226 224//224 222//222 
f 225//225 227//227 221//221 
f 227//227 225//225 233//233 
f 229//229 217//217 221//221 
f 221//221 227//227 229//229 
f 223//223 217//217 229//229 
f 228//228 226//226 222//222 
f 223//223 229//229 234//234 
f 226//226 158//158 224//224 
f 893//893 158//158 235//235 
f 235//235 158//158 226//226 
f 235//235 226//226 228//228 
f 237//237 230//230 242//242 
f 237//237 228//228 230//230 
f 235//235 228//228 237//237 
f 242//242 230//230 223//223 
f 283//283 239//239 251//251 
f 276//276 283//283 252//252 
f 251//251 252//252 283//283 
f 231//231 239//239 284//284 
f 284//284 239//239 283//283 
f 232//232 231//231 284//284 
f 231//231 232//232 240//240 
f 232//232 241//241 240//240 
f 232//232 285//285 241//241 
f 227//227 233//233 236//236 
f 236//236 229//229 227//227 
f 236//236 234//234 229//229 
f 236//236 233//233 923//923 
f 262//262 235//235 237//237 
f 928//928 237//237 242//242 
f 903//903 239//239 240//240 
f 896//896 911//911 905//905 
f 239//239 165//165 251//251 
f 255//255 293//293 254//254 
f 241//241 255//255 240//240 
f 231//231 240//240 239//239 
f 241//241 293//293 255//255 
f 223//223 234//234 242//242 
f 262//262 247//247 235//235 
f 242//242 234//234 261//261 
f 261//261 234//234 236//236 
f 242//242 261//261 263//263 
f 235//235 246//246 243//243 
f 235//235 916//916 246//246 
f 262//262 265//265 247//247 
f 913//913 245//245 918//918 
f 245//245 913//913 914//914 
f 912//912 243//243 246//246 
f 917//917 245//245 915//915 
f 249//249 250//250 247//247 
f 247//247 265//265 249//249 
f 251//251 185//185 918//918 
f 251//251 918//918 245//245 
f 917//917 919//919 252//252 
f 249//249 266//266 295//295 
f 266//266 264//264 295//295 
f 245//245 917//917 252//252 
f 251//251 245//245 252//252 
f 252//252 919//919 238//238 
f 910//910 250//250 249//249 
f 253//253 254//254 186//186 
f 903//903 240//240 253//253 
f 255//255 253//253 240//240 
f 253//253 255//255 254//254 
f 292//292 254//254 293//293 
f 256//256 179//179 176//176 
f 897//897 257//257 920//920 
f 257//257 264//264 260//260 
f 257//257 267//267 264//264 
f 179//179 259//259 924//924 
f 926//926 259//259 179//179 
f 926//926 179//179 256//256 
f 920//920 257//257 260//260 
f 236//236 923//923 261//261 
f 261//261 923//923 925//925 
f 263//263 261//261 925//925 
f 929//929 259//259 926//926 
f 242//242 263//263 930//930 
f 242//242 264//264 928//928 
f 262//262 266//266 265//265 
f 263//263 927//927 930//930 
f 928//928 264//264 266//266 
f 265//265 266//266 249//249 
f 264//264 267//267 290//290 
f 269//269 290//290 267//267 
f 271//271 269//269 268//268 
f 268//268 270//270 271//271 
f 270//270 186//186 254//254 
f 270//270 254//254 292//292 
f 270//270 292//292 271//271 
f 257//257 193//193 272//272 
f 257//257 272//272 273//273 
f 203//203 273//273 272//272 
f 257//257 273//273 267//267 
f 203//203 205//205 274//274 
f 274//274 269//269 273//273 
f 273//273 203//203 274//274 
f 269//269 267//267 273//273 
f 274//274 205//205 268//268 
f 274//274 268//268 269//269 
f 284//284 275//275 279//279 
f 275//275 277//277 279//279 
f 277//277 275//275 276//276 
f 281//281 298//298 276//276 
f 277//277 276//276 298//298 
f 281//281 306//306 298//298 
f 284//284 278//278 232//232 
f 278//278 284//284 279//279 
f 279//279 277//277 299//299 
f 298//298 300//300 277//277 
f 277//277 300//300 299//299 
f 279//279 280//280 278//278 
f 299//299 280//280 279//279 
f 278//278 280//280 286//286 
f 280//280 301//301 286//286 
f 276//276 252//252 281//281 
f 252//252 238//238 281//281 
f 282//282 281//281 910//910 
f 283//283 276//276 275//275 
f 306//306 281//281 282//282 
f 306//306 282//282 305//305 
f 283//283 275//275 284//284 
f 232//232 286//286 285//285 
f 232//232 278//278 286//286 
f 294//294 310//310 311//311 
f 288//288 285//285 286//286 
f 301//301 288//288 286//286 
f 285//285 288//288 312//312 
f 910//910 295//295 282//282 
f 289//289 282//282 295//295 
f 289//289 295//295 296//296 
f 289//289 296//296 290//290 
f 282//282 289//289 305//305 
f 307//307 305//305 289//289 
f 307//307 289//289 290//290 
f 269//269 271//271 291//291 
f 290//290 269//269 291//291 
f 271//271 292//292 291//291 
f 290//290 291//291 317//317 
f 307//307 290//290 317//317 
f 292//292 293//293 287//287 
f 292//292 294//294 291//291 
f 292//292 287//287 294//294 
f 317//317 291//291 294//294 
f 285//285 293//293 241//241 
f 285//285 312//312 293//293 
f 293//293 312//312 287//287 
f 287//287 310//310 294//294 
f 910//910 249//249 295//295 
f 295//295 264//264 296//296 
f 296//296 264//264 290//290 
f 318//318 319//319 300//300 
f 300//300 319//319 299//299 
f 299//299 319//319 297//297 
f 298//298 306//306 325//325 
f 298//298 325//325 300//300 
f 327//327 306//306 309//309 
f 325//325 318//318 300//300 
f 306//306 326//326 325//325 
f 327//327 931//931 306//306 
f 297//297 280//280 299//299 
f 280//280 302//302 301//301 
f 297//297 302//302 280//280 
f 301//301 304//304 288//288 
f 297//297 322//322 302//302 
f 304//304 303//303 288//288 
f 302//302 328//328 301//301 
f 301//301 328//328 304//304 
f 303//303 312//312 288//288 
f 303//303 341//341 312//312 
f 307//307 309//309 305//305 
f 307//307 317//317 308//308 
f 308//308 317//317 294//294 
f 306//306 305//305 309//309 
f 311//311 308//308 294//294 
f 315//315 309//309 307//307 
f 308//308 315//315 307//307 
f 311//311 310//310 314//314 
f 311//311 314//314 308//308 
f 327//327 309//309 331//331 
f 331//331 309//309 315//315 
f 314//314 310//310 313//313 
f 310//310 287//287 313//313 
f 308//308 314//314 315//315 
f 287//287 312//312 316//316 
f 313//313 287//287 316//316 
f 313//313 316//316 314//314 
f 318//318 320//320 319//319 
f 325//325 321//321 318//318 
f 318//318 321//321 320//320 
f 322//322 297//297 319//319 
f 320//320 323//323 319//319 
f 320//320 333//333 323//323 
f 320//320 321//321 333//333 
f 325//325 332//332 321//321 
f 332//332 325//325 326//326 
f 322//322 319//319 323//323 
f 323//323 334//334 322//322 
f 302//302 322//322 324//324 
f 322//322 334//334 324//324 
f 334//334 323//323 345//345 
f 336//336 327//327 331//331 
f 312//312 341//341 316//316 
f 316//316 341//341 329//329 
f 316//316 329//329 337//337 
f 302//302 324//324 328//328 
f 324//324 339//339 328//328 
f 328//328 339//339 304//304 
f 341//341 338//338 329//329 
f 339//339 340//340 304//304 
f 340//340 303//303 304//304 
f 314//314 330//330 315//315 
f 330//330 331//331 315//315 
f 336//336 331//331 330//330 
f 314//314 316//316 330//330 
f 316//316 337//337 330//330 
f 336//336 330//330 337//337 
f 332//332 326//326 350//350 
f 323//323 333//333 345//345 
f 345//345 335//335 334//334 
f 334//334 335//335 324//324 
f 321//321 344//344 333//333 
f 335//335 348//348 324//324 
f 324//324 348//348 339//339 
f 339//339 348//348 356//356 
f 327//327 336//336 351//351 
f 351//351 350//350 931//931 
f 327//327 351//351 931//931 
f 352//352 351//351 336//336 
f 338//338 341//341 353//353 
f 329//329 342//342 337//337 
f 329//329 338//338 342//342 
f 338//338 353//353 342//342 
f 337//337 342//342 932//932 
f 337//337 932//932 336//336 
f 343//343 303//303 340//340 
f 303//303 343//343 341//341 
f 932//932 342//342 354//354 
f 932//932 354//354 365//365 
f 342//342 353//353 354//354 
f 339//339 356//356 340//340 
f 356//356 343//343 340//340 
f 364//364 341//341 343//343 
f 341//341 364//364 353//353 
f 321//321 332//332 344//344 
f 357//357 344//344 332//332 
f 357//357 332//332 358//358 
f 350//350 358//358 332//332 
f 346//346 335//335 345//345 
f 333//333 347//347 345//345 
f 345//345 359//359 346//346 
f 347//347 333//333 344//344 
f 347//347 359//359 345//345 
f 335//335 349//349 348//348 
f 346//346 349//349 335//335 
f 351//351 362//362 350//350 
f 351//351 352//352 365//365 
f 351//351 355//355 362//362 
f 358//358 350//350 362//362 
f 363//363 362//362 355//355 
f 365//365 355//355 351//351 
f 354//354 353//353 365//365 
f 363//363 355//355 365//365 
f 356//356 366//366 343//343 
f 353//353 364//364 365//365 
f 344//344 357//357 347//347 
f 359//359 360//360 346//346 
f 347//347 368//368 359//359 
f 368//368 347//347 357//357 
f 369//369 360//360 359//359 
f 360//360 349//349 346//346 
f 370//370 349//349 360//360 
f 349//349 361//361 348//348 
f 348//348 361//361 367//367 
f 362//362 363//363 374//374 
f 358//358 362//362 376//376 
f 362//362 374//374 376//376 
f 348//348 367//367 356//356 
f 343//343 366//366 364//364 
f 377//377 364//364 372//372 
f 364//364 366//366 372//372 
f 367//367 366//366 356//356 
f 373//373 357//357 358//358 
f 373//373 358//358 376//376 
f 359//359 368//368 369//369 
f 369//369 371//371 360//360 
f 380//380 368//368 357//357 
f 371//371 370//370 360//360 
f 373//373 380//380 357//357 
f 370//370 378//378 361//361 
f 361//361 378//378 367//367 
f 361//361 349//349 370//370 
f 364//364 377//377 365//365 
f 363//363 365//365 375//375 
f 367//367 379//379 366//366 
f 378//378 379//379 367//367 
f 366//366 379//379 387//387 
f 375//375 374//374 363//363 
f 376//376 374//374 391//391 
f 365//365 377//377 375//375 
f 374//374 375//375 384//384 
f 378//378 370//370 383//383 
f 384//384 375//375 377//377 
f 380//380 388//388 368//368 
f 369//369 382//382 371//371 
f 371//371 382//382 389//389 
f 368//368 382//382 369//369 
f 388//388 382//382 368//368 
f 381//381 370//370 371//371 
f 389//389 381//381 371//371 
f 382//382 390//390 389//389 
f 376//376 391//391 392//392 
f 384//384 391//391 374//374 
f 373//373 376//376 392//392 
f 373//373 392//392 380//380 
f 381//381 383//383 370//370 
f 378//378 383//383 379//379 
f 377//377 372//372 385//385 
f 377//377 385//385 386//386 
f 372//372 366//366 387//387 
f 372//372 387//387 385//385 
f 382//382 388//388 390//390 
f 381//381 395//395 383//383 
f 392//392 391//391 570//570 
f 389//389 395//395 381//381 
f 379//379 396//396 387//387 
f 387//387 396//396 436//436 
f 383//383 396//396 379//379 
f 377//377 933//933 384//384 
f 392//392 571//571 380//380 
f 393//393 388//388 380//380 
f 380//380 571//571 393//393 
f 571//571 392//392 570//570 
f 390//390 394//394 389//389 
f 394//394 430//430 389//389 
f 390//390 431//431 394//394 
f 394//394 431//431 430//430 
f 390//390 393//393 431//431 
f 388//388 393//393 390//390 
f 430//430 395//395 389//389 
f 383//383 498//498 396//396 
f 383//383 395//395 498//498 
f 495//495 391//391 384//384 
f 400//400 407//407 397//397 
f 398//398 399//399 412//412 
f 399//399 413//413 412//412 
f 398//398 439//439 399//399 
f 399//399 445//445 413//413 
f 401//401 451//451 402//402 
f 401//401 403//403 416//416 
f 403//403 401//401 402//402 
f 403//403 420//420 416//416 
f 404//404 405//405 402//402 
f 403//403 407//407 420//420 
f 402//402 405//405 403//403 
f 407//407 403//403 405//405 
f 404//404 406//406 405//405 
f 407//407 408//408 420//420 
f 406//406 397//397 405//405 
f 400//400 410//410 407//407 
f 407//407 410//410 408//408 
f 410//410 409//409 408//408 
f 405//405 397//397 407//407 
f 400//400 398//398 410//410 
f 398//398 409//409 410//410 
f 409//409 411//411 427//427 
f 398//398 412//412 409//409 
f 409//409 412//412 411//411 
f 411//411 460//460 429//429 
f 412//412 413//413 411//411 
f 413//413 461//461 411//411 
f 470//470 414//414 415//415 
f 414//414 469//469 401//401 
f 469//469 414//414 470//470 
f 419//419 415//415 414//414 
f 415//415 419//419 417//417 
f 401//401 416//416 414//414 
f 416//416 418//418 414//414 
f 418//418 419//419 414//414 
f 416//416 420//420 418//418 
f 418//418 421//421 419//419 
f 418//418 424//424 421//421 
f 421//421 422//422 419//419 
f 422//422 417//417 419//419 
f 423//423 417//417 422//422 
f 418//418 420//420 424//424 
f 422//422 421//421 425//425 
f 421//421 424//424 425//425 
f 426//426 425//425 424//424 
f 422//422 425//425 423//423 
f 420//420 408//408 424//424 
f 427//427 424//424 408//408 
f 424//424 427//427 426//426 
f 425//425 426//426 473//473 
f 483//483 425//425 473//473 
f 408//408 409//409 427//427 
f 427//427 428//428 426//426 
f 426//426 428//428 429//429 
f 429//429 473//473 426//426 
f 473//473 429//429 475//475 
f 411//411 428//428 427//427 
f 429//429 477//477 475//475 
f 411//411 429//429 428//428 
f 482//482 423//423 483//483 
f 423//423 425//425 483//483 
f 430//430 431//431 564//564 
f 565//565 431//431 393//393 
f 393//393 571//571 565//565 
f 951//951 489//489 430//430 
f 565//565 952//952 431//431 
f 488//488 395//395 430//430 
f 489//489 488//488 430//430 
f 486//486 395//395 488//488 
f 432//432 386//386 385//385 
f 384//384 933//933 934//934 
f 385//385 387//387 433//433 
f 385//385 433//433 432//432 
f 384//384 934//934 493//493 
f 945//945 495//495 384//384 
f 436//436 435//435 387//387 
f 387//387 435//435 433//433 
f 939//939 434//434 935//935 
f 396//396 498//498 497//497 
f 940//940 941//941 434//434 
f 434//434 942//942 500//500 
f 434//434 939//939 940//940 
f 497//497 436//436 396//396 
f 497//497 500//500 942//942 
f 500//500 502//502 437//437 
f 444//444 438//438 400//400 
f 442//442 514//514 505//505 
f 434//434 400//400 438//438 
f 944//944 948//948 438//438 
f 439//439 434//434 500//500 
f 935//935 434//434 438//438 
f 500//500 437//437 439//439 
f 437//437 440//440 439//439 
f 450//450 441//441 401//401 
f 458//458 944//944 397//397 
f 442//442 458//458 443//443 
f 443//443 458//458 459//459 
f 459//459 528//528 443//443 
f 400//400 397//397 444//444 
f 397//397 944//944 444//444 
f 442//442 443//443 514//514 
f 439//439 398//398 400//400 
f 944//944 438//438 444//444 
f 400//400 434//434 439//439 
f 445//445 446//446 413//413 
f 399//399 439//439 445//445 
f 439//439 440//440 445//445 
f 447//447 445//445 440//440 
f 447//447 446//446 445//445 
f 448//448 446//446 447//447 
f 465//465 446//446 448//448 
f 465//465 448//448 515//515 
f 465//465 515//515 537//537 
f 448//448 447//447 508//508 
f 469//469 466//466 449//449 
f 466//466 520//520 449//449 
f 449//449 450//450 469//469 
f 452//452 513//513 454//454 
f 513//513 524//524 454//454 
f 401//401 469//469 450//450 
f 451//451 401//401 441//441 
f 452//452 451//451 441//441 
f 451//451 452//452 453//453 
f 451//451 453//453 402//402 
f 452//452 454//454 453//453 
f 454//454 524//524 455//455 
f 453//453 404//404 402//402 
f 404//404 453//453 454//454 
f 524//524 526//526 455//455 
f 454//454 455//455 404//404 
f 455//455 456//456 406//406 
f 455//455 406//406 404//404 
f 455//455 457//457 456//456 
f 455//455 526//526 457//457 
f 526//526 527//527 457//457 
f 406//406 458//458 397//397 
f 456//456 458//458 406//406 
f 458//458 456//456 459//459 
f 457//457 459//459 456//456 
f 528//528 459//459 457//457 
f 411//411 461//461 460//460 
f 429//429 460//460 477//477 
f 477//477 460//460 464//464 
f 461//461 464//464 460//460 
f 477//477 464//464 462//462 
f 413//413 446//446 461//461 
f 463//463 461//461 446//446 
f 461//461 463//463 464//464 
f 463//463 465//465 464//464 
f 464//464 465//465 537//537 
f 462//462 464//464 537//537 
f 463//463 446//446 465//465 
f 520//520 466//466 539//539 
f 469//469 470//470 466//466 
f 539//539 466//466 467//467 
f 539//539 467//467 468//468 
f 466//466 470//470 467//467 
f 468//468 467//467 471//471 
f 540//540 468//468 542//542 
f 542//542 468//468 472//472 
f 471//471 467//467 470//470 
f 468//468 471//471 472//472 
f 472//472 471//471 478//478 
f 480//480 472//472 478//478 
f 471//471 415//415 478//478 
f 470//470 415//415 471//471 
f 415//415 417//417 478//478 
f 479//479 478//478 417//417 
f 476//476 474//474 485//485 
f 474//474 554//554 484//484 
f 484//484 485//485 474//474 
f 483//483 473//473 485//485 
f 475//475 485//485 473//473 
f 476//476 485//485 475//475 
f 477//477 476//476 475//475 
f 474//474 476//476 556//556 
f 554//554 474//474 556//556 
f 476//476 462//462 556//556 
f 462//462 536//536 556//556 
f 462//462 476//476 477//477 
f 478//478 479//479 480//480 
f 480//480 482//482 481//481 
f 479//479 417//417 423//423 
f 482//482 480//480 479//479 
f 423//423 482//482 479//479 
f 484//484 481//481 482//482 
f 482//482 485//485 484//484 
f 482//482 483//483 485//485 
f 395//395 486//486 498//498 
f 486//486 487//487 498//498 
f 498//498 487//487 499//499 
f 487//487 486//486 488//488 
f 490//490 488//488 489//489 
f 953//953 490//490 489//489 
f 487//487 488//488 490//490 
f 560//560 491//491 500//500 
f 491//491 502//502 500//500 
f 560//560 499//499 487//487 
f 491//491 492//492 502//502 
f 491//491 561//561 492//492 
f 491//491 560//560 559//559 
f 491//491 559//559 561//561 
f 936//936 506//506 946//946 
f 945//945 569//569 495//495 
f 494//494 954//954 947//947 
f 494//494 947//947 950//950 
f 494//494 950//950 954//954 
f 391//391 495//495 570//570 
f 498//498 496//496 497//497 
f 496//496 500//500 497//497 
f 499//499 500//500 496//496 
f 499//499 496//496 498//498 
f 502//502 501//501 437//437 
f 499//499 560//560 500//500 
f 502//502 492//492 501//501 
f 503//503 492//492 574//574 
f 503//503 574//574 567//567 
f 509//509 503//503 567//567 
f 504//504 510//510 576//576 
f 505//505 514//514 507//507 
f 943//943 949//949 937//937 
f 950//950 938//938 505//505 
f 505//505 507//507 950//950 
f 950//950 507//507 954//954 
f 440//440 437//437 501//501 
f 440//440 501//501 447//447 
f 503//503 501//501 492//492 
f 447//447 501//501 503//503 
f 447//447 503//503 508//508 
f 503//503 509//509 508//508 
f 509//509 516//516 508//508 
f 509//509 580//580 516//516 
f 609//609 449//449 518//518 
f 576//576 510//510 575//575 
f 519//519 608//608 518//518 
f 575//575 510//510 449//449 
f 449//449 510//510 450//450 
f 504//504 441//441 510//510 
f 583//583 511//511 504//504 
f 441//441 450//450 510//510 
f 504//504 511//511 441//441 
f 441//441 511//511 452//452 
f 583//583 512//512 511//511 
f 521//521 522//522 512//512 
f 521//521 512//512 583//583 
f 511//511 513//513 452//452 
f 511//511 512//512 513//513 
f 512//512 522//522 513//513 
f 443//443 528//528 530//530 
f 514//514 443//443 530//530 
f 514//514 530//530 534//534 
f 514//514 534//534 507//507 
f 585//585 507//507 534//534 
f 537//537 515//515 517//517 
f 448//448 516//516 515//515 
f 517//517 515//515 516//516 
f 516//516 448//448 508//508 
f 580//580 517//517 516//516 
f 581//581 517//517 580//580 
f 581//581 587//587 517//517 
f 608//608 519//519 582//582 
f 520//520 519//519 518//518 
f 538//538 519//519 520//520 
f 582//582 519//519 538//538 
f 518//518 449//449 520//520 
f 591//591 523//523 521//521 
f 522//522 524//524 513//513 
f 522//522 521//521 523//523 
f 523//523 591//591 544//544 
f 522//522 523//523 524//524 
f 544//544 547//547 525//525 
f 523//523 544//544 525//525 
f 525//525 524//524 523//523 
f 526//526 524//524 525//525 
f 526//526 525//525 551//551 
f 526//526 551//551 527//527 
f 528//528 457//457 527//527 
f 527//527 552//552 529//529 
f 529//529 552//552 555//555 
f 528//528 529//529 530//530 
f 530//530 529//529 531//531 
f 528//528 527//527 529//529 
f 529//529 532//532 531//531 
f 529//529 555//555 532//532 
f 555//555 533//533 532//532 
f 530//530 531//531 534//534 
f 534//534 531//531 535//535 
f 531//531 532//532 535//535 
f 535//535 532//532 533//533 
f 533//533 536//536 586//586 
f 535//535 533//533 586//586 
f 462//462 537//537 536//536 
f 586//586 536//536 587//587 
f 534//534 535//535 585//585 
f 585//585 535//535 586//586 
f 587//587 536//536 517//517 
f 536//536 537//537 517//517 
f 592//592 538//538 540//540 
f 588//588 541//541 593//593 
f 520//520 539//539 538//538 
f 538//538 539//539 540//540 
f 592//592 540//540 541//541 
f 543//543 593//593 541//541 
f 540//540 539//539 468//468 
f 540//540 542//542 541//541 
f 543//543 541//541 542//542 
f 542//542 472//472 543//543 
f 593//593 543//543 546//546 
f 545//545 544//544 591//591 
f 545//545 589//589 546//546 
f 543//543 557//557 546//546 
f 548//548 547//547 545//545 
f 545//545 547//547 544//544 
f 548//548 545//545 546//546 
f 557//557 481//481 546//546 
f 547//547 548//548 549//549 
f 549//549 548//548 546//546 
f 549//549 546//546 550//550 
f 550//550 546//546 481//481 
f 549//549 550//550 554//554 
f 525//525 547//547 551//551 
f 551//551 547//547 549//549 
f 484//484 550//550 481//481 
f 554//554 550//550 484//484 
f 551//551 552//552 527//527 
f 551//551 549//549 552//552 
f 549//549 554//554 553//553 
f 549//549 553//553 552//552 
f 555//555 552//552 553//553 
f 555//555 553//553 554//554 
f 554//554 533//533 555//555 
f 556//556 533//533 554//554 
f 556//556 536//536 533//533 
f 472//472 480//480 557//557 
f 480//480 481//481 557//557 
f 472//472 557//557 543//543 
f 560//560 594//594 559//559 
f 490//490 953//953 558//558 
f 558//558 560//560 487//487 
f 487//487 490//490 558//558 
f 561//561 563//563 492//492 
f 559//559 563//563 561//561 
f 562//562 563//563 602//602 
f 567//567 562//562 604//604 
f 562//562 602//602 604//604 
f 566//566 952//952 565//565 
f 565//565 573//573 566//566 
f 573//573 606//606 566//566 
f 952//952 566//566 642//642 
f 492//492 563//563 562//562 
f 574//574 492//492 562//562 
f 574//574 562//562 567//567 
f 605//605 568//568 575//575 
f 570//570 495//495 955//955 
f 572//572 570//570 955//955 
f 954//954 577//577 572//572 
f 571//571 573//573 565//565 
f 571//571 570//570 572//572 
f 573//573 571//571 572//572 
f 572//572 606//606 573//573 
f 509//509 607//607 580//580 
f 567//567 607//607 509//509 
f 612//612 580//580 607//607 
f 449//449 609//609 575//575 
f 575//575 568//568 576//576 
f 568//568 504//504 576//576 
f 613//613 584//584 583//583 
f 568//568 583//583 504//504 
f 577//577 954//954 507//507 
f 507//507 585//585 578//578 
f 578//578 577//577 507//507 
f 572//572 577//577 578//578 
f 578//578 585//585 579//579 
f 587//587 581//581 610//610 
f 578//578 579//579 611//611 
f 611//611 579//579 587//587 
f 580//580 612//612 581//581 
f 612//612 610//610 581//581 
f 662//662 608//608 582//582 
f 715//715 582//582 615//615 
f 609//609 518//518 608//608 
f 617//617 591//591 584//584 
f 583//583 584//584 521//521 
f 591//591 521//521 584//584 
f 585//585 586//586 579//579 
f 579//579 586//586 587//587 
f 582//582 592//592 615//615 
f 588//588 616//616 615//615 
f 592//592 582//582 538//538 
f 588//588 615//615 592//592 
f 618//618 616//616 588//588 
f 593//593 618//618 588//588 
f 589//589 618//618 593//593 
f 589//589 545//545 590//590 
f 545//545 617//617 590//590 
f 617//617 545//545 591//591 
f 588//588 592//592 541//541 
f 546//546 589//589 593//593 
f 599//599 560//560 558//558 
f 595//595 559//559 594//594 
f 595//595 596//596 559//559 
f 559//559 596//596 563//563 
f 599//599 597//597 594//594 
f 594//594 597//597 595//595 
f 595//595 598//598 596//596 
f 598//598 603//603 596//596 
f 594//594 560//560 599//599 
f 597//597 599//599 624//624 
f 597//597 600//600 595//595 
f 600//600 598//598 595//595 
f 600//600 622//622 598//598 
f 598//598 623//623 603//603 
f 624//624 621//621 597//597 
f 600//600 597//597 621//621 
f 622//622 623//623 598//598 
f 623//623 649//649 603//603 
f 563//563 596//596 602//602 
f 596//596 603//603 602//602 
f 604//604 602//602 643//643 
f 603//603 643//643 602//602 
f 649//649 650//650 603//603 
f 603//603 650//650 643//643 
f 566//566 606//606 642//642 
f 558//558 953//953 601//601 
f 601//601 952//952 642//642 
f 642//642 606//606 708//708 
f 567//567 604//604 607//607 
f 604//604 658//658 607//607 
f 658//658 659//659 607//607 
f 655//655 656//656 605//605 
f 605//605 656//656 568//568 
f 706//706 610//610 659//659 
f 708//708 606//606 611//611 
f 655//655 605//605 609//609 
f 609//609 605//605 575//575 
f 578//578 606//606 572//572 
f 606//606 578//578 611//611 
f 612//612 659//659 610//610 
f 587//587 610//610 611//611 
f 612//612 607//607 659//659 
f 662//662 582//582 715//715 
f 613//613 583//583 568//568 
f 665//665 614//614 616//616 
f 665//665 616//616 666//666 
f 618//618 666//666 616//616 
f 715//715 615//615 614//614 
f 615//615 616//616 614//614 
f 664//664 618//618 589//589 
f 589//589 590//590 664//664 
f 626//626 599//599 619//619 
f 599//599 558//558 619//619 
f 619//619 631//631 626//626 
f 558//558 601//601 619//619 
f 620//620 631//631 619//619 
f 619//619 601//601 620//620 
f 620//620 601//601 642//642 
f 620//620 639//639 631//631 
f 620//620 684//684 639//639 
f 642//642 684//684 620//620 
f 684//684 690//690 639//639 
f 624//624 599//599 626//626 
f 627//627 621//621 624//624 
f 627//627 625//625 621//621 
f 621//621 625//625 600//600 
f 600//600 625//625 622//622 
f 629//629 623//623 622//622 
f 626//626 630//630 624//624 
f 627//627 624//624 630//630 
f 625//625 627//627 628//628 
f 622//622 625//625 628//628 
f 622//622 628//628 629//629 
f 631//631 630//630 626//626 
f 627//627 632//632 628//628 
f 630//630 635//635 627//627 
f 635//635 632//632 627//627 
f 633//633 628//628 632//632 
f 633//633 629//629 628//628 
f 629//629 633//633 634//634 
f 631//631 635//635 630//630 
f 636//636 632//632 635//635 
f 636//636 633//633 632//632 
f 633//633 636//636 637//637 
f 634//634 633//633 637//637 
f 631//631 639//639 635//635 
f 637//637 636//636 687//687 
f 653//653 638//638 689//689 
f 639//639 686//686 635//635 
f 635//635 686//686 636//636 
f 687//687 636//636 686//686 
f 639//639 690//690 686//686 
f 687//687 688//688 637//637 
f 688//688 638//638 637//637 
f 689//689 638//638 688//688 
f 653//653 689//689 700//700 
f 623//623 640//640 649//649 
f 623//623 629//629 640//640 
f 629//629 634//634 640//640 
f 634//634 638//638 640//640 
f 638//638 653//653 640//640 
f 637//637 638//638 634//634 
f 683//683 655//655 641//641 
f 604//604 644//644 658//658 
f 644//644 604//604 643//643 
f 644//644 654//654 645//645 
f 658//658 644//644 646//646 
f 644//644 645//645 646//646 
f 659//659 658//658 646//646 
f 653//653 648//648 654//654 
f 648//648 701//701 645//645 
f 648//648 645//645 654//654 
f 701//701 646//646 645//645 
f 646//646 701//701 702//702 
f 702//702 659//659 646//646 
f 700//700 647//647 648//648 
f 700//700 648//648 653//653 
f 647//647 701//701 648//648 
f 640//640 651//651 649//649 
f 651//651 650//650 649//649 
f 643//643 650//650 652//652 
f 652//652 650//650 651//651 
f 644//644 643//643 652//652 
f 653//653 651//651 640//640 
f 653//653 654//654 651//651 
f 654//654 652//652 651//651 
f 654//654 644//644 652//652 
f 641//641 655//655 697//697 
f 656//656 655//655 683//683 
f 657//657 656//656 683//683 
f 767//767 657//657 683//683 
f 568//568 656//656 657//657 
f 699//699 568//568 657//657 
f 712//712 697//697 660//660 
f 697//697 655//655 660//660 
f 660//660 655//655 608//608 
f 609//609 608//608 655//655 
f 660//660 608//608 714//714 
f 714//714 712//712 660//660 
f 613//613 568//568 661//661 
f 661//661 568//568 699//699 
f 661//661 584//584 613//613 
f 706//706 611//611 610//610 
f 714//714 608//608 662//662 
f 714//714 662//662 715//715 
f 614//614 665//665 775//775 
f 663//663 775//775 665//665 
f 666//666 663//663 665//665 
f 717//717 664//664 590//590 
f 617//617 717//717 590//590 
f 666//666 618//618 664//664 
f 669//669 677//677 671//671 
f 667//667 670//670 669//669 
f 669//669 671//671 667//667 
f 671//671 672//672 667//667 
f 668//668 670//670 667//667 
f 667//667 672//672 668//668 
f 672//672 675//675 668//668 
f 668//668 675//675 679//679 
f 669//669 720//720 719//719 
f 677//677 669//669 719//719 
f 719//719 729//729 677//677 
f 720//720 669//669 721//721 
f 721//721 669//669 670//670 
f 721//721 670//670 722//722 
f 722//722 670//670 668//668 
f 723//723 722//722 668//668 
f 723//723 668//668 679//679 
f 723//723 679//679 731//731 
f 677//677 678//678 671//671 
f 671//671 673//673 672//672 
f 671//671 678//678 673//673 
f 673//673 678//678 674//674 
f 672//672 676//676 675//675 
f 672//672 673//673 676//676 
f 673//673 674//674 676//676 
f 675//675 676//676 679//679 
f 674//674 680//680 676//676 
f 679//679 676//676 740//740 
f 729//729 730//730 677//677 
f 677//677 730//730 678//678 
f 730//730 745//745 678//678 
f 745//745 674//674 678//678 
f 731//731 679//679 740//740 
f 740//740 676//676 742//742 
f 676//676 680//680 742//742 
f 763//763 681//681 765//765 
f 764//764 683//683 762//762 
f 683//683 682//682 762//762 
f 681//681 762//762 682//682 
f 764//764 759//759 683//683 
f 684//684 642//642 685//685 
f 690//690 684//684 685//685 
f 694//694 690//690 685//685 
f 691//691 687//687 686//686 
f 692//692 688//688 687//687 
f 693//693 688//688 692//692 
f 688//688 693//693 689//689 
f 700//700 689//689 703//703 
f 686//686 690//690 691//691 
f 690//690 694//694 691//691 
f 692//692 687//687 691//691 
f 692//692 691//691 695//695 
f 692//692 695//695 693//693 
f 703//703 693//693 695//695 
f 689//689 693//693 703//703 
f 695//695 691//691 694//694 
f 694//694 710//710 695//695 
f 694//694 685//685 710//710 
f 695//695 707//707 703//703 
f 697//697 765//765 681//681 
f 697//697 681//681 682//682 
f 696//696 765//765 697//697 
f 711//711 765//765 696//696 
f 765//765 711//711 766//766 
f 683//683 641//641 682//682 
f 697//697 682//682 641//641 
f 696//696 697//697 712//712 
f 768//768 699//699 767//767 
f 768//768 698//698 699//699 
f 699//699 657//657 767//767 
f 709//709 708//708 611//611 
f 642//642 708//708 685//685 
f 704//704 647//647 700//700 
f 705//705 701//701 704//704 
f 704//704 701//701 647//647 
f 705//705 702//702 701//701 
f 702//702 706//706 659//659 
f 703//703 707//707 704//704 
f 700//700 703//703 704//704 
f 705//705 704//704 707//707 
f 702//702 705//705 706//706 
f 695//695 710//710 707//707 
f 685//685 708//708 710//710 
f 710//710 709//709 707//707 
f 708//708 709//709 710//710 
f 705//705 707//707 709//709 
f 706//706 709//709 611//611 
f 709//709 706//706 705//705 
f 766//766 711//711 769//769 
f 696//696 712//712 714//714 
f 714//714 711//711 696//696 
f 698//698 661//661 699//699 
f 713//713 661//661 698//698 
f 769//769 711//711 715//715 
f 715//715 711//711 714//714 
f 775//775 769//769 715//715 
f 774//774 716//716 713//713 
f 717//717 716//716 778//778 
f 661//661 713//713 584//584 
f 716//716 584//584 713//713 
f 775//775 715//715 614//614 
f 778//778 779//779 718//718 
f 718//718 779//779 663//663 
f 617//617 584//584 716//716 
f 717//717 617//617 716//716 
f 778//778 718//718 717//717 
f 666//666 718//718 663//663 
f 666//666 664//664 718//718 
f 718//718 664//664 717//717 
f 719//719 720//720 724//724 
f 724//724 732//732 719//719 
f 719//719 732//732 729//729 
f 724//724 720//720 725//725 
f 725//725 720//720 721//721 
f 956//956 721//721 726//726 
f 726//726 721//721 722//722 
f 958//958 722//722 723//723 
f 735//735 958//958 723//723 
f 735//735 723//723 731//731 
f 724//724 727//727 732//732 
f 728//728 724//724 725//725 
f 961//961 957//957 959//959 
f 739//739 960//960 963//963 
f 727//727 724//724 728//728 
f 727//727 728//728 736//736 
f 960//960 739//739 962//962 
f 962//962 739//739 964//964 
f 729//729 732//732 730//730 
f 732//732 733//733 730//730 
f 730//730 733//733 745//745 
f 731//731 740//740 735//735 
f 733//733 732//732 734//734 
f 734//734 737//737 733//733 
f 736//736 737//737 734//734 
f 732//732 727//727 734//734 
f 736//736 734//734 727//727 
f 738//738 733//733 737//737 
f 736//736 965//965 737//737 
f 738//738 744//744 733//733 
f 733//733 744//744 745//745 
f 782//782 744//744 737//737 
f 738//738 737//737 744//744 
f 737//737 965//965 781//781 
f 737//737 781//781 782//782 
f 735//735 740//740 741//741 
f 739//739 963//963 966//966 
f 741//741 740//740 967//967 
f 746//746 742//742 680//680 
f 785//785 742//742 746//746 
f 741//741 967//967 970//970 
f 674//674 743//743 680//680 
f 680//680 743//743 746//746 
f 781//781 965//965 783//783 
f 748//748 785//785 746//746 
f 744//744 784//784 745//745 
f 780//780 741//741 970//970 
f 739//739 966//966 780//780 
f 783//783 739//739 780//780 
f 674//674 745//745 743//743 
f 745//745 793//793 743//743 
f 746//746 743//743 748//748 
f 785//785 748//748 803//803 
f 780//780 970//970 790//790 
f 784//784 796//796 745//745 
f 793//793 747//747 743//743 
f 796//796 971//971 745//745 
f 784//784 789//789 796//796 
f 743//743 747//747 748//748 
f 747//747 749//749 748//748 
f 748//748 750//750 803//803 
f 748//748 749//749 750//750 
f 793//793 968//968 747//747 
f 968//968 793//793 751//751 
f 969//969 752//752 749//749 
f 749//749 752//752 750//750 
f 969//969 755//755 752//752 
f 750//750 752//752 803//803 
f 793//793 800//800 751//751 
f 751//751 800//800 755//755 
f 803//803 752//752 754//754 
f 755//755 753//753 752//752 
f 754//754 752//752 753//753 
f 755//755 758//758 753//753 
f 755//755 756//756 757//757 
f 800//800 756//756 755//755 
f 808//808 756//756 972//972 
f 754//754 753//753 761//761 
f 761//761 803//803 754//754 
f 753//753 758//758 761//761 
f 758//758 681//681 761//761 
f 757//757 758//758 755//755 
f 803//803 761//761 760//760 
f 758//758 764//764 762//762 
f 758//758 762//762 681//681 
f 764//764 758//758 757//757 
f 756//756 759//759 757//757 
f 756//756 767//767 759//759 
f 808//808 767//767 756//756 
f 757//757 759//759 764//764 
f 761//761 766//766 760//760 
f 760//760 766//766 769//769 
f 681//681 763//763 761//761 
f 766//766 761//761 763//763 
f 811//811 767//767 808//808 
f 811//811 814//814 768//768 
f 767//767 811//811 768//768 
f 765//765 766//766 763//763 
f 767//767 683//683 759//759 
f 820//820 768//768 815//815 
f 768//768 770//770 698//698 
f 820//820 770//770 768//768 
f 820//820 773//773 770//770 
f 822//822 769//769 775//775 
f 819//819 772//772 773//773 
f 698//698 770//770 713//713 
f 773//773 774//774 770//770 
f 821//821 771//771 823//823 
f 771//771 821//821 822//822 
f 772//772 823//823 771//771 
f 778//778 774//774 773//773 
f 772//772 778//778 773//773 
f 772//772 771//771 777//777 
f 713//713 770//770 774//774 
f 772//772 777//777 778//778 
f 775//775 776//776 822//822 
f 776//776 771//771 822//822 
f 663//663 776//776 775//775 
f 779//779 778//778 777//777 
f 771//771 776//776 779//779 
f 779//779 776//776 663//663 
f 779//779 777//777 771//771 
f 774//774 778//778 716//716 
f 784//784 744//744 782//782 
f 782//782 781//781 787//787 
f 788//788 782//782 787//787 
f 784//784 782//782 788//788 
f 786//786 783//783 780//780 
f 786//786 780//780 790//790 
f 781//781 783//783 791//791 
f 783//783 786//786 791//791 
f 781//781 791//791 787//787 
f 787//787 791//791 792//792 
f 789//789 784//784 788//788 
f 787//787 795//795 788//788 
f 788//788 794//794 789//789 
f 787//787 792//792 795//795 
f 788//788 795//795 794//794 
f 797//797 791//791 786//786 
f 794//794 801//801 789//789 
f 801//801 796//796 789//789 
f 801//801 794//794 827//827 
f 790//790 970//970 803//803 
f 799//799 786//786 790//790 
f 786//786 799//799 797//797 
f 791//791 798//798 792//792 
f 797//797 798//798 791//791 
f 795//795 827//827 794//794 
f 795//795 825//825 827//827 
f 797//797 826//826 798//798 
f 796//796 972//972 971//971 
f 796//796 801//801 802//802 
f 806//806 801//801 827//827 
f 790//790 803//803 804//804 
f 790//790 804//804 799//799 
f 826//826 797//797 799//799 
f 804//804 805//805 799//799 
f 827//827 829//829 806//806 
f 801//801 806//806 802//802 
f 808//808 972//972 796//796 
f 803//803 812//812 804//804 
f 808//808 796//796 802//802 
f 806//806 807//807 802//802 
f 808//808 802//802 811//811 
f 802//802 807//807 811//811 
f 809//809 807//807 806//806 
f 809//809 806//806 829//829 
f 804//804 812//812 805//805 
f 803//803 760//760 812//812 
f 814//814 807//807 809//809 
f 829//829 810//810 809//809 
f 814//814 811//811 807//807 
f 760//760 769//769 812//812 
f 812//812 769//769 805//805 
f 805//805 769//769 816//816 
f 816//816 830//830 805//805 
f 830//830 816//816 813//813 
f 831//831 830//830 813//813 
f 813//813 810//810 831//831 
f 814//814 809//809 815//815 
f 815//815 768//768 814//814 
f 816//816 769//769 822//822 
f 816//816 822//822 821//821 
f 816//816 821//821 813//813 
f 809//809 817//817 815//815 
f 809//809 810//810 817//817 
f 813//813 821//821 818//818 
f 818//818 810//810 813//813 
f 819//819 815//815 817//817 
f 815//815 819//819 820//820 
f 810//810 818//818 817//817 
f 819//819 817//817 824//824 
f 820//820 819//819 773//773 
f 817//817 818//818 824//824 
f 818//818 823//823 824//824 
f 823//823 818//818 821//821 
f 819//819 824//824 772//772 
f 824//824 823//823 772//772 
f 795//795 792//792 825//825 
f 792//792 798//798 825//825 
f 829//829 827//827 825//825 
f 798//798 828//828 825//825 
f 798//798 826//826 828//828 
f 828//828 829//829 825//825 
f 826//826 830//830 828//828 
f 805//805 826//826 799//799 
f 830//830 826//826 805//805 
f 828//828 831//831 829//829 
f 828//828 830//830 831//831 
f 829//829 831//831 810//810 
